cultivo,fase,columna,revision_humana,revision_documental,accion
Maíz,EST,F,≥2d,≥2d: inclusión; severidad en cita deTabla2,Conservar ambas; no sobrescribir silenciosamente la revisión humana.
Maíz,EST,I,Li et al. 2025a,"Li et al. (2025), European Journal of Agronomy",Conservar ambas; no sobrescribir silenciosamente la revisión humana.
Maíz,EST,J,Validar transferencia regional; ventana siembra–emergencia.,"Validar transferencia regional; ventana siembra–emergencia.
Revisión documental: ≥2d es inclusión de episodios, NO categoría leve. Los rangos decimales de Tabla2 se conservan sin redondear; requieren decisión para días enteros. ",Conservar ambas; no sobrescribir silenciosamente la revisión humana.
Maíz,VEG,F,≥2d,≥2d: inclusión; severidad en cita deTabla2,Conservar ambas; no sobrescribir silenciosamente la revisión humana.
Maíz,VEG,I,Li et al. 2025a,"Li et al. (2025), European Journal of Agronomy",Conservar ambas; no sobrescribir silenciosamente la revisión humana.
Maíz,VEG,J,"Regla de la subfase V6–VT, contenida en VEG. Se considera definida para VEG; aplicar el corte solo a esa subfase.","Regla de la subfase V6–VT, contenida en VEG. Se considera definida para VEG; aplicar el corte solo a esa subfase.
Revisión documental: ≥2d es inclusión de episodios, NO categoría leve. Los rangos decimales de Tabla2 se conservan sin redondear; requieren decisión para días enteros. ",Conservar ambas; no sobrescribir silenciosamente la revisión humana.
Maíz,REP,F,≥2d en ventana fuente,≥2d: inclusión; severidad en cita deTabla2,Conservar ambas; no sobrescribir silenciosamente la revisión humana.
Maíz,REP,I,Li et al. (2025b),"Li et al. (2025), Agronomy",Conservar ambas; no sobrescribir silenciosamente la revisión humana.
Maíz,REP,J,Definida por el criterio acordado para ventanas al límite. La fuente estima el corte para R1–R3; no es un corte exclusivo de REP.,"Definida por el criterio acordado para ventanas al límite. La fuente estima el corte para R1–R3; no es un corte exclusivo de REP.
Revisión documental: ≥2d es inclusión de episodios, NO categoría leve. Los rangos decimales de Tabla2 se conservan sin redondear; requieren decisión para días enteros. R1–R3 cruza FLO/REP/FIL; no es umbral independiente para cada macrofase. ",Conservar ambas; no sobrescribir silenciosamente la revisión humana.
Maíz,FLO,F,≥2d en ventana fuente,≥2d: inclusión; severidad en cita deTabla2,Conservar ambas; no sobrescribir silenciosamente la revisión humana.
Maíz,FLO,I,Li et al. (2025b),"Li et al. (2025), Agronomy",Conservar ambas; no sobrescribir silenciosamente la revisión humana.
Maíz,FLO,J,Regla definida aunque la ventana de la fuente abarque fases vecinas; no se exige un umbral exclusivo para toda FLO.,"Regla definida aunque la ventana de la fuente abarque fases vecinas; no se exige un umbral exclusivo para toda FLO.
Revisión documental: ≥2d es inclusión de episodios, NO categoría leve. Los rangos decimales de Tabla2 se conservan sin redondear; requieren decisión para días enteros. R1–R3 cruza FLO/REP/FIL; no es umbral independiente para cada macrofase. ",Conservar ambas; no sobrescribir silenciosamente la revisión humana.
Maíz,FIL,F,≥2d,≥2d: inclusión; severidad en cita deTabla2,Conservar ambas; no sobrescribir silenciosamente la revisión humana.
Maíz,FIL,I,Li et al. (2025b),"Li et al. (2025), Agronomy",Conservar ambas; no sobrescribir silenciosamente la revisión humana.
Maíz,FIL,J,"Regla R3–R6, contenida en FIL. Se considera definida para FIL aunque no cubra R2; aplicar solo a la ventana respaldada.","Regla R3–R6, contenida en FIL. Se considera definida para FIL aunque no cubra R2; aplicar solo a la ventana respaldada.
Revisión documental: ≥2d es inclusión de episodios, NO categoría leve. Los rangos decimales de Tabla2 se conservan sin redondear; requieren decisión para días enteros. Se conserva32.7 de Agronomy; fuente original citada publica32.9. Discrepancia por revisar, sin promediar ni corregir silenciosamente.",Conservar ambas; no sobrescribir silenciosamente la revisión humana.
Maíz,MAT,J,"Parte terminal de MAT, después de R6. Indicador regional, no mínimo universal de daño. Tabla usa >10 mm; resumen usa ≥10. Aplicar calendario local, no copiar octubre/noviembre.","Parte terminal de MAT, después de R6. Indicador regional, no mínimo universal de daño. Tabla usa >10 mm; resumen usa ≥10. Aplicar calendario local, no copiar octubre/noviembre.
Revisión documental: El resumen usa≥10mm y Tabla2 usa>10mm. Se conserva definición de tabla. Drying/harvest se homologa a parte terminal deMAT; no copiar meses deMéxico.",Conservar ambas; no sobrescribir silenciosamente la revisión humana.
Arroz,EST,J,Regla de exposición definida por umbral y estadístico comparables. La fuente no publica duración mínima de daño; no atribuirle una.,"Regla de exposición definida por umbral y estadístico comparables. La fuente no publica duración mínima de daño; no atribuirle una.
Revisión documental: El operador> y la agrupación de episodios son decisiones operativas. No publica duración mínima para esta fila. Emergence/establishment→EST.",Conservar ambas; no sobrescribir silenciosamente la revisión humana.
Arroz,VEG,I,Jiang et al. 2023,Jiang et al. (2023),Conservar ambas; no sobrescribir silenciosamente la revisión humana.
Arroz,VEG,J,"Regla para macollamiento–encañado, dentro de VEG. Jiang2023 §2.5.2 define proceso con Tmax sobre el corte durante≥3d.","Regla para macollamiento–encañado, dentro de VEG. Jiang2023 §2.5.2 define proceso con Tmax sobre el corte durante≥3d.
Revisión documental: Macollamiento–encañado está dentro deVEG. >36 para proceso; no confundir Tmax conTmedia. Duración caracteriza proceso, no límite fisiológico universal.",Conservar ambas; no sobrescribir silenciosamente la revisión humana.
Arroz,REP,J,Regla definida para encañado–embuche aunque la ventana cruce el límite de VEG. Aplicable al arroz de una cosecha; mantener la ventana fuente.,"Regla definida para encañado–embuche aunque la ventana cruce el límite de VEG. Aplicable al arroz de una cosecha; mantener la ventana fuente.
Revisión documental: SoloSingle–rice. El umbral de temperatura y la duración tienen procedencia distinta. Jointing–booting cruza límiteVEG/REP; corroborar homologación.",Conservar ambas; no sobrescribir silenciosamente la revisión humana.
Arroz,FLO,J,Arroz de una cosecha; ventana espigado–floración y transferencia regional.,"Arroz de una cosecha; ventana espigado–floración y transferencia regional.
Revisión documental: SoloSingle–rice. El umbral de temperatura y la duración tienen procedencia distinta. Usar fechas de fase indicadas en fuente; no combinar automáticamente con arroz tardío.",Conservar ambas; no sobrescribir silenciosamente la revisión humana.
Arroz,FIL,J,Ventana desde día11tras espigado hasta madurez; transferencia regional.,"Ventana desde día11tras espigado hasta madurez; transferencia regional.
Revisión documental: SoloSingle–rice. El umbral de temperatura y la duración tienen procedencia distinta. Usar fechas de fase indicadas en fuente; no combinar automáticamente con arroz tardío.",Conservar ambas; no sobrescribir silenciosamente la revisión humana.
Arroz,MAT,J,Se acepta ripening como ventana de maduración al límite de FIL/MAT. Regla de exposición; la fuente no da duración mínima de daño. No extender a grano seco/cosecha.,"Se acepta ripening como ventana de maduración al límite de FIL/MAT. Regla de exposición; la fuente no da duración mínima de daño. No extender a grano seco/cosecha.
Revisión documental: El operador> y la agrupación de episodios son decisiones operativas. No publica duración mínima para esta fila. Ripening incluye llenado y maduración: ventana compartida, no umbral exclusivo para grano seco.",Conservar ambas; no sobrescribir silenciosamente la revisión humana.
Soya,EST,J,"Riesgo de helada, no mortalidad automática. La fuente utiliza mínimas diarias DAYMET en EE.UU. La intensidad, duración y respuesta varietal afectan daño; validar sesgo local de ERA5-Land.","Riesgo de helada, no mortalidad automática. La fuente utiliza mínimas diarias DAYMET en EE.UU. La intensidad, duración y respuesta varietal afectan daño; validar sesgo local de ERA5-Land.
Revisión documental: Día conTmin<0°C es exposición, no muerte automática; la fuente no define horas mínimas para0°C. Emergence→EST.",Conservar ambas; no sobrescribir silenciosamente la revisión humana.
Soya,VEG,J,"Tratamiento de aire en V4, 09:00–13:00 durante7d. Su transferencia al campo es aproximada. ≥45 es filtro analítico, no corte estimado por el paper. Datos horarios aproximan permanencia; no garantizan 4h continuas.","Tratamiento de aire en V4, 09:00–13:00 durante7d. Su transferencia al campo es aproximada. ≥45 es filtro analítico, no corte estimado por el paper. Datos horarios aproximan permanencia; no garantizan 4h continuas.
Revisión documental: ≥45°C es filtro propuesto por nosotros; el ensayo aplica45°C. No convertir aTmax diaria. V4→VEG; temperatura de cámara no equivale sin validación a aire2m en campo.",Conservar ambas; no sobrescribir silenciosamente la revisión humana.
Soya,REP,J,Aceptada por criterio de ventana limítrofe. El paper NO define una regla independiente para formación de vainas/R3–R4. Asignar preantesis a REP es homologación propuesta y debe corroborarse; no extender a toda REP.,"Aceptada por criterio de ventana limítrofe. El paper NO define una regla independiente para formación de vainas/R3–R4. Asignar preantesis a REP es homologación propuesta y debe corroborarse; no extender a toda REP.
Revisión documental: La asignación de preantesis aREP es propuesta nuestra; el paper no define regla independiente de formación de vainas. Debes revisar esa correspondencia. Teff>35 es inicio de reducción; a35 el factor diario sigue en1. No sustituirTeff porTmax.",Conservar ambas; no sobrescribir silenciosamente la revisión humana.
Soya,FLO,J,"Parámetros de PEGASUS, no corte universal observado en campo. Comparte fuente y ventana con REP. No aplicar35 °C directamente a Tmax ni Tmedia por separado.","Parámetros de PEGASUS, no corte universal observado en campo. Comparte fuente y ventana con REP. No aplicar35 °C directamente a Tmax ni Tmedia por separado.
Revisión documental: Antesis→FLO; comparte ventana conREP, no duplicar eventos. Teff>35 es inicio de reducción; a35 el factor diario sigue en1. No sustituirTeff porTmax.",Conservar ambas; no sobrescribir silenciosamente la revisión humana.
Soya,FIL,I,Weerasekara et al. 2021,Weerasekara et al. (2021),Conservar ambas; no sobrescribir silenciosamente la revisión humana.
Soya,FIL,J,Regla definida para FIL por inclusión de R6 y comparabilidad de la precipitación acumulada. Clasifica una ventana húmeda; no identifica episodios individuales de lluvia.,"Regla definida para FIL por inclusión de R6 y comparabilidad de la precipitación acumulada. Clasifica una ventana húmeda; no identifica episodios individuales de lluvia.
Revisión documental: R6–R8 es una sola ventana, compartida entreFIL/MAT. No usar100mm/día ni100mm por cada fase; no sumar ambas filas como2eventos.",Conservar ambas; no sobrescribir silenciosamente la revisión humana.
Soya,MAT,I,Weerasekara et al. 2021,Weerasekara et al. (2021),Conservar ambas; no sobrescribir silenciosamente la revisión humana.
Soya,MAT,J,Regla definida para MAT por el criterio acordado de ventana al límite. No sumar esta clasificación y la de FIL como dos eventos; no aplicar100mm solo a R8.,"Regla definida para MAT por el criterio acordado de ventana al límite. No sumar esta clasificación y la de FIL como dos eventos; no aplicar100mm solo a R8.
Revisión documental: R6–R8 es una sola ventana, compartida entreFIL/MAT. No usar100mm/día ni100mm por cada fase; no sumar ambas filas como2eventos.",Conservar ambas; no sobrescribir silenciosamente la revisión humana.
Trigo,EST,J,El apartado cita evidencia fisiológica para retraso de emergencia/bajo vigor; no es nueva calibración de daño. Más de2d significa≥3d. No extrapolar a todo el crecimiento vegetativo.,"El apartado cita evidencia fisiológica para retraso de emergencia/bajo vigor; no es nueva calibración de daño. Más de2d significa≥3d. No extrapolar a todo el crecimiento vegetativo.
Revisión documental: Más de2d→≥3d es interpretación aritmética. Retraso de emergencia/bajo vigor; no mortalidad universal. Comprobar temperatura del medio de germinación en fuenteoriginal antes de atribuirvalidaciónaire2m.",Conservar ambas; no sobrescribir silenciosamente la revisión humana.
Trigo,VEG,J,"Regla para jointing, subfase dentro de VEG: queda definida. Evaluar2h con datos horarios y conservar la limitación espacial de temperatura2m.","Regla para jointing, subfase dentro de VEG: queda definida. Evaluar2h con datos horarios y conservar la limitación espacial de temperatura2m.
Revisión documental: La tabla imprime°C redondeados; el valor°C de la regla convierte°F con mayorprecisión, no es otro umbral. Operador≤ y búsqueda de intervalos son decisionesoperativas. Verificar transferencia a campo y subfase.",Conservar ambas; no sobrescribir silenciosamente la revisión humana.
Trigo,REP,J,"Regla para heading, subfase dentro de REP: queda definida. El corte de boot es distinto; no extender automáticamente30°F a todas las subfases.","Regla para heading, subfase dentro de REP: queda definida. El corte de boot es distinto; no extender automáticamente30°F a todas las subfases.
Revisión documental: La tabla imprime°C redondeados; el valor°C de la regla convierte°F con mayorprecisión, no es otro umbral. Operador≤ y búsqueda de intervalos son decisionesoperativas. Verificar transferencia a campo y subfase.",Conservar ambas; no sobrescribir silenciosamente la revisión humana.
Trigo,FLO,J,Validar aire2m respecto a temperatura real de campo y transferencia de Kansas.,"Validar aire2m respecto a temperatura real de campo y transferencia de Kansas.
Revisión documental: La tabla imprime°C redondeados; el valor°C de la regla convierte°F con mayorprecisión, no es otro umbral. Operador≤ y búsqueda de intervalos son decisionesoperativas. Verificar transferencia a campo y subfase.",Conservar ambas; no sobrescribir silenciosamente la revisión humana.
Trigo,FIL,J,"Regla para milk/dough, subfases dentro de FIL: queda definida. No extender después de madurez fisiológica; validar la temperatura local.","Regla para milk/dough, subfases dentro de FIL: queda definida. No extender después de madurez fisiológica; validar la temperatura local.
Revisión documental: La tabla imprime°C redondeados; el valor°C de la regla convierte°F con mayorprecisión, no es otro umbral. Operador≤ y búsqueda de intervalos son decisionesoperativas. Verificar transferencia a campo y subfase.",Conservar ambas; no sobrescribir silenciosamente la revisión humana.
Trigo,MAT,J,"Efecto medido: longevidad de semilla, con posible recuperación. No hubo germinación precosecha.25mm no es mínimo universal de daño. Transferencia al campo y filtro≥ son decisiones analíticas.","Efecto medido: longevidad de semilla, con posible recuperación. No hubo germinación precosecha.25mm no es mínimo universal de daño. Transferencia al campo y filtro≥ son decisiones analíticas.
Revisión documental: No hubo germinaciónprecosecha. Amenaza medida: longevidad de semilla, con recuperaciónposible. No sustituir2×25mm por50mm en1día.",Conservar ambas; no sobrescribir silenciosamente la revisión humana.
