cultivo,fase,amenaza,variable_estadistico,umbral,duracion,conteo_eventos,estado,fuente,limites,auditoria,fragmento_literal,ubicacion,fuentes_por_componente,nota_revision_documental,duracion_revision_documental,version,estado_revision
Maíz,EST,Calor,Tmax diaria del aire,≥34°C,≥2d,Racha continua≥2d =1evento,REGLA DEFINIDA,Li et al. 2025a,Validar transferencia regional; ventana siembra–emergencia.,Auditoría fila68,"FASE Y UMBRAL — Li et al. (2025), European Journal of Agronomy (cita literal):
The Youden index peaked at 34 ◦ C, 34.1 ◦ C, 34.6 ◦ C, and 34.8 ◦ C for the V0-VE, VE-V6, V6-VT, and VT-R1 growth stages ( Fig. S4 ), respectively, under the test thresholds of 32 – 35 ◦ C and 33.3 – 35.4 ◦ C ( Fig. 5 a, b, d, e). Simi - larly, the Youden index reached its maximum at 33.7 ◦ C for the R1-R3 stage and at 32.9 ◦ C for the R3-R6 growth stage under the test thresh - olds of 32 – 35 ◦ C and 31.7 – 33.8 ◦ C, respectively ( Fig. 5 c, f). Therefore, the T d max values of 34, 34.1, 34.6, 34.8, 33.7, and 32.9 °C were considered the optimal trigger thresholds for determining whether heat damage occurs in summer maize at different growth stages from V0 to R6.

DURACIÓN DE INCLUSIÓN — Li et al. (2025), Agronomy (cita literal):
In this study, we focused on heat damage events lasting two days or more, which were temporally aggregated according to different growth stages (V0, VE, V6, VT, R1, R3, and R6).

SEVERIDAD: transcripción de Tabla2 — Li et al. (2025), Agronomy (cita literal):
The Growth Stages of Summer Maize | Mild/d | Moderate/d | Severe/d
V0–VE | 2.5~4.7 | 4.7~7.7 | >7.7","Umbral: main.pdf, PDF p.8 §3.2 y p.3 Tabla1/§2.2.3; duración: Agronomy PDF p.4 §2.3.2; severidad: PDF p.7 Tabla2. FIL: comparar main.pdf p.8.","Umbral/fase: Li, EJA2025. Duración≥2d y severidad: Li, Agronomy2025. Agronomy cita refs9 y37 para umbrales; ref37 es EJA.","Validar transferencia regional; ventana siembra–emergencia.
Revisión documental: ≥2d es inclusión de episodios, NO categoría leve. Los rangos decimales de Tabla2 se conservan sin redondear; requieren decisión para días enteros. ",≥2d: inclusión; severidad en cita deTabla2,2026-10-07,pendiente_corroboracion_humana
Maíz,VEG,Calor,Tmax diaria del aire,≥34.6°C,≥2d,Rachas≥2d durante V6–VT,REGLA DEFINIDA,Li et al. 2025a,"Regla de la subfase V6–VT, contenida en VEG. Se considera definida para VEG; aplicar el corte solo a esa subfase.",Auditoría fila70,"FASE Y UMBRAL — Li et al. (2025), European Journal of Agronomy (cita literal):
The Youden index peaked at 34 ◦ C, 34.1 ◦ C, 34.6 ◦ C, and 34.8 ◦ C for the V0-VE, VE-V6, V6-VT, and VT-R1 growth stages ( Fig. S4 ), respectively, under the test thresholds of 32 – 35 ◦ C and 33.3 – 35.4 ◦ C ( Fig. 5 a, b, d, e). Simi - larly, the Youden index reached its maximum at 33.7 ◦ C for the R1-R3 stage and at 32.9 ◦ C for the R3-R6 growth stage under the test thresh - olds of 32 – 35 ◦ C and 31.7 – 33.8 ◦ C, respectively ( Fig. 5 c, f). Therefore, the T d max values of 34, 34.1, 34.6, 34.8, 33.7, and 32.9 °C were considered the optimal trigger thresholds for determining whether heat damage occurs in summer maize at different growth stages from V0 to R6.

DURACIÓN DE INCLUSIÓN — Li et al. (2025), Agronomy (cita literal):
In this study, we focused on heat damage events lasting two days or more, which were temporally aggregated according to different growth stages (V0, VE, V6, VT, R1, R3, and R6).

SEVERIDAD: transcripción de Tabla2 — Li et al. (2025), Agronomy (cita literal):
The Growth Stages of Summer Maize | Mild/d | Moderate/d | Severe/d
V6–VT | 3.5~5.4 | 5.4~7.5 | >7.5","Umbral: main.pdf, PDF p.8 §3.2 y p.3 Tabla1/§2.2.3; duración: Agronomy PDF p.4 §2.3.2; severidad: PDF p.7 Tabla2. FIL: comparar main.pdf p.8.","Umbral/fase: Li, EJA2025. Duración≥2d y severidad: Li, Agronomy2025. Agronomy cita refs9 y37 para umbrales; ref37 es EJA.","Regla de la subfase V6–VT, contenida en VEG. Se considera definida para VEG; aplicar el corte solo a esa subfase.
Revisión documental: ≥2d es inclusión de episodios, NO categoría leve. Los rangos decimales de Tabla2 se conservan sin redondear; requieren decisión para días enteros. ",≥2d: inclusión; severidad en cita deTabla2,2026-10-07,pendiente_corroboracion_humana
Maíz,REP,Calor,Tmax diaria del aire,Tmax ≥33.7°C,≥2d en ventana fuente,Rachas≥2d en el tramo de cuajado dentro de R1–R3. Contar el episodio una sola vez.,REGLA DEFINIDA,Li et al. (2025b),Definida por el criterio acordado para ventanas al límite. La fuente estima el corte para R1–R3; no es un corte exclusivo de REP.,Auditoría fila89,"FASE Y UMBRAL — Li et al. (2025), Agronomy (cita literal):
Previous studies have identified different growth stages of summer maize and their corresponding heat stress thresholds: the sowing-to-emergence stage (early to mid-June), emergence-to-jointing stage (late June to mid-July), jointing-to- tasseling stage (mid to late July), tasseling-to-flowering stage (early August), flowering- to-milk-ripening stage (mid to late August), and milk-ripening-to-physiological-maturity stage (early to late September). The heat damage thresholds for these respective growth stages were determined as Td max ≥ 34 ◦C, 34.1 ◦C, 34.6 ◦C, 34.8 ◦C, 33.7 ◦C, and 32.7 ◦C [9,37].

DURACIÓN DE INCLUSIÓN — Li et al. (2025), Agronomy (cita literal):
In this study, we focused on heat damage events lasting two days or more, which were temporally aggregated according to different growth stages (V0, VE, V6, VT, R1, R3, and R6).

SEVERIDAD: transcripción de Tabla2 — Li et al. (2025), Agronomy (cita literal):
The Growth Stages of Summer Maize | Mild/d | Moderate/d | Severe/d
R1–R3 | 2.8~4.7 | 4.7~8.3 | >8.3","Umbral: agronomy-15-01545.pdf, PDF p.4 §2.3.1; duración: Agronomy PDF p.4 §2.3.2; severidad: PDF p.7 Tabla2. FIL: comparar main.pdf p.8.","Valor usado y duración: Li, Agronomy2025 §2.3.1–2.3.2. Umbrales atribuidos a refs9 y37; ref37 es Li, EJA2025. Ambos PDFs disponibles.","Definida por el criterio acordado para ventanas al límite. La fuente estima el corte para R1–R3; no es un corte exclusivo de REP.
Revisión documental: ≥2d es inclusión de episodios, NO categoría leve. Los rangos decimales de Tabla2 se conservan sin redondear; requieren decisión para días enteros. R1–R3 cruza FLO/REP/FIL; no es umbral independiente para cada macrofase. ",≥2d: inclusión; severidad en cita deTabla2,2026-10-07,pendiente_corroboracion_humana
Maíz,FLO,Calor,Tmax diaria del aire,"≥33.7°C, ventana amplia",≥2d en ventana fuente,Rachas≥2d en la ventana R1–R3; conservar fechas de floración y no duplicar el mismo episodio en REP/FIL.,REGLA DEFINIDA,Li et al. (2025b),Regla definida aunque la ventana de la fuente abarque fases vecinas; no se exige un umbral exclusivo para toda FLO.,Auditoría fila89,"FASE Y UMBRAL — Li et al. (2025), Agronomy (cita literal):
Previous studies have identified different growth stages of summer maize and their corresponding heat stress thresholds: the sowing-to-emergence stage (early to mid-June), emergence-to-jointing stage (late June to mid-July), jointing-to- tasseling stage (mid to late July), tasseling-to-flowering stage (early August), flowering- to-milk-ripening stage (mid to late August), and milk-ripening-to-physiological-maturity stage (early to late September). The heat damage thresholds for these respective growth stages were determined as Td max ≥ 34 ◦C, 34.1 ◦C, 34.6 ◦C, 34.8 ◦C, 33.7 ◦C, and 32.7 ◦C [9,37].

DURACIÓN DE INCLUSIÓN — Li et al. (2025), Agronomy (cita literal):
In this study, we focused on heat damage events lasting two days or more, which were temporally aggregated according to different growth stages (V0, VE, V6, VT, R1, R3, and R6).

SEVERIDAD: transcripción de Tabla2 — Li et al. (2025), Agronomy (cita literal):
The Growth Stages of Summer Maize | Mild/d | Moderate/d | Severe/d
R1–R3 | 2.8~4.7 | 4.7~8.3 | >8.3","Umbral: agronomy-15-01545.pdf, PDF p.4 §2.3.1; duración: Agronomy PDF p.4 §2.3.2; severidad: PDF p.7 Tabla2. FIL: comparar main.pdf p.8.","Valor usado y duración: Li, Agronomy2025 §2.3.1–2.3.2. Umbrales atribuidos a refs9 y37; ref37 es Li, EJA2025. Ambos PDFs disponibles.","Regla definida aunque la ventana de la fuente abarque fases vecinas; no se exige un umbral exclusivo para toda FLO.
Revisión documental: ≥2d es inclusión de episodios, NO categoría leve. Los rangos decimales de Tabla2 se conservan sin redondear; requieren decisión para días enteros. R1–R3 cruza FLO/REP/FIL; no es umbral independiente para cada macrofase. ",≥2d: inclusión; severidad en cita deTabla2,2026-10-07,pendiente_corroboracion_humana
Maíz,FIL,Calor,Tmax diaria del aire,≥32.7°C,≥2d,Rachas≥2d durante R3–R6,REGLA DEFINIDA,Li et al. (2025b),"Regla R3–R6, contenida en FIL. Se considera definida para FIL aunque no cubra R2; aplicar solo a la ventana respaldada.",Auditoría fila90,"FASE Y UMBRAL — Li et al. (2025), Agronomy (cita literal):
Previous studies have identified different growth stages of summer maize and their corresponding heat stress thresholds: the sowing-to-emergence stage (early to mid-June), emergence-to-jointing stage (late June to mid-July), jointing-to- tasseling stage (mid to late July), tasseling-to-flowering stage (early August), flowering- to-milk-ripening stage (mid to late August), and milk-ripening-to-physiological-maturity stage (early to late September). The heat damage thresholds for these respective growth stages were determined as Td max ≥ 34 ◦C, 34.1 ◦C, 34.6 ◦C, 34.8 ◦C, 33.7 ◦C, and 32.7 ◦C [9,37].

DURACIÓN DE INCLUSIÓN — Li et al. (2025), Agronomy (cita literal):
In this study, we focused on heat damage events lasting two days or more, which were temporally aggregated according to different growth stages (V0, VE, V6, VT, R1, R3, and R6).

SEVERIDAD: transcripción de Tabla2 — Li et al. (2025), Agronomy (cita literal):
The Growth Stages of Summer Maize | Mild/d | Moderate/d | Severe/d
R3–R6 | 3.2~5.3 | 5.3~8.1 | >8.1

VALOR DISTINTO EN LA FUENTE CITADA — Li et al. (2025), European Journal of Agronomy (cita literal):
The Youden index peaked at 34 ◦ C, 34.1 ◦ C, 34.6 ◦ C, and 34.8 ◦ C for the V0-VE, VE-V6, V6-VT, and VT-R1 growth stages ( Fig. S4 ), respectively, under the test thresholds of 32 – 35 ◦ C and 33.3 – 35.4 ◦ C ( Fig. 5 a, b, d, e). Simi - larly, the Youden index reached its maximum at 33.7 ◦ C for the R1-R3 stage and at 32.9 ◦ C for the R3-R6 growth stage under the test thresh - olds of 32 – 35 ◦ C and 31.7 – 33.8 ◦ C, respectively ( Fig. 5 c, f). Therefore, the T d max values of 34, 34.1, 34.6, 34.8, 33.7, and 32.9 °C were considered the optimal trigger thresholds for determining whether heat damage occurs in summer maize at different growth stages from V0 to R6.","Umbral: agronomy-15-01545.pdf, PDF p.4 §2.3.1; duración: Agronomy PDF p.4 §2.3.2; severidad: PDF p.7 Tabla2. FIL: comparar main.pdf p.8.","Valor usado y duración: Li, Agronomy2025 §2.3.1–2.3.2. Umbrales atribuidos a refs9 y37; ref37 es Li, EJA2025. Ambos PDFs disponibles.","Regla R3–R6, contenida en FIL. Se considera definida para FIL aunque no cubra R2; aplicar solo a la ventana respaldada.
Revisión documental: ≥2d es inclusión de episodios, NO categoría leve. Los rangos decimales de Tabla2 se conservan sin redondear; requieren decisión para días enteros. Se conserva32.7 de Agronomy; fuente original citada publica32.9. Discrepancia por revisar, sin promediar ni corregir silenciosamente.",≥2d: inclusión; severidad en cita deTabla2,2026-10-07,pendiente_corroboracion_humana
Maíz,MAT,Lluvia durante secado en campo,Precipitación total diaria (mm/día),P diaria >10 mm,Un día; sin mínimo de racha publicado,Contar días con P>10 mm en secado previo a cosecha. Episodios: agrupar consecutivos solo como convención declarada.,REGLA DEFINIDA · indicador,Ortega Gómez et al. (2019),"Parte terminal de MAT, después de R6. Indicador regional, no mínimo universal de daño. Tabla usa >10 mm; resumen usa ≥10. Aplicar calendario local, no copiar octubre/noviembre.",Nueva: Auditoría fila109; anterior: fila107,"UMBRAL DIARIO: celda de Tabla2 — Ortega Gómez et al. (2019) (cita literal):
Number of wet days with precipitation higher than 10 mm for the month of October.

FASE: etiquetas de Tabla2 y Fig.2 — Ortega Gómez et al. (2019) (cita literal):
Dry","Ortega_2019.pdf, PDF p.11 (impresa36), Fig.2 y Tabla2, WDH10oct/nov; discusión p.15.",Indicador definido por los autores en Tabla2. No proviene de otro umbral citado. Fig.2 sitúa secado/cosecha después deR6.,"Parte terminal de MAT, después de R6. Indicador regional, no mínimo universal de daño. Tabla usa >10 mm; resumen usa ≥10. Aplicar calendario local, no copiar octubre/noviembre.
Revisión documental: El resumen usa≥10mm y Tabla2 usa>10mm. Se conserva definición de tabla. Drying/harvest se homologa a parte terminal deMAT; no copiar meses deMéxico.",Un día; sin mínimo de racha publicado,2026-10-07,pendiente_corroboracion_humana
Arroz,EST,Calor,Tmedia diaria del aire,>35°C,Diaria; sin duración mínima publicada,Contar días con Tmedia>35°C durante emergencia/establecimiento. Agrupar días consecutivos solo si se declara ese criterio operativo.,REGLA DEFINIDA,"Yoshida (1981), Fundamentals of Rice Crop Science",Regla de exposición definida por umbral y estadístico comparables. La fuente no publica duración mínima de daño; no atribuirle una.,Auditoría fila91,"UMBRAL: transcripción de celdas de Tabla2.4 — Yoshida (1981), Fundamentals of Rice Crop Science (cita literal):
Seedling emergence and establishment
High
35

ESTADÍSTICO Y FUENTE: notas de Tabla2.4 — Yoshida (1981), Fundamentals of Rice Crop Science (cita literal):
Adapted and modified from Yoshida (1977a). b Refers to daily mean temperature except for germination.

ALCANCE DEL UMBRAL — Yoshida (1981), Fundamentals of Rice Crop Science (cita literal):
The critically low and high temperatures, normally below 20°C and above 30°C, vary from one growth stage to another (Table 2.4). These critical temperatures differ according to variety, duration of critical temperature, diurnal changes, and physiological status of the plant.","Yoshida_1981.pdf, PDF p.80 (impresa72), Tabla2.4, columnaHigh y notas a/b. No existe párrafo con35/30 para estas filas: son celdas de tabla.","Yoshida1981 adapta Tabla2.4 de Yoshida1977a, según nota a. Documento1977a no está en carpeta y no se verificó directamente. Estadístico: nota b.","Regla de exposición definida por umbral y estadístico comparables. La fuente no publica duración mínima de daño; no atribuirle una.
Revisión documental: El operador> y la agrupación de episodios son decisiones operativas. No publica duración mínima para esta fila. Emergence/establishment→EST.",Diaria; sin duración mínima publicada,2026-10-07,pendiente_corroboracion_humana
Arroz,VEG,Calor,Tmax diaria del aire,Tmax >36°C,"≥3d, definición de proceso",Rachas≥3d en macollamiento–encañado,REGLA DEFINIDA,Jiang et al. 2023,"Regla para macollamiento–encañado, dentro de VEG. Jiang2023 §2.5.2 define proceso con Tmax sobre el corte durante≥3d.",Auditoría fila75,"FASE, ESTADÍSTICO Y UMBRAL — Jiang et al. (2023) (cita literal):
Critical temperature thresholds of T max at tillering–jointing, booting, flowering and filling were quantified as 36, 35, 35 and 38 ◦C, with higher IF values of 13.14, 10.93, 17.15 and 13.15, respectively.

DURACIÓN DEL PROCESO — Jiang et al. (2023) (cita literal):
Generally speaking, most domestic studies consider a heat process where the maximum air temper‐ ature exceeds the critical threshold for at least 3 days.","agronomy-13-02574.pdf, PDF p.1 Abstract; p.7 §2.5.2; p.17 Conclusions.","Umbral36°C estimado por Jiang2023. Duración≥3d: definición de proceso en §2.5.2, atribuida de forma general a estudios nacionales.","Regla para macollamiento–encañado, dentro de VEG. Jiang2023 §2.5.2 define proceso con Tmax sobre el corte durante≥3d.
Revisión documental: Macollamiento–encañado está dentro deVEG. >36 para proceso; no confundir Tmax conTmedia. Duración caracteriza proceso, no límite fisiológico universal.","≥3d, definición de proceso",2026-10-07,pendiente_corroboracion_humana
Arroz,REP,Calor,Tmedia diaria del aire,≥33°C,≥1d,Días de excedencia; agrupar consecutivos para episodios declarando criterio,REGLA DEFINIDA,Sun et al. (2025),Regla definida para encañado–embuche aunque la ventana cruce el límite de VEG. Aplicable al arroz de una cosecha; mantener la ventana fuente.,Auditoría fila93,"DEFINICIÓN DE FASES — Sun et al. (2025) (cita literal):
Three growth stages that were most susceptible to extreme stress were considered in this study: jointing–booting stage (#1), heading–flowering stage (#2) and grain filling stage (#3). The jointing–booting stage refers to the period from the first day of jointing to the last day before heading. The heading–flowering stage refers to the period from heading to flowering and generally lasts for 10 d. The grain filling stage refers to the period from the 11th day after heading to ma- turity. The exact dates of the different stages were obtained from phenological records for each year and station.

VARIABLE Y CORTE — Sun et al. (2025) (cita literal):
Following this concept, heat stress (H) sever- itySH,g,t at a given growth stage (g) in a given year (t) that meets the condition can be computed by the cumulative de- viation of mean daily temperature ( T ) above its threshold (Tbase) for all the days ( i) within this stage. We used 33 °C as the base temperature (Table 1) in Eq. (1).

DURACIÓN: celdas de Tabla1 — Sun et al. (2025) (cita literal):
Single–rice
Heat
T ≥ 33 °C
≥ 1 successive day

PROCEDENCIA DE LOS UMBRALES — Sun et al. (2025) (cita literal):
Note: The above thresholds are referenced from<NY/T 2915–2016>, Identification and classification of heat injury of rice;<NY/T 3043–2016>, Code of practice for field investigations and classification of rice seasonal drought stressess in southern–China;<NY/T 2285–2012>, Technical specification of field investigations and the grading of chilling damage to rice and;<DB5101/T 125–2021>, Indica rice weather stress level–continuous rain. NY/T is the Agricultural Information Resource Classification and Coding Specification in China. DB5101/T is the Local Standard of Chengdu, Sichuan Province. Thresholds for duration were relaxed from original standards to ensure adequate samples for later analyses.","esd-16-1971-2025.pdf, PDF p.4 (1974), §2.3.1–2.3.2; PDF p.5 (1975), Tabla1 y nota. Fila/grupo: Jointing–booting (#1).","33°C adoptado de estándares, incluidoNY/T2915–2016 (notaTabla1); duración relajada a≥1d por Sun2025. Normas originales no están en carpeta ni se verificaron directamente.","Regla definida para encañado–embuche aunque la ventana cruce el límite de VEG. Aplicable al arroz de una cosecha; mantener la ventana fuente.
Revisión documental: SoloSingle–rice. El umbral de temperatura y la duración tienen procedencia distinta. Jointing–booting cruza límiteVEG/REP; corroborar homologación.",≥1d,2026-10-07,pendiente_corroboracion_humana
Arroz,FLO,Calor,Tmedia diaria del aire,≥33°C,≥1d,Días de excedencia; racha continua según criterio declarado,REGLA DEFINIDA,Sun et al. (2025),Arroz de una cosecha; ventana espigado–floración y transferencia regional.,Auditoría fila94,"DEFINICIÓN DE FASES — Sun et al. (2025) (cita literal):
Three growth stages that were most susceptible to extreme stress were considered in this study: jointing–booting stage (#1), heading–flowering stage (#2) and grain filling stage (#3). The jointing–booting stage refers to the period from the first day of jointing to the last day before heading. The heading–flowering stage refers to the period from heading to flowering and generally lasts for 10 d. The grain filling stage refers to the period from the 11th day after heading to ma- turity. The exact dates of the different stages were obtained from phenological records for each year and station.

VARIABLE Y CORTE — Sun et al. (2025) (cita literal):
Following this concept, heat stress (H) sever- itySH,g,t at a given growth stage (g) in a given year (t) that meets the condition can be computed by the cumulative de- viation of mean daily temperature ( T ) above its threshold (Tbase) for all the days ( i) within this stage. We used 33 °C as the base temperature (Table 1) in Eq. (1).

DURACIÓN: celdas de Tabla1 — Sun et al. (2025) (cita literal):
Single–rice
Heat
T ≥ 33 °C
≥ 1 successive day

PROCEDENCIA DE LOS UMBRALES — Sun et al. (2025) (cita literal):
Note: The above thresholds are referenced from<NY/T 2915–2016>, Identification and classification of heat injury of rice;<NY/T 3043–2016>, Code of practice for field investigations and classification of rice seasonal drought stressess in southern–China;<NY/T 2285–2012>, Technical specification of field investigations and the grading of chilling damage to rice and;<DB5101/T 125–2021>, Indica rice weather stress level–continuous rain. NY/T is the Agricultural Information Resource Classification and Coding Specification in China. DB5101/T is the Local Standard of Chengdu, Sichuan Province. Thresholds for duration were relaxed from original standards to ensure adequate samples for later analyses.","esd-16-1971-2025.pdf, PDF p.4 (1974), §2.3.1–2.3.2; PDF p.5 (1975), Tabla1 y nota. Fila/grupo: Heading–flowering (#2).","33°C adoptado de estándares, incluidoNY/T2915–2016 (notaTabla1); duración relajada a≥1d por Sun2025. Normas originales no están en carpeta ni se verificaron directamente.","Arroz de una cosecha; ventana espigado–floración y transferencia regional.
Revisión documental: SoloSingle–rice. El umbral de temperatura y la duración tienen procedencia distinta. Usar fechas de fase indicadas en fuente; no combinar automáticamente con arroz tardío.",≥1d,2026-10-07,pendiente_corroboracion_humana
Arroz,FIL,Calor,Tmedia diaria del aire,≥33°C,≥1d,Días de excedencia; racha continua según criterio declarado,REGLA DEFINIDA,Sun et al. (2025),Ventana desde día11tras espigado hasta madurez; transferencia regional.,Auditoría fila95,"DEFINICIÓN DE FASES — Sun et al. (2025) (cita literal):
Three growth stages that were most susceptible to extreme stress were considered in this study: jointing–booting stage (#1), heading–flowering stage (#2) and grain filling stage (#3). The jointing–booting stage refers to the period from the first day of jointing to the last day before heading. The heading–flowering stage refers to the period from heading to flowering and generally lasts for 10 d. The grain filling stage refers to the period from the 11th day after heading to ma- turity. The exact dates of the different stages were obtained from phenological records for each year and station.

VARIABLE Y CORTE — Sun et al. (2025) (cita literal):
Following this concept, heat stress (H) sever- itySH,g,t at a given growth stage (g) in a given year (t) that meets the condition can be computed by the cumulative de- viation of mean daily temperature ( T ) above its threshold (Tbase) for all the days ( i) within this stage. We used 33 °C as the base temperature (Table 1) in Eq. (1).

DURACIÓN: celdas de Tabla1 — Sun et al. (2025) (cita literal):
Single–rice
Heat
T ≥ 33 °C
≥ 1 successive day

PROCEDENCIA DE LOS UMBRALES — Sun et al. (2025) (cita literal):
Note: The above thresholds are referenced from<NY/T 2915–2016>, Identification and classification of heat injury of rice;<NY/T 3043–2016>, Code of practice for field investigations and classification of rice seasonal drought stressess in southern–China;<NY/T 2285–2012>, Technical specification of field investigations and the grading of chilling damage to rice and;<DB5101/T 125–2021>, Indica rice weather stress level–continuous rain. NY/T is the Agricultural Information Resource Classification and Coding Specification in China. DB5101/T is the Local Standard of Chengdu, Sichuan Province. Thresholds for duration were relaxed from original standards to ensure adequate samples for later analyses.","esd-16-1971-2025.pdf, PDF p.4 (1974), §2.3.1–2.3.2; PDF p.5 (1975), Tabla1 y nota. Fila/grupo: Grain filling (#3).","33°C adoptado de estándares, incluidoNY/T2915–2016 (notaTabla1); duración relajada a≥1d por Sun2025. Normas originales no están en carpeta ni se verificaron directamente.","Ventana desde día11tras espigado hasta madurez; transferencia regional.
Revisión documental: SoloSingle–rice. El umbral de temperatura y la duración tienen procedencia distinta. Usar fechas de fase indicadas en fuente; no combinar automáticamente con arroz tardío.",≥1d,2026-10-07,pendiente_corroboracion_humana
Arroz,MAT,Calor,Tmedia diaria del aire,>30°C,Diaria; sin duración mínima publicada,Contar días con Tmedia>30°C en ripening. Agrupar consecutivos solo como criterio operativo declarado.,REGLA DEFINIDA,"Yoshida (1981), Fundamentals of Rice Crop Science",Se acepta ripening como ventana de maduración al límite de FIL/MAT. Regla de exposición; la fuente no da duración mínima de daño. No extender a grano seco/cosecha.,Auditoría fila92,"UMBRAL: transcripción de celdas de Tabla2.4 — Yoshida (1981), Fundamentals of Rice Crop Science (cita literal):
Ripening
High
30

ESTADÍSTICO Y FUENTE: notas de Tabla2.4 — Yoshida (1981), Fundamentals of Rice Crop Science (cita literal):
Adapted and modified from Yoshida (1977a). b Refers to daily mean temperature except for germination.

ALCANCE DEL UMBRAL — Yoshida (1981), Fundamentals of Rice Crop Science (cita literal):
The critically low and high temperatures, normally below 20°C and above 30°C, vary from one growth stage to another (Table 2.4). These critical temperatures differ according to variety, duration of critical temperature, diurnal changes, and physiological status of the plant.","Yoshida_1981.pdf, PDF p.80 (impresa72), Tabla2.4, columnaHigh y notas a/b. No existe párrafo con35/30 para estas filas: son celdas de tabla.","Yoshida1981 adapta Tabla2.4 de Yoshida1977a, según nota a. Documento1977a no está en carpeta y no se verificó directamente. Estadístico: nota b.","Se acepta ripening como ventana de maduración al límite de FIL/MAT. Regla de exposición; la fuente no da duración mínima de daño. No extender a grano seco/cosecha.
Revisión documental: El operador> y la agrupación de episodios son decisiones operativas. No publica duración mínima para esta fila. Ripening incluye llenado y maduración: ventana compartida, no umbral exclusivo para grano seco.",Diaria; sin duración mínima publicada,2026-10-07,pendiente_corroboracion_humana
Soya,EST,Helada en emergencia,Temperatura mínima diaria del aire a 2 m,Tmin <0 °C,Diaria; sin horas mínimas de daño publicadas,Contar días con Tmin<0 °C después de emergencia; calcular proporción de ciclos expuestos. No interpretar cada día como muerte del cultivo.,REGLA DEFINIDA · riesgo de helada,"Mourtzinis, Specht y Conley (2019)","Riesgo de helada, no mortalidad automática. La fuente utiliza mínimas diarias DAYMET en EE.UU. La intensidad, duración y respuesta varietal afectan daño; validar sesgo local de ERA5-Land.",Nueva: Auditoría fila110; anterior: fila76,"AMENAZA Y FASE — Mourtzinis, Specht y Conley (2019) (cita literal):
An important consideration in early sowing is spring frost occurrence, which can damage or destroy the crop (but only after emergence at 15–25 DAS) 16. The current common recommendation to soybean producers is to sow the first field when frost probabilities are less than 20% on or after emergence. Minor frost damage on emerged seedlings may occur when temperature drops below 0 °C, but becomes more damaging when tempera- ture drops below − 2 °C for prolonged periods.

ESTADÍSTICO: MÍNIMA DIARIA — Mourtzinis, Specht y Conley (2019) (cita literal):
Using the 21 days earlier sowing as a threshold, 2% of all 289 locations (all in North Dakota, South Dakota, and Minnesota) exceeded the 20% probability threshold for daily minimum temperatures to drop below 0 °C at emergence and only 0.3% had exceeded the 20% probability for daily minimum temperatures to drop below − 1 °C (Fig. 4).","s41598-019-38971-3.pdf, PDF p.4 Results and Discussion; p.5 Fig.4; métodos de probabilidades p.6.",Riesgo conTmin diaria evaluado porMourtzinis2019. El párrafo de daño cita ref16; no se certifica esa fuente original por lectura independiente.,"Riesgo de helada, no mortalidad automática. La fuente utiliza mínimas diarias DAYMET en EE.UU. La intensidad, duración y respuesta varietal afectan daño; validar sesgo local de ERA5-Land.
Revisión documental: Día conTmin<0°C es exposición, no muerte automática; la fuente no define horas mínimas para0°C. Emergence→EST.",Diaria; sin horas mínimas de daño publicadas,2026-10-07,pendiente_corroboracion_humana
Soya,VEG,Calor diurno sostenido,Temperatura horaria del aire; permanencia a 45 °C,"45 °C, tratamiento; filtro propuesto T≥45 °C",4 h/día durante 7 días consecutivos,"Buscar bloques de 7 días con aproximadamente 4 h diarias a T≥45 °C. Es filtro propuesto comparable al tratamiento, no umbral mínimo de daño; Tmax sola no basta.",REGLA DEFINIDA · experimental,Herritt y Fritschi (2020),"Tratamiento de aire en V4, 09:00–13:00 durante7d. Su transferencia al campo es aproximada. ≥45 es filtro analítico, no corte estimado por el paper. Datos horarios aproximan permanencia; no garantizan 4h continuas.",Nueva: Auditoría fila111; anterior: fila103,"FASE V4 Y PROTOCOLO COMPLETO DE TEMPERATURA — Herritt y Fritschi (2020) (cita literal):
Plants were grown for three additional weeks until they reached four fully expanded trifoliate leaves. At that time, three temperature treatments were initiated, namely 28, 38, and 45°C maximum air temperatures which were imposed as follows: For the control treatment (28°C), the temperature regime was maintained the same as for initial growth. For elevated air temperature treatments, the temperature was increased gradually from 28°C at 7:00 am to reach 38 or 45°C by 9:00 am and held at these temperatures until 1:00 pm. Then the temperature was reduced from 38 or 45°C to 28°C from 1:00 pm to 3:00 pm and maintained at 28°C until 8:00 pm. Elevated temperatures that occur during the growing season often come in the form of heat waves that generally last a few to several days. Therefore, temperature treatments were imposed over the course of 7 days, at which point the experiments were terminated.","fpls-11-00153.pdf, PDF p.3, Materials and Methods / Genotypes and Growth Conditions.","Tratamiento definido directamente porHerritt/Fritschi2020:45°C, meseta09:00–13:00 durante7d, después de4hojas trifoliadas. No breakpoint estimado de otra fuente.","Tratamiento de aire en V4, 09:00–13:00 durante7d. Su transferencia al campo es aproximada. ≥45 es filtro analítico, no corte estimado por el paper. Datos horarios aproximan permanencia; no garantizan 4h continuas.
Revisión documental: ≥45°C es filtro propuesto por nosotros; el ensayo aplica45°C. No convertir aTmax diaria. V4→VEG; temperatura de cámara no equivale sin validación a aire2m en campo.",4 h/día durante 7 días consecutivos,2026-10-07,pendiente_corroboracion_humana
Soya,REP,Calor reproductivo (modelo),Teff diaria=(Tmedia diaria+Tmáxima diaria)/2,Teff >35 °C; límite del modelo40 °C,Diaria; sin mínimo de racha,"Contar días con Teff>35 °C solo en ventana respaldada. Antes de aplicar REP, comprobar correspondencia de preantesis con calendario de tesis; no duplicar evento con FLO.",REGLA DEFINIDA · modelo / límite,Deryng et al. (2014),Aceptada por criterio de ventana limítrofe. El paper NO define una regla independiente para formación de vainas/R3–R4. Asignar preantesis a REP es homologación propuesta y debe corroborarse; no extender a toda REP.,Nueva: Auditoría fila112; anterior: fila105,"VENTANA FENOLÓGICA — Deryng et al. (2014) (cita literal):
Crop TSP includes a couple of days before and after anthesis and is estimated as a function of crop growing period length (GPL), which depends on growing degree days accumulation [5] and varies with crop cultivars. Anthesis is scheduled when the number of days since emergence reaches half of crop GPL (calculated between emergence and maturity), i.e., 0.5 GPL; TSP starts a few days before anthesis at 0.45 GPL and ends after anthesis at 0.7 GPL. A high temperature event occurs when daily effective temperature (Teff) exceeds a critical temperature ( Tcr) threshold.

ESTADÍSTICO Y UMBRALES DEL MODELO — Deryng et al. (2014) (cita literal):
Teff is defined as ( Tmean+ Tmax)/2, where Tmean is the daily mean temperature and Tmax is the daily maximum tempera- ture [44], Tlim is the limit temperature above which fHSAd is maximal. Crop specific Tcr and Tlim come from a synthesis of values found in the literature [10, 11, 14, 33, 45–49] (table A.1). Temperature tolerance differs for each crop. Here, HSA critical temperature thresholds are 25 ◦C for spring wheat, 32◦C for maize and 35 ◦C for soybean. Hence, as temperatures increase spring wheat yield is impacted first, followed by maize and finally soybean. However, HSA impact functions differ among crop type as temperature thresholds at zero pod-set are 35◦C for spring wheat, 45◦C for maize and 40◦C for soybean.

COLUMNAS SOYBEAN: celdas de TablaA.1 — Deryng et al. (2014) (cita literal):
PEGASUS 1.1
35
40
Teixeira et al (2011) [14]
35
40","pdf.pdf, PDF p.11 (impresa10), ApéndiceA.3, ecuaciónA.6 y TablaA.1; ref14 en PDF p.13.","Regla adoptada enPEGASUS porDeryng2014; síntesis bibliográfica deTablaA.1. Teixeira2011[14] muestra los mismos35/40 para soya, pero su texto original no está en carpeta.","Aceptada por criterio de ventana limítrofe. El paper NO define una regla independiente para formación de vainas/R3–R4. Asignar preantesis a REP es homologación propuesta y debe corroborarse; no extender a toda REP.
Revisión documental: La asignación de preantesis aREP es propuesta nuestra; el paper no define regla independiente de formación de vainas. Debes revisar esa correspondencia. Teff>35 es inicio de reducción; a35 el factor diario sigue en1. No sustituirTeff porTmax.",Diaria; sin mínimo de racha,2026-10-07,pendiente_corroboracion_humana
Soya,FLO,Calor en antesis (modelo),Teff diaria=(Tmedia diaria+Tmáxima diaria)/2,Teff >35 °C; límite del modelo40 °C,Diaria; sin mínimo de racha,Contar días con Teff>35 °C alrededor de antesis dentro de ventana sensible; registrar fechas reales de FLO. No sumar como evento distinto el mismo día registrado en REP.,REGLA DEFINIDA · modelo,Deryng et al. (2014),"Parámetros de PEGASUS, no corte universal observado en campo. Comparte fuente y ventana con REP. No aplicar35 °C directamente a Tmax ni Tmedia por separado.",Nueva: Auditoría fila113; anterior: fila79,"VENTANA FENOLÓGICA — Deryng et al. (2014) (cita literal):
Crop TSP includes a couple of days before and after anthesis and is estimated as a function of crop growing period length (GPL), which depends on growing degree days accumulation [5] and varies with crop cultivars. Anthesis is scheduled when the number of days since emergence reaches half of crop GPL (calculated between emergence and maturity), i.e., 0.5 GPL; TSP starts a few days before anthesis at 0.45 GPL and ends after anthesis at 0.7 GPL. A high temperature event occurs when daily effective temperature (Teff) exceeds a critical temperature ( Tcr) threshold.

ESTADÍSTICO Y UMBRALES DEL MODELO — Deryng et al. (2014) (cita literal):
Teff is defined as ( Tmean+ Tmax)/2, where Tmean is the daily mean temperature and Tmax is the daily maximum tempera- ture [44], Tlim is the limit temperature above which fHSAd is maximal. Crop specific Tcr and Tlim come from a synthesis of values found in the literature [10, 11, 14, 33, 45–49] (table A.1). Temperature tolerance differs for each crop. Here, HSA critical temperature thresholds are 25 ◦C for spring wheat, 32◦C for maize and 35 ◦C for soybean. Hence, as temperatures increase spring wheat yield is impacted first, followed by maize and finally soybean. However, HSA impact functions differ among crop type as temperature thresholds at zero pod-set are 35◦C for spring wheat, 45◦C for maize and 40◦C for soybean.

COLUMNAS SOYBEAN: celdas de TablaA.1 — Deryng et al. (2014) (cita literal):
PEGASUS 1.1
35
40
Teixeira et al (2011) [14]
35
40","pdf.pdf, PDF p.11 (impresa10), ApéndiceA.3, ecuaciónA.6 y TablaA.1; ref14 en PDF p.13.","Regla adoptada enPEGASUS porDeryng2014; síntesis bibliográfica deTablaA.1. Teixeira2011[14] muestra los mismos35/40 para soya, pero su texto original no está en carpeta.","Parámetros de PEGASUS, no corte universal observado en campo. Comparte fuente y ventana con REP. No aplicar35 °C directamente a Tmax ni Tmedia por separado.
Revisión documental: Antesis→FLO; comparte ventana conREP, no duplicar eventos. Teff>35 es inicio de reducción; a35 el factor diario sigue en1. No sustituirTeff porTmax.",Diaria; sin mínimo de racha,2026-10-07,pendiente_corroboracion_humana
Soya,FIL,Lluvia / calidad de semilla,Precipitación acumulada de ventana,>100mm durante R6–R8,Ventana completa R6–R8,Evaluar una vez la precipitación total de R6–R8; R6 pertenece a FIL. No volver a contar esa ventana como un evento distinto en MAT.,REGLA DEFINIDA,Weerasekara et al. 2021,Regla definida para FIL por inclusión de R6 y comparabilidad de la precipitación acumulada. Clasifica una ventana húmeda; no identifica episodios individuales de lluvia.,Auditoría fila81,"DEFINICIÓN DE FASES — Weerasekara et al. (2021) (cita literal):
To understand the influence of production environment, the total growing period (TGP) was partitioned into three stages; (i) seed sowing (SS) to flowering (R1) as vegetative (VEG), (ii) flowering to full seed stage (R6) as early reproductive (ER), and (iii) full seed stage to full mature stage (R8) as late reproductive stage (LR).

AMENAZA Y PRECIPITACIÓN ACUMULADA — Weerasekara et al. (2021) (cita literal):
Maternal environmental conditions at the late reproductive stage (R6–R8) are the most critical factor in determining the initial seed quality. Rapid seed deterioration in the field occurred when more than 100 mm of cumulative rainfall coincided with the late reproductive stage.","agronomy-11-01430-v3.pdf, PDF p.5 §3.1; PDF p.16 §5 Conclusions. Esta versión tiene19páginas; la conclusión NO está enp.17.",Asociación observada porWeerasekara2021; >100mm acumulados duranteR6–R8. No se identifica como breakpointcausal universal ni duración diaria.,"Regla definida para FIL por inclusión de R6 y comparabilidad de la precipitación acumulada. Clasifica una ventana húmeda; no identifica episodios individuales de lluvia.
Revisión documental: R6–R8 es una sola ventana, compartida entreFIL/MAT. No usar100mm/día ni100mm por cada fase; no sumar ambas filas como2eventos.",Ventana completa R6–R8,2026-10-07,pendiente_corroboracion_humana
Soya,MAT,Lluvia / calidad de semilla,Precipitación acumulada de ventana,>100mm durante R6–R8,Ventana completa R6–R8,Evaluar una vez la precipitación total de R6–R8; incluye maduración. Es la misma ventana que se registra en FIL.,REGLA DEFINIDA,Weerasekara et al. 2021,Regla definida para MAT por el criterio acordado de ventana al límite. No sumar esta clasificación y la de FIL como dos eventos; no aplicar100mm solo a R8.,Auditoría fila81,"DEFINICIÓN DE FASES — Weerasekara et al. (2021) (cita literal):
To understand the influence of production environment, the total growing period (TGP) was partitioned into three stages; (i) seed sowing (SS) to flowering (R1) as vegetative (VEG), (ii) flowering to full seed stage (R6) as early reproductive (ER), and (iii) full seed stage to full mature stage (R8) as late reproductive stage (LR).

AMENAZA Y PRECIPITACIÓN ACUMULADA — Weerasekara et al. (2021) (cita literal):
Maternal environmental conditions at the late reproductive stage (R6–R8) are the most critical factor in determining the initial seed quality. Rapid seed deterioration in the field occurred when more than 100 mm of cumulative rainfall coincided with the late reproductive stage.","agronomy-11-01430-v3.pdf, PDF p.5 §3.1; PDF p.16 §5 Conclusions. Esta versión tiene19páginas; la conclusión NO está enp.17.",Asociación observada porWeerasekara2021; >100mm acumulados duranteR6–R8. No se identifica como breakpointcausal universal ni duración diaria.,"Regla definida para MAT por el criterio acordado de ventana al límite. No sumar esta clasificación y la de FIL como dos eventos; no aplicar100mm solo a R8.
Revisión documental: R6–R8 es una sola ventana, compartida entreFIL/MAT. No usar100mm/día ni100mm por cada fase; no sumar ambas filas como2eventos.",Ventana completa R6–R8,2026-10-07,pendiente_corroboracion_humana
Trigo,EST,Frío durante emergencia,Temperatura media diaria del aire a 2 m,Tmedia <2 °C,≥3 días consecutivos,"Contar rachas máximas≥3d con Tmedia<2 °C en establecimiento inicial. Una racha de5d cuenta como1episodio, no3ventanas solapadas.",REGLA DEFINIDA · riesgo climático,Le Roux et al. (2024),El apartado cita evidencia fisiológica para retraso de emergencia/bajo vigor; no es nueva calibración de daño. Más de2d significa≥3d. No extrapolar a todo el crecimiento vegetativo.,Nueva: Auditoría fila114; anterior: fila82,"FASE, VARIABLE, CORTE Y DURACIÓN — Le Roux et al. (2024) (cita literal):
Moreover, during the initial seedling stage, low daily average temperatures below 2 °C (during more than 2 successive days) delay emergence and induce poor vigor plantlets33.

FUENTE ORIGINAL CITADA: referencia33 — Le Roux et al. (2024) (cita literal):
33. Jame, Y . W . & Cutforth, H. W . Simulating the effects of temperature and seeding depth on germination and emergence of spring wheat. Agric. For. Meteorol. 124, 207–218 (2004).","s41598-024-58826-w.pdf, PDF p.4 Ecoclimatic indicators for wheat; referencia33 en PDF p.12.","LeRoux2024 declaraTmedia<2°C por>2d y citaJame/Cutforth2004. Jame no está en carpeta: cita secundaria, no verificación independiente de su método.","El apartado cita evidencia fisiológica para retraso de emergencia/bajo vigor; no es nueva calibración de daño. Más de2d significa≥3d. No extrapolar a todo el crecimiento vegetativo.
Revisión documental: Más de2d→≥3d es interpretación aritmética. Retraso de emergencia/bajo vigor; no mortalidad universal. Comprobar temperatura del medio de germinación en fuenteoriginal antes de atribuirvalidaciónaire2m.",≥3 días consecutivos,2026-10-07,pendiente_corroboracion_humana
Trigo,VEG,Helada,"Temperatura horaria del aire, proxy de campo",≤24°F (−4.444°C),2h,Buscar intervalos de2h; Tmin diaria no permite medir duración,REGLA DEFINIDA,"Shroyer, Mikesell y Paulsen (1995), K-State C646","Regla para jointing, subfase dentro de VEG: queda definida. Evaluar2h con datos horarios y conservar la limitación espacial de temperatura2m.",Auditoría fila97,"FASE Y CORTE: transcripción de Tabla1 — Shroyer, Mikesell y Paulsen (1995), K-State C646 (cita literal):
Approximate injurious temperature (two hours)
Jointing
24 F (-4 C)

DURACIÓN Y ALCANCE — Shroyer, Mikesell y Paulsen (1995), K-State C646 (cita literal):
The degree of injury to wheat from spring freezes is influenced by the duration of the low temperatures as well as the low temperature reached. Prolonged exposure to freezing causes much more injury than brief exposure to the same temperature. Temperatures at which injury can be expected, shown in Figure 1 and Table 1, are for two hours of exposure to each temperature. Less injury can be expected from shorter exposure times. Injury might occur at somewhat higher temperatures from longer exposure times.","spring-freeze-injury-to-kansas-wheat_C646.pdf, PDF p.2 Tabla1, filaJointing; p.3 apartadoTemperatures that Cause Spring Freeze Injury.","Guía técnicaK-StateC646, no paperexperimental. Tabla1 y párrafo explicativo dan corteaproximado y2h; no se inventa una fuenteoriginal paraTabla1.","Regla para jointing, subfase dentro de VEG: queda definida. Evaluar2h con datos horarios y conservar la limitación espacial de temperatura2m.
Revisión documental: La tabla imprime°C redondeados; el valor°C de la regla convierte°F con mayorprecisión, no es otro umbral. Operador≤ y búsqueda de intervalos son decisionesoperativas. Verificar transferencia a campo y subfase.",2h,2026-10-07,pendiente_corroboracion_humana
Trigo,REP,Helada,"Temperatura horaria del aire, proxy de campo",≤30°F (−1.111°C),2h,Buscar intervalos de2h bajo el corte,REGLA DEFINIDA,"Shroyer, Mikesell y Paulsen (1995), K-State C646","Regla para heading, subfase dentro de REP: queda definida. El corte de boot es distinto; no extender automáticamente30°F a todas las subfases.",Auditoría fila99,"FASE Y CORTE: transcripción de Tabla1 — Shroyer, Mikesell y Paulsen (1995), K-State C646 (cita literal):
Approximate injurious temperature (two hours)
Heading
30 F (-1 C)

DURACIÓN Y ALCANCE — Shroyer, Mikesell y Paulsen (1995), K-State C646 (cita literal):
The degree of injury to wheat from spring freezes is influenced by the duration of the low temperatures as well as the low temperature reached. Prolonged exposure to freezing causes much more injury than brief exposure to the same temperature. Temperatures at which injury can be expected, shown in Figure 1 and Table 1, are for two hours of exposure to each temperature. Less injury can be expected from shorter exposure times. Injury might occur at somewhat higher temperatures from longer exposure times.","spring-freeze-injury-to-kansas-wheat_C646.pdf, PDF p.2 Tabla1, filaHeading; p.3 apartadoTemperatures that Cause Spring Freeze Injury.","Guía técnicaK-StateC646, no paperexperimental. Tabla1 y párrafo explicativo dan corteaproximado y2h; no se inventa una fuenteoriginal paraTabla1.","Regla para heading, subfase dentro de REP: queda definida. El corte de boot es distinto; no extender automáticamente30°F a todas las subfases.
Revisión documental: La tabla imprime°C redondeados; el valor°C de la regla convierte°F con mayorprecisión, no es otro umbral. Operador≤ y búsqueda de intervalos son decisionesoperativas. Verificar transferencia a campo y subfase.",2h,2026-10-07,pendiente_corroboracion_humana
Trigo,FLO,Helada,"Temperatura horaria del aire, proxy de campo",≤30°F (−1.111°C),2h,Buscar intervalos de2h bajo el corte,REGLA DEFINIDA,"Shroyer, Mikesell y Paulsen (1995), K-State C646",Validar aire2m respecto a temperatura real de campo y transferencia de Kansas.,Auditoría fila100,"FASE Y CORTE: transcripción de Tabla1 — Shroyer, Mikesell y Paulsen (1995), K-State C646 (cita literal):
Approximate injurious temperature (two hours)
Flowering
30 F (-1 C)

DURACIÓN Y ALCANCE — Shroyer, Mikesell y Paulsen (1995), K-State C646 (cita literal):
The degree of injury to wheat from spring freezes is influenced by the duration of the low temperatures as well as the low temperature reached. Prolonged exposure to freezing causes much more injury than brief exposure to the same temperature. Temperatures at which injury can be expected, shown in Figure 1 and Table 1, are for two hours of exposure to each temperature. Less injury can be expected from shorter exposure times. Injury might occur at somewhat higher temperatures from longer exposure times.","spring-freeze-injury-to-kansas-wheat_C646.pdf, PDF p.2 Tabla1, filaFlowering; p.3 apartadoTemperatures that Cause Spring Freeze Injury.","Guía técnicaK-StateC646, no paperexperimental. Tabla1 y párrafo explicativo dan corteaproximado y2h; no se inventa una fuenteoriginal paraTabla1.","Validar aire2m respecto a temperatura real de campo y transferencia de Kansas.
Revisión documental: La tabla imprime°C redondeados; el valor°C de la regla convierte°F con mayorprecisión, no es otro umbral. Operador≤ y búsqueda de intervalos son decisionesoperativas. Verificar transferencia a campo y subfase.",2h,2026-10-07,pendiente_corroboracion_humana
Trigo,FIL,Helada,"Temperatura horaria del aire, proxy de campo",≤28°F (−2.222°C),2h,Buscar intervalos de2h; corresponde a milk/dough,REGLA DEFINIDA,"Shroyer, Mikesell y Paulsen (1995), K-State C646","Regla para milk/dough, subfases dentro de FIL: queda definida. No extender después de madurez fisiológica; validar la temperatura local.",Auditoría fila101,"FASE Y CORTE: transcripción de Tabla1 — Shroyer, Mikesell y Paulsen (1995), K-State C646 (cita literal):
Approximate injurious temperature (two hours)
Milk
28 F (-2 C)

DURACIÓN Y ALCANCE — Shroyer, Mikesell y Paulsen (1995), K-State C646 (cita literal):
The degree of injury to wheat from spring freezes is influenced by the duration of the low temperatures as well as the low temperature reached. Prolonged exposure to freezing causes much more injury than brief exposure to the same temperature. Temperatures at which injury can be expected, shown in Figure 1 and Table 1, are for two hours of exposure to each temperature. Less injury can be expected from shorter exposure times. Injury might occur at somewhat higher temperatures from longer exposure times.","spring-freeze-injury-to-kansas-wheat_C646.pdf, PDF p.2 Tabla1, filaMilk; p.3 apartadoTemperatures that Cause Spring Freeze Injury.","Guía técnicaK-StateC646, no paperexperimental. Tabla1 y párrafo explicativo dan corteaproximado y2h; no se inventa una fuenteoriginal paraTabla1.","Regla para milk/dough, subfases dentro de FIL: queda definida. No extender después de madurez fisiológica; validar la temperatura local.
Revisión documental: La tabla imprime°C redondeados; el valor°C de la regla convierte°F con mayorprecisión, no es otro umbral. Operador≤ y búsqueda de intervalos son decisionesoperativas. Verificar transferencia a campo y subfase.",2h,2026-10-07,pendiente_corroboracion_humana
Trigo,MAT,Lluvia / longevidad de semilla,Precipitación diaria; dos exposiciones sucesivas,"25 mm/día, tratamiento; filtro propuesto P≥25 mm/día",2 días consecutivos,"Buscar rachas≥2d con P≥25 mm cada día, una vez por racha. ≥ es filtro propuesto; el paper ensaya25mm. No sustituir por50mm en un solo día.",REGLA DEFINIDA · experimental,Ellis y Yadav (2016),"Efecto medido: longevidad de semilla, con posible recuperación. No hubo germinación precosecha.25mm no es mínimo universal de daño. Transferencia al campo y filtro≥ son decisiones analíticas.",Nueva: Auditoría fila115; anterior: fila108,"FASE Y DOSIS EXPERIMENTAL — Ellis y Yadav (2016) (cita literal):
The rainfall simulation was the equivalent of 25 mm rainfall, with two treatments applied late in seed maturation. Control plants were harvested at 55 (10 August), 56 (11 August) or 62 DAA (17 August). Wetting 1 was at 56 DAA, with seeds harvested 30 min after wetting (nominally 56.02 DAA) and 6 d later (62 DAA). The second treatment comprised two simulated rainfall events 1 d apart, each of 25 mm, at 55 and 56 DAA.

AMENAZA Y REVERSIBILIDAD — Ellis y Yadav (2016) (cita literal):
rainfall causing ear wetting in planta late in maturation drying, insufficient to result in pre-harvest sprouting, may nonetheless reduce subsequent ex planta air-dry seed longevity immediately, but that in such circumstances the damage can be reversed by delaying harvest to enable a period of re-drying in planta .","effect-of-simulated-rainfall-during-wheat-seed-development-and-maturation-on-subsequent-seed-longevity-is-reversible.pdf; PDF pp.2–3 (impresas68–69), Methods2010; p.8 (74) discusión.","Tratamiento directoEllis/Yadav2016:2aplicaciones de25mm separadas1d en55/56DAA. Sin fuentecomplementaria para dosis. P≥25mm es filtroanalítico nuestro, no umbralmínimo publicado.","Efecto medido: longevidad de semilla, con posible recuperación. No hubo germinación precosecha.25mm no es mínimo universal de daño. Transferencia al campo y filtro≥ son decisiones analíticas.
Revisión documental: No hubo germinaciónprecosecha. Amenaza medida: longevidad de semilla, con recuperaciónposible. No sustituir2×25mm por50mm en1día.",2 días consecutivos,2026-10-07,pendiente_corroboracion_humana
