lat,lon,años_validos,gap,longest_run,cluster_raw,cluster,std
-19.25,310.25,36,0,36,1.0,3.0,0.1813951
-18.75,306.75,36,0,36,1.0,3.0,0.18756235
1.25,282.25,36,0,36,1.0,3.0,0.25924098
1.25,285.75,36,0,36,1.0,3.0,0.22042497
1.75,282.25,36,0,36,1.0,3.0,0.3805922
1.75,285.25,36,0,36,1.0,3.0,0.2479709
1.75,285.75,36,0,36,1.0,3.0,0.21946242
1.75,286.25,36,0,36,1.0,3.0,0.23290254
2.25,282.75,36,0,36,1.0,3.0,0.22669417
2.25,283.25,36,0,36,1.0,3.0,0.20764005
2.25,285.25,36,0,36,1.0,3.0,0.25217944
2.25,285.75,36,0,36,1.0,3.0,0.275813
2.25,286.25,36,0,36,1.0,3.0,0.2552638
2.25,286.75,36,0,36,1.0,3.0,0.29490146
2.25,287.25,36,0,36,1.0,3.0,0.2383079
2.75,283.25,36,0,36,1.0,3.0,0.24036913
2.75,283.75,36,0,36,1.0,3.0,0.23156147
2.75,285.25,36,0,36,1.0,3.0,0.2984806
2.75,285.75,36,0,36,1.0,3.0,0.3109228
2.75,286.25,36,0,36,1.0,3.0,0.24812716
2.75,286.75,36,0,36,1.0,3.0,0.21681242
2.75,287.25,36,0,36,1.0,3.0,0.21758826
2.75,287.75,36,0,36,1.0,3.0,0.19665869
2.75,288.25,36,0,36,1.0,3.0,0.26356733
3.25,283.25,36,0,36,1.0,3.0,0.2443844
3.25,283.75,36,0,36,1.0,3.0,0.22623903
3.25,285.25,36,0,36,1.0,3.0,0.2956577
3.25,285.75,36,0,36,1.0,3.0,0.23023021
3.25,286.25,36,0,36,1.0,3.0,0.19424273
3.25,286.75,36,0,36,1.0,3.0,0.19360179
3.25,287.25,36,0,36,1.0,3.0,0.16695312
3.25,287.75,36,0,36,1.0,3.0,0.17571014
3.25,288.25,36,0,36,1.0,3.0,0.2280907
3.25,288.75,36,0,36,1.0,3.0,0.25366572
3.75,283.25,36,0,36,1.0,3.0,0.18295681
3.75,285.75,36,0,36,1.0,3.0,0.22964934
3.75,286.25,36,0,36,1.0,3.0,0.18661821
3.75,286.75,36,0,36,1.0,3.0,0.19154081
3.75,287.25,36,0,36,1.0,3.0,0.21194094
3.75,287.75,36,0,36,1.0,3.0,0.25107023
3.75,288.25,36,0,36,1.0,3.0,0.21218975
3.75,288.75,36,0,36,1.0,3.0,0.17711708
4.25,283.75,36,0,36,1.0,3.0,0.21368739
4.25,284.25,36,0,36,1.0,3.0,0.23647672
4.25,286.25,36,0,36,1.0,3.0,0.22869268
4.25,286.75,36,0,36,1.0,3.0,0.20487039
4.25,287.25,36,0,36,1.0,3.0,0.19549966
4.25,287.75,36,0,36,1.0,3.0,0.15308635
4.25,288.25,36,0,36,1.0,3.0,0.19842152
4.75,283.75,36,0,36,1.0,3.0,0.22228523
4.75,284.25,36,0,36,1.0,3.0,0.25771812
4.75,288.25,36,0,36,1.0,3.0,0.16138259
4.75,288.75,36,0,36,1.0,3.0,0.19828019
5.25,8.25,36,0,36,1.0,3.0,0.13882731
5.25,8.75,36,0,36,1.0,3.0,0.14096923
5.25,284.25,36,0,36,1.0,3.0,0.28632903
5.25,284.75,36,0,36,1.0,3.0,0.24129276
5.25,285.25,36,0,36,1.0,3.0,0.27800852
5.75,7.25,36,0,36,1.0,3.0,0.12560338
5.75,7.75,36,0,36,1.0,3.0,0.12935959
5.75,8.25,36,0,36,1.0,3.0,0.13147604
5.75,8.75,36,0,36,1.0,3.0,0.1765773
5.75,284.25,36,0,36,1.0,3.0,0.2618406
5.75,284.75,36,0,36,1.0,3.0,0.25255466
5.75,285.25,36,0,36,1.0,3.0,0.28115815
6.25,8.75,36,0,36,1.0,3.0,0.15833011
6.25,9.25,36,0,36,1.0,3.0,0.14648165
6.25,284.75,36,0,36,1.0,3.0,0.28192002
6.75,8.75,36,0,36,1.0,3.0,0.12513292
6.75,9.25,36,0,36,1.0,3.0,0.14984599
6.75,9.75,36,0,36,1.0,3.0,0.14479072
6.75,10.25,36,0,36,1.0,3.0,0.20513992
6.75,10.75,36,0,36,1.0,3.0,0.18497695
6.75,11.75,36,0,36,1.0,3.0,0.16079478
7.25,6.75,36,0,36,1.0,3.0,0.13219869
7.25,7.25,36,0,36,1.0,3.0,0.13140343
7.25,8.25,36,0,36,1.0,3.0,0.13403755
7.25,9.75,36,0,36,1.0,3.0,0.15178327
7.25,10.25,36,0,36,1.0,3.0,0.1808229
7.25,10.75,36,0,36,1.0,3.0,0.19760066
7.25,11.25,36,0,36,1.0,3.0,0.19719099
7.25,11.75,36,0,36,1.0,3.0,0.19126126
7.25,286.25,36,0,36,1.0,3.0,0.26734564
7.75,6.75,36,0,36,1.0,3.0,0.12604672
7.75,7.25,36,0,36,1.0,3.0,0.15075916
7.75,7.75,36,0,36,1.0,3.0,0.13247389
7.75,8.25,36,0,36,1.0,3.0,0.1434237
7.75,10.25,36,0,36,1.0,3.0,0.17706528
7.75,10.75,36,0,36,1.0,3.0,0.19176684
7.75,11.25,36,0,36,1.0,3.0,0.2043854
7.75,11.75,36,0,36,1.0,3.0,0.12941475
7.75,12.25,36,0,36,1.0,3.0,0.20454238
7.75,284.25,36,0,36,1.0,3.0,0.2627691
7.75,284.75,36,0,36,1.0,3.0,0.26875675
7.75,285.25,36,0,36,1.0,3.0,0.23191266
7.75,285.75,36,0,36,1.0,3.0,0.32262838
8.25,6.25,36,0,36,1.0,3.0,0.14654444
8.25,6.75,36,0,36,1.0,3.0,0.14246568
8.25,7.25,36,0,36,1.0,3.0,0.1527658
8.25,7.75,36,0,36,1.0,3.0,0.15589648
8.25,8.25,36,0,36,1.0,3.0,0.1484485
8.25,8.75,36,0,36,1.0,3.0,0.14357868
8.25,9.25,36,0,36,1.0,3.0,0.15258497
8.25,9.75,36,0,36,1.0,3.0,0.13423729
8.25,10.25,36,0,36,1.0,3.0,0.13176091
8.25,10.75,36,0,36,1.0,3.0,0.15338928
8.25,11.25,36,0,36,1.0,3.0,0.18871905
8.25,11.75,36,0,36,1.0,3.0,0.12906393
8.25,12.25,36,0,36,1.0,3.0,0.19240099
8.25,284.75,36,0,36,1.0,3.0,0.21632111
8.25,285.25,36,0,36,1.0,3.0,0.22661471
8.75,8.25,36,0,36,1.0,3.0,0.13111618
8.75,9.75,36,0,36,1.0,3.0,0.14900568
8.75,10.25,36,0,36,1.0,3.0,0.14085948
8.75,10.75,36,0,36,1.0,3.0,0.16561577
8.75,11.25,36,0,36,1.0,3.0,0.15989652
8.75,12.25,36,0,36,1.0,3.0,0.15821107
8.75,12.75,36,0,36,1.0,3.0,0.14365806
8.75,284.75,36,0,36,1.0,3.0,0.23471542
8.75,285.25,36,0,36,1.0,3.0,0.2646964
8.75,285.75,36,0,36,1.0,3.0,0.36378828
8.75,286.25,36,0,36,1.0,3.0,0.381286
9.25,7.25,36,0,36,1.0,3.0,0.14222145
9.25,7.75,36,0,36,1.0,3.0,0.13267455
9.25,8.25,36,0,36,1.0,3.0,0.12881467
9.25,10.25,36,0,36,1.0,3.0,0.15002653
9.25,10.75,36,0,36,1.0,3.0,0.1761764
9.25,11.25,36,0,36,1.0,3.0,0.16102174
9.25,11.75,36,0,36,1.0,3.0,0.13719916
9.25,12.25,36,0,36,1.0,3.0,0.16234535
9.25,12.75,36,0,36,1.0,3.0,0.16864927
9.25,284.75,36,0,36,1.0,3.0,0.18797061
9.25,285.75,36,0,36,1.0,3.0,0.30175963
9.25,286.25,36,0,36,1.0,3.0,0.2757481
9.75,4.25,36,0,36,1.0,3.0,0.141998
9.75,7.25,36,0,36,1.0,3.0,0.1318261
9.75,10.25,36,0,36,1.0,3.0,0.12999353
9.75,11.75,36,0,36,1.0,3.0,0.13512161
9.75,12.25,36,0,36,1.0,3.0,0.14747861
9.75,12.75,36,0,36,1.0,3.0,0.14898786
9.75,13.25,36,0,36,1.0,3.0,0.15263233
9.75,285.75,36,0,36,1.0,3.0,0.23667745
9.75,286.25,36,0,36,1.0,3.0,0.2407295
10.25,7.25,36,0,36,1.0,3.0,0.12714484
10.25,8.25,36,0,36,1.0,3.0,0.13364084
10.25,8.75,36,0,36,1.0,3.0,0.13265556
10.25,12.25,36,0,36,1.0,3.0,0.1621934
10.25,12.75,36,0,36,1.0,3.0,0.1562956
10.25,285.75,36,0,36,1.0,3.0,0.26361942
10.25,286.25,36,0,36,1.0,3.0,0.3025288
10.75,8.25,36,0,36,1.0,3.0,0.14445832
10.75,8.75,36,0,36,1.0,3.0,0.14904742
10.75,13.25,36,0,36,1.0,3.0,0.13182928
10.75,13.75,36,0,36,1.0,3.0,0.14194365
10.75,285.75,36,0,36,1.0,3.0,0.32934847
14.25,75.25,36,0,36,1.0,3.0,0.23728728
14.25,75.75,36,0,36,1.0,3.0,0.18821594
14.75,74.75,36,0,36,1.0,3.0,0.37946135
14.75,75.25,36,0,36,1.0,3.0,0.16857839
15.25,74.25,36,0,36,1.0,3.0,0.33682826
15.25,74.75,36,0,36,1.0,3.0,0.36096913
15.25,76.75,36,0,36,1.0,3.0,0.23909487
15.75,74.25,36,0,36,1.0,3.0,0.2984934
15.75,74.75,36,0,36,1.0,3.0,0.16766702
15.75,76.75,36,0,36,1.0,3.0,0.15884207
15.75,267.25,36,0,36,1.0,3.0,0.27589267
16.25,73.75,36,0,36,1.0,3.0,0.29965112
16.25,74.25,36,0,36,1.0,3.0,0.22049947
16.25,74.75,36,0,36,1.0,3.0,0.1255634
16.25,76.25,36,0,36,1.0,3.0,0.13063246
16.25,266.75,36,0,36,1.0,3.0,0.34519964
16.75,73.75,36,0,36,1.0,3.0,0.28641853
16.75,74.25,36,0,36,1.0,3.0,0.23201951
16.75,74.75,36,0,36,1.0,3.0,0.14618807
16.75,76.25,36,0,36,1.0,3.0,0.17373158
17.25,73.75,36,0,36,1.0,3.0,0.23501202
17.25,74.25,36,0,36,1.0,3.0,0.13502607
17.25,76.25,36,0,36,1.0,3.0,0.1403459
17.75,73.75,36,0,36,1.0,3.0,0.19842485
17.75,76.25,36,0,36,1.0,3.0,0.13826184
17.75,76.75,36,0,36,1.0,3.0,0.20033455
17.75,79.25,36,0,36,1.0,3.0,0.2451355
18.25,75.75,36,0,36,1.0,3.0,0.1335674
18.25,76.25,36,0,36,1.0,3.0,0.19853225
18.25,76.75,36,0,36,1.0,3.0,0.24848028
18.25,77.25,36,0,36,1.0,3.0,0.25287342
18.25,77.75,36,0,36,1.0,3.0,0.20714816
18.25,78.25,36,0,36,1.0,3.0,0.24623401
18.25,78.75,36,0,36,1.0,3.0,0.25566897
18.25,79.25,36,0,36,1.0,3.0,0.23955914
18.25,79.75,36,0,36,1.0,3.0,0.23042724
18.75,75.75,36,0,36,1.0,3.0,0.14571358
18.75,76.25,36,0,36,1.0,3.0,0.21405241
18.75,76.75,36,0,36,1.0,3.0,0.26069662
18.75,77.25,36,0,36,1.0,3.0,0.24908482
18.75,77.75,36,0,36,1.0,3.0,0.21994688
18.75,78.25,36,0,36,1.0,3.0,0.26050085
18.75,78.75,36,0,36,1.0,3.0,0.27350315
18.75,79.25,36,0,36,1.0,3.0,0.21873252
18.75,79.75,36,0,36,1.0,3.0,0.20200689
18.75,80.25,36,0,36,1.0,3.0,0.23257428
19.25,73.25,36,0,36,1.0,3.0,0.24794818
19.25,73.75,36,0,36,1.0,3.0,0.21029952
19.25,74.75,36,0,36,1.0,3.0,0.13617443
19.25,75.25,36,0,36,1.0,3.0,0.18247002
19.25,75.75,36,0,36,1.0,3.0,0.19468786
19.25,76.25,36,0,36,1.0,3.0,0.20944136
19.25,76.75,36,0,36,1.0,3.0,0.21206869
19.25,77.25,36,0,36,1.0,3.0,0.21444774
19.25,77.75,36,0,36,1.0,3.0,0.17228173
19.25,78.25,36,0,36,1.0,3.0,0.2088714
19.25,78.75,36,0,36,1.0,3.0,0.2878184
19.25,79.25,36,0,36,1.0,3.0,0.22847413
19.25,79.75,36,0,36,1.0,3.0,0.16162503
19.25,80.25,36,0,36,1.0,3.0,0.30518463
19.25,269.75,36,0,36,1.0,3.0,0.37807527
19.25,270.25,36,0,36,1.0,3.0,0.44265544
19.75,73.25,36,0,36,1.0,3.0,0.19096038
19.75,73.75,36,0,36,1.0,3.0,0.1627581
19.75,74.25,36,0,36,1.0,3.0,0.14460735
19.75,74.75,36,0,36,1.0,3.0,0.19673912
19.75,75.25,36,0,36,1.0,3.0,0.16008501
19.75,75.75,36,0,36,1.0,3.0,0.17581408
19.75,76.25,36,0,36,1.0,3.0,0.19099922
19.75,76.75,36,0,36,1.0,3.0,0.18782425
19.75,77.25,36,0,36,1.0,3.0,0.1946084
19.75,77.75,36,0,36,1.0,3.0,0.21070072
19.75,78.25,36,0,36,1.0,3.0,0.23177841
19.75,78.75,36,0,36,1.0,3.0,0.21243386
19.75,79.25,36,0,36,1.0,3.0,0.21856137
19.75,79.75,36,0,36,1.0,3.0,0.18650271
19.75,80.25,36,0,36,1.0,3.0,0.28302798
19.75,82.25,36,0,36,1.0,3.0,0.17489354
19.75,82.75,36,0,36,1.0,3.0,0.16872232
19.75,270.25,36,0,36,1.0,3.0,0.4249451
20.25,73.25,36,0,36,1.0,3.0,0.21702358
20.25,73.75,36,0,36,1.0,3.0,0.1375355
20.25,74.25,36,0,36,1.0,3.0,0.12787934
20.25,74.75,36,0,36,1.0,3.0,0.12853244
20.25,75.25,36,0,36,1.0,3.0,0.17969604
20.25,75.75,36,0,36,1.0,3.0,0.16899493
20.25,76.25,36,0,36,1.0,3.0,0.18421564
20.25,76.75,36,0,36,1.0,3.0,0.18192822
20.25,77.25,36,0,36,1.0,3.0,0.18623778
20.25,77.75,36,0,36,1.0,3.0,0.1965988
20.25,78.25,36,0,36,1.0,3.0,0.19076544
20.25,78.75,36,0,36,1.0,3.0,0.21871097
20.25,79.25,36,0,36,1.0,3.0,0.17668296
20.25,79.75,36,0,36,1.0,3.0,0.21140528
20.25,80.25,36,0,36,1.0,3.0,0.24429801
20.25,80.75,36,0,36,1.0,3.0,0.24464944
20.25,81.25,36,0,36,1.0,3.0,0.2254074
20.25,81.75,36,0,36,1.0,3.0,0.24986824
20.75,73.25,36,0,36,1.0,3.0,0.2618482
20.75,73.75,36,0,36,1.0,3.0,0.17105682
20.75,74.75,36,0,36,1.0,3.0,0.13810249
20.75,75.25,36,0,36,1.0,3.0,0.19507854
20.75,75.75,36,0,36,1.0,3.0,0.19455488
20.75,76.25,36,0,36,1.0,3.0,0.20331165
20.75,76.75,36,0,36,1.0,3.0,0.20068496
20.75,77.25,36,0,36,1.0,3.0,0.19196425
20.75,77.75,36,0,36,1.0,3.0,0.20356241
20.75,78.25,36,0,36,1.0,3.0,0.20527224
20.75,78.75,36,0,36,1.0,3.0,0.21866201
20.75,79.25,36,0,36,1.0,3.0,0.1896104
20.75,79.75,36,0,36,1.0,3.0,0.23197997
20.75,80.25,36,0,36,1.0,3.0,0.2565447
20.75,80.75,36,0,36,1.0,3.0,0.19666396
20.75,81.25,36,0,36,1.0,3.0,0.24286409
20.75,81.75,36,0,36,1.0,3.0,0.25228003
20.75,82.25,36,0,36,1.0,3.0,0.34461996
20.75,82.75,36,0,36,1.0,3.0,0.23553117
20.75,83.25,36,0,36,1.0,3.0,0.1807311
20.75,261.25,36,0,36,1.0,3.0,0.35647726
20.75,261.75,36,0,36,1.0,3.0,0.2964115
20.75,262.25,36,0,36,1.0,3.0,0.22947577
21.25,73.25,36,0,36,1.0,3.0,0.27681527
21.25,73.75,36,0,36,1.0,3.0,0.20443185
21.25,74.25,36,0,36,1.0,3.0,0.13390906
21.25,75.25,36,0,36,1.0,3.0,0.2216644
21.25,75.75,36,0,36,1.0,3.0,0.21086554
21.25,76.25,36,0,36,1.0,3.0,0.20040633
21.25,76.75,36,0,36,1.0,3.0,0.20839135
21.25,77.25,36,0,36,1.0,3.0,0.23789425
21.25,77.75,36,0,36,1.0,3.0,0.207242
21.25,78.25,36,0,36,1.0,3.0,0.2152499
21.25,78.75,36,0,36,1.0,3.0,0.2159552
21.25,79.25,36,0,36,1.0,3.0,0.17654659
21.25,79.75,36,0,36,1.0,3.0,0.17850292
21.25,80.25,36,0,36,1.0,3.0,0.23304975
21.25,80.75,36,0,36,1.0,3.0,0.14824101
21.25,81.25,36,0,36,1.0,3.0,0.15554175
21.25,81.75,36,0,36,1.0,3.0,0.17376123
21.25,83.25,36,0,36,1.0,3.0,0.2193892
21.25,260.75,36,0,36,1.0,3.0,0.31196383
21.25,261.25,36,0,36,1.0,3.0,0.32754862
21.25,261.75,36,0,36,1.0,3.0,0.28733927
21.25,262.25,36,0,36,1.0,3.0,0.24921493
21.75,73.75,36,0,36,1.0,3.0,0.21283288
21.75,74.25,36,0,36,1.0,3.0,0.247194
21.75,74.75,36,0,36,1.0,3.0,0.16010617
21.75,75.25,36,0,36,1.0,3.0,0.15978464
21.75,75.75,36,0,36,1.0,3.0,0.16868664
21.75,76.25,36,0,36,1.0,3.0,0.1527784
21.75,76.75,36,0,36,1.0,3.0,0.16453823
21.75,77.25,36,0,36,1.0,3.0,0.2498703
21.75,77.75,36,0,36,1.0,3.0,0.19018011
21.75,78.25,36,0,36,1.0,3.0,0.18079107
21.75,78.75,36,0,36,1.0,3.0,0.19242953
21.75,79.25,36,0,36,1.0,3.0,0.19936597
21.75,79.75,36,0,36,1.0,3.0,0.22586332
21.75,80.25,36,0,36,1.0,3.0,0.18946221
21.75,80.75,36,0,36,1.0,3.0,0.26944986
21.75,81.25,36,0,36,1.0,3.0,0.14741255
21.75,81.75,36,0,36,1.0,3.0,0.147101
21.75,259.75,36,0,36,1.0,3.0,0.2103368
21.75,260.25,36,0,36,1.0,3.0,0.24039061
21.75,260.75,36,0,36,1.0,3.0,0.3357682
21.75,261.25,36,0,36,1.0,3.0,0.28104877
21.75,261.75,36,0,36,1.0,3.0,0.25640017
22.25,73.25,36,0,36,1.0,3.0,0.15878984
22.25,73.75,36,0,36,1.0,3.0,0.17382446
22.25,74.25,36,0,36,1.0,3.0,0.17669274
22.25,74.75,36,0,36,1.0,3.0,0.14681342
22.25,75.25,36,0,36,1.0,3.0,0.15364127
22.25,75.75,36,0,36,1.0,3.0,0.18005563
22.25,76.25,36,0,36,1.0,3.0,0.19838554
22.25,76.75,36,0,36,1.0,3.0,0.20706835
22.25,77.25,36,0,36,1.0,3.0,0.23724066
22.25,77.75,36,0,36,1.0,3.0,0.18713108
22.25,78.25,36,0,36,1.0,3.0,0.17747849
22.25,78.75,36,0,36,1.0,3.0,0.17382696
22.25,79.25,36,0,36,1.0,3.0,0.15030907
22.25,79.75,36,0,36,1.0,3.0,0.17954391
22.25,80.25,36,0,36,1.0,3.0,0.25390473
22.25,80.75,36,0,36,1.0,3.0,0.23015514
22.25,81.25,36,0,36,1.0,3.0,0.23265523
22.25,81.75,36,0,36,1.0,3.0,0.23000635
22.25,82.75,36,0,36,1.0,3.0,0.15102473
22.25,259.75,36,0,36,1.0,3.0,0.13765775
22.25,260.75,36,0,36,1.0,3.0,0.33500588
22.25,261.25,36,0,36,1.0,3.0,0.21866806
22.25,261.75,36,0,36,1.0,3.0,0.18894911
22.75,73.25,36,0,36,1.0,3.0,0.15310174
22.75,73.75,36,0,36,1.0,3.0,0.21086703
22.75,74.25,36,0,36,1.0,3.0,0.1837321
22.75,74.75,36,0,36,1.0,3.0,0.152871
22.75,75.25,36,0,36,1.0,3.0,0.18775347
22.75,75.75,36,0,36,1.0,3.0,0.1704096
22.75,76.25,36,0,36,1.0,3.0,0.19351225
22.75,76.75,36,0,36,1.0,3.0,0.19583073
22.75,77.25,36,0,36,1.0,3.0,0.21963713
22.75,77.75,36,0,36,1.0,3.0,0.23105139
22.75,78.25,36,0,36,1.0,3.0,0.25526813
22.75,78.75,36,0,36,1.0,3.0,0.22687316
22.75,79.25,36,0,36,1.0,3.0,0.19163688
22.75,79.75,36,0,36,1.0,3.0,0.1688715
22.75,80.25,36,0,36,1.0,3.0,0.16424868
22.75,80.75,36,0,36,1.0,3.0,0.20222032
22.75,81.25,36,0,36,1.0,3.0,0.1689568
22.75,260.25,36,0,36,1.0,3.0,0.3690786
22.75,260.75,36,0,36,1.0,3.0,0.28473094
22.75,261.25,36,0,36,1.0,3.0,0.2139775
22.75,261.75,36,0,36,1.0,3.0,0.20490974
23.25,73.25,36,0,36,1.0,3.0,0.15310393
23.25,73.75,36,0,36,1.0,3.0,0.21045314
23.25,74.25,36,0,36,1.0,3.0,0.16438805
23.25,74.75,36,0,36,1.0,3.0,0.12799561
23.25,75.25,36,0,36,1.0,3.0,0.1899531
23.25,75.75,36,0,36,1.0,3.0,0.1651793
23.25,76.25,36,0,36,1.0,3.0,0.18613753
23.25,76.75,36,0,36,1.0,3.0,0.20177941
23.25,77.25,36,0,36,1.0,3.0,0.19193193
23.25,77.75,36,0,36,1.0,3.0,0.18782455
23.25,78.25,36,0,36,1.0,3.0,0.17886111
23.25,78.75,36,0,36,1.0,3.0,0.20303059
23.25,79.25,36,0,36,1.0,3.0,0.21556637
23.25,79.75,36,0,36,1.0,3.0,0.1645365
23.25,80.25,36,0,36,1.0,3.0,0.16381852
23.25,80.75,36,0,36,1.0,3.0,0.18424314
23.25,81.25,36,0,36,1.0,3.0,0.21593162
23.25,81.75,36,0,36,1.0,3.0,0.18186048
23.25,82.25,36,0,36,1.0,3.0,0.18221807
23.25,260.75,36,0,36,1.0,3.0,0.36193666
23.25,261.25,36,0,36,1.0,3.0,0.31344604
23.25,261.75,36,0,36,1.0,3.0,0.31866148
23.75,72.25,36,0,36,1.0,3.0,0.14419273
23.75,72.75,36,0,36,1.0,3.0,0.16341457
23.75,73.25,36,0,36,1.0,3.0,0.21428204
23.75,73.75,36,0,36,1.0,3.0,0.1302753
23.75,74.25,36,0,36,1.0,3.0,0.22871661
23.75,74.75,36,0,36,1.0,3.0,0.19266391
23.75,75.25,36,0,36,1.0,3.0,0.18891804
23.75,75.75,36,0,36,1.0,3.0,0.17733356
23.75,76.25,36,0,36,1.0,3.0,0.16358426
23.75,76.75,36,0,36,1.0,3.0,0.18474548
23.75,77.25,36,0,36,1.0,3.0,0.1910895
23.75,77.75,36,0,36,1.0,3.0,0.14948747
23.75,78.25,36,0,36,1.0,3.0,0.15883574
23.75,78.75,36,0,36,1.0,3.0,0.18831563
23.75,79.25,36,0,36,1.0,3.0,0.19210187
23.75,79.75,36,0,36,1.0,3.0,0.17917953
23.75,80.25,36,0,36,1.0,3.0,0.17036204
23.75,80.75,36,0,36,1.0,3.0,0.17174134
23.75,81.25,36,0,36,1.0,3.0,0.18761681
23.75,81.75,36,0,36,1.0,3.0,0.18326831
23.75,82.75,36,0,36,1.0,3.0,0.27777627
23.75,92.25,36,0,36,1.0,3.0,0.47062206
23.75,92.75,36,0,36,1.0,3.0,0.4653653
23.75,93.25,36,0,36,1.0,3.0,0.49174845
23.75,261.75,36,0,36,1.0,3.0,0.3818156
24.25,72.75,36,0,36,1.0,3.0,0.22868611
24.25,73.25,36,0,36,1.0,3.0,0.28363308
24.25,73.75,36,0,36,1.0,3.0,0.15205362
24.25,74.25,36,0,36,1.0,3.0,0.22092123
24.25,74.75,36,0,36,1.0,3.0,0.22806762
24.25,75.25,36,0,36,1.0,3.0,0.20807157
24.25,75.75,36,0,36,1.0,3.0,0.19395566
24.25,76.25,36,0,36,1.0,3.0,0.19282229
24.25,76.75,36,0,36,1.0,3.0,0.16398327
24.25,77.25,36,0,36,1.0,3.0,0.16274461
24.25,77.75,36,0,36,1.0,3.0,0.13298474
24.25,78.25,36,0,36,1.0,3.0,0.12945746
24.25,78.75,36,0,36,1.0,3.0,0.17166466
24.25,79.25,36,0,36,1.0,3.0,0.17757514
24.25,79.75,36,0,36,1.0,3.0,0.1333389
24.25,80.25,36,0,36,1.0,3.0,0.17144603
24.25,80.75,36,0,36,1.0,3.0,0.15337734
24.25,81.25,36,0,36,1.0,3.0,0.13589133
24.25,81.75,36,0,36,1.0,3.0,0.14981389
24.25,82.25,36,0,36,1.0,3.0,0.18679315
24.25,82.75,36,0,36,1.0,3.0,0.1736509
24.25,92.25,36,0,36,1.0,3.0,0.47220245
24.25,92.75,36,0,36,1.0,3.0,0.4778002
24.25,261.75,36,0,36,1.0,3.0,0.41336024
24.75,73.25,36,0,36,1.0,3.0,0.27510497
24.75,74.25,36,0,36,1.0,3.0,0.14688893
24.75,74.75,36,0,36,1.0,3.0,0.16929658
24.75,75.25,36,0,36,1.0,3.0,0.17706639
24.75,75.75,36,0,36,1.0,3.0,0.1539705
24.75,76.25,36,0,36,1.0,3.0,0.15693766
24.75,76.75,36,0,36,1.0,3.0,0.18015854
24.75,77.25,36,0,36,1.0,3.0,0.18320775
24.75,78.25,36,0,36,1.0,3.0,0.16323563
24.75,78.75,36,0,36,1.0,3.0,0.158375
24.75,79.25,36,0,36,1.0,3.0,0.18187018
24.75,79.75,36,0,36,1.0,3.0,0.16987216
24.75,80.25,36,0,36,1.0,3.0,0.15673496
24.75,80.75,36,0,36,1.0,3.0,0.15276061
24.75,81.25,36,0,36,1.0,3.0,0.14038262
24.75,81.75,36,0,36,1.0,3.0,0.13476953
24.75,82.25,36,0,36,1.0,3.0,0.15079261
24.75,82.75,36,0,36,1.0,3.0,0.2014223
24.75,92.75,36,0,36,1.0,3.0,0.3613475
25.25,73.25,36,0,36,1.0,3.0,0.2703928
25.25,73.75,36,0,36,1.0,3.0,0.24029085
25.25,74.25,36,0,36,1.0,3.0,0.16118352
25.25,74.75,36,0,36,1.0,3.0,0.20646414
25.25,75.25,36,0,36,1.0,3.0,0.13759959
25.25,75.75,36,0,36,1.0,3.0,0.1719685
25.25,76.25,36,0,36,1.0,3.0,0.18528743
25.25,76.75,36,0,36,1.0,3.0,0.15825976
25.25,77.25,36,0,36,1.0,3.0,0.20118159
25.25,77.75,36,0,36,1.0,3.0,0.17823894
25.25,78.25,36,0,36,1.0,3.0,0.1734967
25.25,78.75,36,0,36,1.0,3.0,0.1607882
25.25,80.75,36,0,36,1.0,3.0,0.16337286
25.25,81.25,36,0,36,1.0,3.0,0.18276046
25.25,81.75,36,0,36,1.0,3.0,0.16660266
25.25,82.25,36,0,36,1.0,3.0,0.14404982
25.25,82.75,36,0,36,1.0,3.0,0.16151448
25.25,83.25,36,0,36,1.0,3.0,0.14012757
25.25,83.75,36,0,36,1.0,3.0,0.19253637
25.25,84.25,36,0,36,1.0,3.0,0.20803258
25.25,84.75,36,0,36,1.0,3.0,0.1944474
25.25,85.25,36,0,36,1.0,3.0,0.2057529
25.25,85.75,36,0,36,1.0,3.0,0.16860233
25.25,86.25,36,0,36,1.0,3.0,0.15507783
25.25,86.75,36,0,36,1.0,3.0,0.18944554
25.25,87.25,36,0,36,1.0,3.0,0.2944538
25.25,91.75,36,0,36,1.0,3.0,0.40011016
25.25,92.25,36,0,36,1.0,3.0,0.37457925
25.25,252.25,36,0,36,1.0,3.0,0.15402573
25.25,261.75,36,0,36,1.0,3.0,0.2767077
25.75,73.75,36,0,36,1.0,3.0,0.21821348
25.75,74.25,36,0,36,1.0,3.0,0.15017597
25.75,74.75,36,0,36,1.0,3.0,0.13360256
25.75,75.25,36,0,36,1.0,3.0,0.15557294
25.75,75.75,36,0,36,1.0,3.0,0.14324595
25.75,76.25,36,0,36,1.0,3.0,0.17917332
25.75,76.75,36,0,36,1.0,3.0,0.20374204
25.75,77.25,36,0,36,1.0,3.0,0.2699688
25.75,77.75,36,0,36,1.0,3.0,0.23349199
25.75,78.25,36,0,36,1.0,3.0,0.1643452
25.75,80.75,36,0,36,1.0,3.0,0.12608421
25.75,81.25,36,0,36,1.0,3.0,0.15395679
25.75,81.75,36,0,36,1.0,3.0,0.15015304
25.75,82.25,36,0,36,1.0,3.0,0.16643736
25.75,82.75,36,0,36,1.0,3.0,0.17850925
25.75,83.25,36,0,36,1.0,3.0,0.16995789
25.75,83.75,36,0,36,1.0,3.0,0.16383725
25.75,84.25,36,0,36,1.0,3.0,0.1378483
25.75,84.75,36,0,36,1.0,3.0,0.13262065
25.75,85.25,36,0,36,1.0,3.0,0.17186525
25.75,85.75,36,0,36,1.0,3.0,0.18647423
25.75,86.25,36,0,36,1.0,3.0,0.18526973
25.75,86.75,36,0,36,1.0,3.0,0.12825267
25.75,90.25,36,0,36,1.0,3.0,0.43048584
25.75,90.75,36,0,36,1.0,3.0,0.4835117
25.75,91.25,36,0,36,1.0,3.0,0.44885334
25.75,91.75,36,0,36,1.0,3.0,0.4355238
25.75,92.25,36,0,36,1.0,3.0,0.44992718
25.75,251.75,36,0,36,1.0,3.0,0.13213688
25.75,252.25,36,0,36,1.0,3.0,0.25248325
25.75,261.25,36,0,36,1.0,3.0,0.1711772
25.75,261.75,36,0,36,1.0,3.0,0.14102443
26.25,76.75,36,0,36,1.0,3.0,0.15283018
26.25,77.25,36,0,36,1.0,3.0,0.23335601
26.25,77.75,36,0,36,1.0,3.0,0.16759221
26.25,80.25,36,0,36,1.0,3.0,0.15098964
26.25,83.25,36,0,36,1.0,3.0,0.20423627
26.25,83.75,36,0,36,1.0,3.0,0.17880948
26.25,84.25,36,0,36,1.0,3.0,0.19824669
26.25,84.75,36,0,36,1.0,3.0,0.21786179
26.25,85.25,36,0,36,1.0,3.0,0.21502927
26.25,85.75,36,0,36,1.0,3.0,0.22709659
26.25,89.75,36,0,36,1.0,3.0,0.3736598
26.25,90.25,36,0,36,1.0,3.0,0.30227664
26.25,90.75,36,0,36,1.0,3.0,0.3199084
26.25,91.25,36,0,36,1.0,3.0,0.36950025
26.25,91.75,36,0,36,1.0,3.0,0.42790204
26.25,92.25,36,0,36,1.0,3.0,0.34667933
26.25,251.75,36,0,36,1.0,3.0,0.28304917
26.25,261.25,36,0,36,1.0,3.0,0.18804665
26.25,261.75,36,0,36,1.0,3.0,0.13266411
26.25,262.25,36,0,36,1.0,3.0,0.15240042
26.75,76.25,36,0,36,1.0,3.0,0.16602786
26.75,76.75,36,0,36,1.0,3.0,0.12527943
26.75,77.25,36,0,36,1.0,3.0,0.16512659
26.75,77.75,36,0,36,1.0,3.0,0.15257828
26.75,78.25,36,0,36,1.0,3.0,0.12927915
26.75,78.75,36,0,36,1.0,3.0,0.13263135
26.75,79.25,36,0,36,1.0,3.0,0.13789828
26.75,82.75,36,0,36,1.0,3.0,0.22452246
26.75,83.25,36,0,36,1.0,3.0,0.2087865
26.75,83.75,36,0,36,1.0,3.0,0.27958012
26.75,84.25,36,0,36,1.0,3.0,0.26264814
26.75,84.75,36,0,36,1.0,3.0,0.27905926
26.75,85.25,36,0,36,1.0,3.0,0.24123892
26.75,85.75,36,0,36,1.0,3.0,0.24205561
26.75,88.25,36,0,36,1.0,3.0,0.16581912
26.75,89.25,36,0,36,1.0,3.0,0.40065604
26.75,89.75,36,0,36,1.0,3.0,0.4179546
26.75,90.75,36,0,36,1.0,3.0,0.38840163
26.75,91.75,36,0,36,1.0,3.0,0.380088
26.75,92.25,36,0,36,1.0,3.0,0.30296698
26.75,92.75,36,0,36,1.0,3.0,0.33044878
26.75,93.25,36,0,36,1.0,3.0,0.36497733
26.75,93.75,36,0,36,1.0,3.0,0.35553864
26.75,94.25,36,0,36,1.0,3.0,0.3617559
26.75,94.75,36,0,36,1.0,3.0,0.3998464
26.75,95.25,36,0,36,1.0,3.0,0.463559
27.25,79.75,36,0,36,1.0,3.0,0.13582511
27.25,80.25,36,0,36,1.0,3.0,0.16281478
27.25,88.25,36,0,36,1.0,3.0,0.4002549
27.25,93.75,36,0,36,1.0,3.0,0.37351632
27.25,94.25,36,0,36,1.0,3.0,0.41909993
27.25,94.75,36,0,36,1.0,3.0,0.36793405
27.25,95.25,36,0,36,1.0,3.0,0.41922542
27.25,95.75,36,0,36,1.0,3.0,0.49406254
27.25,96.25,36,0,36,1.0,3.0,0.48635477
27.75,78.25,36,0,36,1.0,3.0,0.13352711
27.75,78.75,36,0,36,1.0,3.0,0.13116422
27.75,79.25,36,0,36,1.0,3.0,0.1303028
27.75,79.75,36,0,36,1.0,3.0,0.17766124
27.75,80.25,36,0,36,1.0,3.0,0.22366527
27.75,80.75,36,0,36,1.0,3.0,0.28360555
27.75,82.25,36,0,36,1.0,3.0,0.13456544
27.75,94.75,36,0,36,1.0,3.0,0.31530693
27.75,95.25,36,0,36,1.0,3.0,0.38222155
27.75,95.75,36,0,36,1.0,3.0,0.45967194
27.75,96.25,36,0,36,1.0,3.0,0.47029546
28.25,78.25,36,0,36,1.0,3.0,0.21049368
28.25,78.75,36,0,36,1.0,3.0,0.22559734
28.25,79.25,36,0,36,1.0,3.0,0.15710258
28.25,80.25,36,0,36,1.0,3.0,0.12766816
28.25,95.25,36,0,36,1.0,3.0,0.43257016
28.25,95.75,36,0,36,1.0,3.0,0.46702754
28.25,262.25,36,0,36,1.0,3.0,0.2068422
28.25,262.75,36,0,36,1.0,3.0,0.26108226
28.75,77.75,36,0,36,1.0,3.0,0.31466287
28.75,78.25,36,0,36,1.0,3.0,0.27668723
28.75,78.75,36,0,36,1.0,3.0,0.27901
28.75,79.25,36,0,36,1.0,3.0,0.19837838
28.75,79.75,36,0,36,1.0,3.0,0.1275243
28.75,80.75,36,0,36,1.0,3.0,0.13305396
28.75,261.75,36,0,36,1.0,3.0,0.28678238
28.75,262.25,36,0,36,1.0,3.0,0.25686818
28.75,262.75,36,0,36,1.0,3.0,0.25069797
29.25,77.75,36,0,36,1.0,3.0,0.3294437
29.25,78.25,36,0,36,1.0,3.0,0.33346924
29.25,78.75,36,0,36,1.0,3.0,0.32228082
29.25,79.25,36,0,36,1.0,3.0,0.2765585
29.25,79.75,36,0,36,1.0,3.0,0.14166598
29.25,80.25,36,0,36,1.0,3.0,0.16061063
29.25,262.75,36,0,36,1.0,3.0,0.25160483
29.25,263.25,36,0,36,1.0,3.0,0.2668732
29.25,263.75,36,0,36,1.0,3.0,0.26512793
29.25,264.25,36,0,36,1.0,3.0,0.27915332
29.75,76.25,36,0,36,1.0,3.0,0.28121984
29.75,76.75,36,0,36,1.0,3.0,0.29923552
29.75,77.25,36,0,36,1.0,3.0,0.35299295
29.75,77.75,36,0,36,1.0,3.0,0.3642681
29.75,78.25,36,0,36,1.0,3.0,0.36875406
29.75,79.25,36,0,36,1.0,3.0,0.22393726
29.75,79.75,36,0,36,1.0,3.0,0.15268864
29.75,80.25,36,0,36,1.0,3.0,0.17042954
29.75,80.75,36,0,36,1.0,3.0,0.16704048
29.75,118.25,36,0,36,1.0,3.0,0.27600557
29.75,262.75,36,0,36,1.0,3.0,0.27908644
29.75,263.25,36,0,36,1.0,3.0,0.26061466
29.75,263.75,36,0,36,1.0,3.0,0.29170927
29.75,264.25,36,0,36,1.0,3.0,0.23835339
29.75,264.75,36,0,36,1.0,3.0,0.24188477
29.75,277.25,36,0,36,1.0,3.0,0.23338746
30.25,75.75,36,0,36,1.0,3.0,0.32931036
30.25,76.25,36,0,36,1.0,3.0,0.32442033
30.25,76.75,36,0,36,1.0,3.0,0.3183286
30.25,77.25,36,0,36,1.0,3.0,0.35679227
30.25,77.75,36,0,36,1.0,3.0,0.3821307
30.25,78.25,36,0,36,1.0,3.0,0.38935488
30.25,78.75,36,0,36,1.0,3.0,0.45873615
30.25,116.75,36,0,36,1.0,3.0,0.24619426
30.25,263.25,36,0,36,1.0,3.0,0.24822041
30.25,263.75,36,0,36,1.0,3.0,0.2738642
30.25,264.25,36,0,36,1.0,3.0,0.23521206
30.25,264.75,36,0,36,1.0,3.0,0.29094356
30.25,265.25,36,0,36,1.0,3.0,0.25544417
30.25,266.25,36,0,36,1.0,3.0,0.21994178
30.25,266.75,36,0,36,1.0,3.0,0.16914941
30.25,267.25,36,0,36,1.0,3.0,0.16810226
30.25,267.75,36,0,36,1.0,3.0,0.16472767
30.25,268.25,36,0,36,1.0,3.0,0.18325035
30.25,268.75,36,0,36,1.0,3.0,0.22587322
30.25,274.75,36,0,36,1.0,3.0,0.2597721
30.25,276.75,36,0,36,1.0,3.0,0.20755143
30.25,277.25,36,0,36,1.0,3.0,0.23412071
30.75,75.75,36,0,36,1.0,3.0,0.35079706
30.75,76.25,36,0,36,1.0,3.0,0.34480304
30.75,76.75,36,0,36,1.0,3.0,0.29216522
30.75,77.75,36,0,36,1.0,3.0,0.46880502
30.75,116.75,36,0,36,1.0,3.0,0.26487574
30.75,117.25,36,0,36,1.0,3.0,0.22491731
30.75,118.25,36,0,36,1.0,3.0,0.29511762
30.75,262.25,36,0,36,1.0,3.0,0.2063558
30.75,262.75,36,0,36,1.0,3.0,0.2504224
30.75,263.25,36,0,36,1.0,3.0,0.22600424
30.75,263.75,36,0,36,1.0,3.0,0.20506424
30.75,266.25,36,0,36,1.0,3.0,0.27074274
30.75,266.75,36,0,36,1.0,3.0,0.23812884
30.75,267.25,36,0,36,1.0,3.0,0.20280142
30.75,267.75,36,0,36,1.0,3.0,0.19545054
30.75,268.25,36,0,36,1.0,3.0,0.22263838
30.75,268.75,36,0,36,1.0,3.0,0.22712366
30.75,270.25,36,0,36,1.0,3.0,0.2629007
30.75,271.25,36,0,36,1.0,3.0,0.3208031
30.75,272.75,36,0,36,1.0,3.0,0.22394888
30.75,273.25,36,0,36,1.0,3.0,0.23268943
30.75,273.75,36,0,36,1.0,3.0,0.25436652
30.75,274.25,36,0,36,1.0,3.0,0.2332779
30.75,274.75,36,0,36,1.0,3.0,0.20575209
30.75,275.25,36,0,36,1.0,3.0,0.2249681
30.75,275.75,36,0,36,1.0,3.0,0.25033492
30.75,276.25,36,0,36,1.0,3.0,0.23223108
30.75,276.75,36,0,36,1.0,3.0,0.21988025
31.25,76.75,36,0,36,1.0,3.0,0.5180059
31.25,77.25,36,0,36,1.0,3.0,0.50728536
31.25,116.25,36,0,36,1.0,3.0,0.32651594
31.25,116.75,36,0,36,1.0,3.0,0.2905774
31.25,262.25,36,0,36,1.0,3.0,0.19067194
31.25,262.75,36,0,36,1.0,3.0,0.19390197
31.25,263.25,36,0,36,1.0,3.0,0.21684949
31.25,263.75,36,0,36,1.0,3.0,0.27988765
31.25,266.75,36,0,36,1.0,3.0,0.24927863
31.25,267.25,36,0,36,1.0,3.0,0.23880763
31.25,267.75,36,0,36,1.0,3.0,0.20427343
31.25,268.25,36,0,36,1.0,3.0,0.22954261
31.25,268.75,36,0,36,1.0,3.0,0.23946045
31.25,269.75,36,0,36,1.0,3.0,0.22900414
31.25,270.25,36,0,36,1.0,3.0,0.21352531
31.25,271.75,36,0,36,1.0,3.0,0.2583703
31.25,272.25,36,0,36,1.0,3.0,0.26171035
31.25,272.75,36,0,36,1.0,3.0,0.24217577
31.25,273.25,36,0,36,1.0,3.0,0.27009532
31.25,273.75,36,0,36,1.0,3.0,0.23125798
31.25,274.25,36,0,36,1.0,3.0,0.18967044
31.25,274.75,36,0,36,1.0,3.0,0.19223534
31.25,275.25,36,0,36,1.0,3.0,0.1911307
31.25,275.75,36,0,36,1.0,3.0,0.22195694
31.25,276.25,36,0,36,1.0,3.0,0.17857243
31.25,276.75,36,0,36,1.0,3.0,0.19642155
31.25,277.25,36,0,36,1.0,3.0,0.19224426
31.25,277.75,36,0,36,1.0,3.0,0.18929528
31.75,76.75,36,0,36,1.0,3.0,0.4907794
31.75,116.75,36,0,36,1.0,3.0,0.24374293
31.75,118.75,36,0,36,1.0,3.0,0.20593603
31.75,262.25,36,0,36,1.0,3.0,0.1736162
31.75,262.75,36,0,36,1.0,3.0,0.18965696
31.75,263.25,36,0,36,1.0,3.0,0.20730518
31.75,266.75,36,0,36,1.0,3.0,0.22424029
31.75,267.25,36,0,36,1.0,3.0,0.23233406
31.75,267.75,36,0,36,1.0,3.0,0.2536395
31.75,268.25,36,0,36,1.0,3.0,0.2311752
31.75,268.75,36,0,36,1.0,3.0,0.25258356
31.75,269.75,36,0,36,1.0,3.0,0.23069346
31.75,270.25,36,0,36,1.0,3.0,0.22025426
31.75,270.75,36,0,36,1.0,3.0,0.24330953
31.75,271.25,36,0,36,1.0,3.0,0.24844214
31.75,273.75,36,0,36,1.0,3.0,0.2247845
31.75,274.25,36,0,36,1.0,3.0,0.23473541
31.75,274.75,36,0,36,1.0,3.0,0.2046576
31.75,275.25,36,0,36,1.0,3.0,0.19951896
31.75,275.75,36,0,36,1.0,3.0,0.19872807
31.75,276.25,36,0,36,1.0,3.0,0.1668599
31.75,276.75,36,0,36,1.0,3.0,0.17306973
31.75,277.25,36,0,36,1.0,3.0,0.18348679
31.75,277.75,36,0,36,1.0,3.0,0.17981084
31.75,278.25,36,0,36,1.0,3.0,0.20110272
32.25,114.75,36,0,36,1.0,3.0,0.2146155
32.25,115.25,36,0,36,1.0,3.0,0.23959135
32.25,117.25,36,0,36,1.0,3.0,0.22143865
32.25,118.25,36,0,36,1.0,3.0,0.19353484
32.25,262.25,36,0,36,1.0,3.0,0.24795133
32.25,262.75,36,0,36,1.0,3.0,0.22054955
32.25,263.25,36,0,36,1.0,3.0,0.19543308
32.25,263.75,36,0,36,1.0,3.0,0.22425
32.25,265.75,36,0,36,1.0,3.0,0.29352367
32.25,266.25,36,0,36,1.0,3.0,0.2239029
32.25,267.75,36,0,36,1.0,3.0,0.24287775
32.25,268.25,36,0,36,1.0,3.0,0.21947758
32.25,268.75,36,0,36,1.0,3.0,0.2531856
32.25,269.25,36,0,36,1.0,3.0,0.22945075
32.25,269.75,36,0,36,1.0,3.0,0.2274476
32.25,270.25,36,0,36,1.0,3.0,0.23345192
32.25,270.75,36,0,36,1.0,3.0,0.24957454
32.25,271.25,36,0,36,1.0,3.0,0.2410697
32.25,272.25,36,0,36,1.0,3.0,0.2331092
32.25,272.75,36,0,36,1.0,3.0,0.20816305
32.25,273.25,36,0,36,1.0,3.0,0.19929673
32.25,273.75,36,0,36,1.0,3.0,0.17581554
32.25,274.25,36,0,36,1.0,3.0,0.19434553
32.25,274.75,36,0,36,1.0,3.0,0.2350838
32.25,275.25,36,0,36,1.0,3.0,0.21336794
32.25,275.75,36,0,36,1.0,3.0,0.19307862
32.25,276.25,36,0,36,1.0,3.0,0.16966097
32.25,276.75,36,0,36,1.0,3.0,0.18292382
32.25,277.25,36,0,36,1.0,3.0,0.21487743
32.25,277.75,36,0,36,1.0,3.0,0.19390522
32.25,278.25,36,0,36,1.0,3.0,0.18596573
32.25,278.75,36,0,36,1.0,3.0,0.20213336
32.75,112.25,36,0,36,1.0,3.0,0.22010472
32.75,113.25,36,0,36,1.0,3.0,0.1772264
32.75,113.75,36,0,36,1.0,3.0,0.22196145
32.75,115.25,36,0,36,1.0,3.0,0.23256415
32.75,117.75,36,0,36,1.0,3.0,0.20285508
32.75,118.25,36,0,36,1.0,3.0,0.2277373
32.75,118.75,36,0,36,1.0,3.0,0.22723038
32.75,119.75,36,0,36,1.0,3.0,0.23228934
32.75,263.25,36,0,36,1.0,3.0,0.16335535
32.75,263.75,36,0,36,1.0,3.0,0.21176833
32.75,264.25,36,0,36,1.0,3.0,0.16274011
32.75,266.25,36,0,36,1.0,3.0,0.24170516
32.75,267.75,36,0,36,1.0,3.0,0.2374304
32.75,268.25,36,0,36,1.0,3.0,0.21337438
32.75,268.75,36,0,36,1.0,3.0,0.23211637
32.75,269.25,36,0,36,1.0,3.0,0.27517247
32.75,269.75,36,0,36,1.0,3.0,0.24609277
32.75,270.25,36,0,36,1.0,3.0,0.25547203
32.75,270.75,36,0,36,1.0,3.0,0.24729851
32.75,271.25,36,0,36,1.0,3.0,0.23291968
32.75,271.75,36,0,36,1.0,3.0,0.21956855
32.75,272.25,36,0,36,1.0,3.0,0.20973225
32.75,272.75,36,0,36,1.0,3.0,0.30531964
32.75,273.75,36,0,36,1.0,3.0,0.18738768
32.75,275.75,36,0,36,1.0,3.0,0.19101092
32.75,276.25,36,0,36,1.0,3.0,0.16368245
32.75,276.75,36,0,36,1.0,3.0,0.17196795
32.75,277.25,36,0,36,1.0,3.0,0.19125593
32.75,277.75,36,0,36,1.0,3.0,0.18707573
32.75,278.25,36,0,36,1.0,3.0,0.18298246
32.75,278.75,36,0,36,1.0,3.0,0.20260447
32.75,279.25,36,0,36,1.0,3.0,0.23073266
33.25,112.25,36,0,36,1.0,3.0,0.22005413
33.25,113.75,36,0,36,1.0,3.0,0.18896466
33.25,114.75,36,0,36,1.0,3.0,0.18825988
33.25,116.75,36,0,36,1.0,3.0,0.21346411
33.25,117.25,36,0,36,1.0,3.0,0.22059724
33.25,118.75,36,0,36,1.0,3.0,0.23538473
33.25,262.75,36,0,36,1.0,3.0,0.2198769
33.25,263.25,36,0,36,1.0,3.0,0.16289568
33.25,263.75,36,0,36,1.0,3.0,0.19063985
33.25,264.25,36,0,36,1.0,3.0,0.22176422
33.25,264.75,36,0,36,1.0,3.0,0.26605254
33.25,265.25,36,0,36,1.0,3.0,0.28009748
33.25,265.75,36,0,36,1.0,3.0,0.26453197
33.25,266.25,36,0,36,1.0,3.0,0.23107806
33.25,266.75,36,0,36,1.0,3.0,0.2819477
33.25,267.75,36,0,36,1.0,3.0,0.26727173
33.25,268.25,36,0,36,1.0,3.0,0.20544778
33.25,268.75,36,0,36,1.0,3.0,0.21148476
33.25,269.25,36,0,36,1.0,3.0,0.22426301
33.25,269.75,36,0,36,1.0,3.0,0.20895785
33.25,270.25,36,0,36,1.0,3.0,0.25878063
33.25,270.75,36,0,36,1.0,3.0,0.2760716
33.25,271.25,36,0,36,1.0,3.0,0.21745457
33.25,271.75,36,0,36,1.0,3.0,0.21370028
33.25,272.25,36,0,36,1.0,3.0,0.23139606
33.25,272.75,36,0,36,1.0,3.0,0.24042791
33.25,273.25,36,0,36,1.0,3.0,0.20971751
33.25,273.75,36,0,36,1.0,3.0,0.21457238
33.25,275.75,36,0,36,1.0,3.0,0.19531538
33.25,276.25,36,0,36,1.0,3.0,0.23779014
33.25,277.25,36,0,36,1.0,3.0,0.21453865
33.25,277.75,36,0,36,1.0,3.0,0.1935014
33.25,278.25,36,0,36,1.0,3.0,0.18122238
33.25,278.75,36,0,36,1.0,3.0,0.22699572
33.25,279.25,36,0,36,1.0,3.0,0.23869494
33.25,279.75,36,0,36,1.0,3.0,0.24179383
33.25,280.25,36,0,36,1.0,3.0,0.23454091
33.75,111.75,36,0,36,1.0,3.0,0.34818506
33.75,112.25,36,0,36,1.0,3.0,0.41154736
33.75,112.75,36,0,36,1.0,3.0,0.20882583
33.75,113.75,36,0,36,1.0,3.0,0.23374166
33.75,119.25,36,0,36,1.0,3.0,0.24304962
33.75,260.75,36,0,36,1.0,3.0,0.17401506
33.75,262.75,36,0,36,1.0,3.0,0.21680878
33.75,263.25,36,0,36,1.0,3.0,0.2213584
33.75,263.75,36,0,36,1.0,3.0,0.2012458
33.75,264.25,36,0,36,1.0,3.0,0.23364444
33.75,264.75,36,0,36,1.0,3.0,0.22685842
33.75,265.25,36,0,36,1.0,3.0,0.23661615
33.75,265.75,36,0,36,1.0,3.0,0.22463161
33.75,266.25,36,0,36,1.0,3.0,0.24532852
33.75,266.75,36,0,36,1.0,3.0,0.25197038
33.75,268.25,36,0,36,1.0,3.0,0.23196708
33.75,268.75,36,0,36,1.0,3.0,0.20375049
33.75,269.25,36,0,36,1.0,3.0,0.19364248
33.75,269.75,36,0,36,1.0,3.0,0.20047684
33.75,270.25,36,0,36,1.0,3.0,0.23898348
33.75,270.75,36,0,36,1.0,3.0,0.22979943
33.75,271.25,36,0,36,1.0,3.0,0.23060884
33.75,271.75,36,0,36,1.0,3.0,0.22956215
33.75,272.25,36,0,36,1.0,3.0,0.24630748
33.75,272.75,36,0,36,1.0,3.0,0.22830625
33.75,273.25,36,0,36,1.0,3.0,0.2002968
33.75,273.75,36,0,36,1.0,3.0,0.21983822
33.75,274.25,36,0,36,1.0,3.0,0.20794596
33.75,274.75,36,0,36,1.0,3.0,0.21890077
33.75,275.75,36,0,36,1.0,3.0,0.20538732
33.75,276.25,36,0,36,1.0,3.0,0.21366863
33.75,276.75,36,0,36,1.0,3.0,0.20267025
33.75,277.75,36,0,36,1.0,3.0,0.23963708
33.75,278.25,36,0,36,1.0,3.0,0.18732114
33.75,278.75,36,0,36,1.0,3.0,0.18375383
33.75,279.25,36,0,36,1.0,3.0,0.21158108
33.75,279.75,36,0,36,1.0,3.0,0.20864488
33.75,280.25,36,0,36,1.0,3.0,0.21234642
33.75,280.75,36,0,36,1.0,3.0,0.21215749
34.25,117.75,36,0,36,1.0,3.0,0.24763624
34.25,118.25,36,0,36,1.0,3.0,0.21093668
34.25,256.75,36,0,36,1.0,3.0,0.19508763
34.25,257.25,36,0,36,1.0,3.0,0.14470065
34.25,257.75,36,0,36,1.0,3.0,0.17026445
34.25,258.25,36,0,36,1.0,3.0,0.15620822
34.25,260.25,36,0,36,1.0,3.0,0.13351336
34.25,261.75,36,0,36,1.0,3.0,0.17827721
34.25,262.25,36,0,36,1.0,3.0,0.23482461
34.25,262.75,36,0,36,1.0,3.0,0.21819806
34.25,263.25,36,0,36,1.0,3.0,0.24525519
34.25,264.25,36,0,36,1.0,3.0,0.2457548
34.25,264.75,36,0,36,1.0,3.0,0.19810241
34.25,265.25,36,0,36,1.0,3.0,0.25292546
34.25,266.75,36,0,36,1.0,3.0,0.24888964
34.25,267.25,36,0,36,1.0,3.0,0.23856322
34.25,267.75,36,0,36,1.0,3.0,0.24913576
34.25,268.25,36,0,36,1.0,3.0,0.22007625
34.25,268.75,36,0,36,1.0,3.0,0.19203418
34.25,269.25,36,0,36,1.0,3.0,0.21492928
34.25,269.75,36,0,36,1.0,3.0,0.21628064
34.25,270.25,36,0,36,1.0,3.0,0.22532609
34.25,270.75,36,0,36,1.0,3.0,0.21775939
34.25,271.25,36,0,36,1.0,3.0,0.22179954
34.25,271.75,36,0,36,1.0,3.0,0.25371265
34.25,272.25,36,0,36,1.0,3.0,0.21953405
34.25,272.75,36,0,36,1.0,3.0,0.23895456
34.25,273.25,36,0,36,1.0,3.0,0.21211974
34.25,273.75,36,0,36,1.0,3.0,0.21979935
34.25,274.25,36,0,36,1.0,3.0,0.194348
34.25,274.75,36,0,36,1.0,3.0,0.21066307
34.25,275.25,36,0,36,1.0,3.0,0.21828493
34.25,276.25,36,0,36,1.0,3.0,0.21816441
34.25,276.75,36,0,36,1.0,3.0,0.19019452
34.25,277.25,36,0,36,1.0,3.0,0.19658299
34.25,277.75,36,0,36,1.0,3.0,0.22158092
34.25,278.25,36,0,36,1.0,3.0,0.23635408
34.25,278.75,36,0,36,1.0,3.0,0.19830349
34.25,279.25,36,0,36,1.0,3.0,0.20475611
34.25,279.75,36,0,36,1.0,3.0,0.19712038
34.25,280.25,36,0,36,1.0,3.0,0.18938842
34.25,280.75,36,0,36,1.0,3.0,0.1875449
34.25,281.25,36,0,36,1.0,3.0,0.19958597
34.25,281.75,36,0,36,1.0,3.0,0.21520607
34.75,110.25,36,0,36,1.0,3.0,0.17797643
34.75,116.75,36,0,36,1.0,3.0,0.21621586
34.75,256.75,36,0,36,1.0,3.0,0.15699646
34.75,257.25,36,0,36,1.0,3.0,0.13299343
34.75,257.75,36,0,36,1.0,3.0,0.13856643
34.75,258.25,36,0,36,1.0,3.0,0.127822
34.75,261.25,36,0,36,1.0,3.0,0.13605647
34.75,261.75,36,0,36,1.0,3.0,0.15913677
34.75,262.25,36,0,36,1.0,3.0,0.19314496
34.75,262.75,36,0,36,1.0,3.0,0.22425064
34.75,263.25,36,0,36,1.0,3.0,0.23291896
34.75,263.75,36,0,36,1.0,3.0,0.2378089
34.75,264.25,36,0,36,1.0,3.0,0.2494492
34.75,265.25,36,0,36,1.0,3.0,0.2409573
34.75,265.75,36,0,36,1.0,3.0,0.27388167
34.75,266.25,36,0,36,1.0,3.0,0.25103307
34.75,266.75,36,0,36,1.0,3.0,0.25448886
34.75,267.25,36,0,36,1.0,3.0,0.28779617
34.75,267.75,36,0,36,1.0,3.0,0.22797287
34.75,268.25,36,0,36,1.0,3.0,0.17863554
34.75,268.75,36,0,36,1.0,3.0,0.20245011
34.75,269.25,36,0,36,1.0,3.0,0.20292842
34.75,269.75,36,0,36,1.0,3.0,0.1876712
34.75,270.25,36,0,36,1.0,3.0,0.22321653
34.75,270.75,36,0,36,1.0,3.0,0.24131379
34.75,271.25,36,0,36,1.0,3.0,0.2238576
34.75,271.75,36,0,36,1.0,3.0,0.26283297
34.75,272.25,36,0,36,1.0,3.0,0.21732607
34.75,272.75,36,0,36,1.0,3.0,0.21027173
34.75,273.25,36,0,36,1.0,3.0,0.19582063
34.75,273.75,36,0,36,1.0,3.0,0.20097388
34.75,274.25,36,0,36,1.0,3.0,0.20793612
34.75,274.75,36,0,36,1.0,3.0,0.23589313
34.75,275.25,36,0,36,1.0,3.0,0.22175157
34.75,276.75,36,0,36,1.0,3.0,0.2186187
34.75,277.25,36,0,36,1.0,3.0,0.19827826
34.75,277.75,36,0,36,1.0,3.0,0.20882931
34.75,278.25,36,0,36,1.0,3.0,0.23050958
34.75,278.75,36,0,36,1.0,3.0,0.212755
34.75,279.25,36,0,36,1.0,3.0,0.24661337
34.75,279.75,36,0,36,1.0,3.0,0.24486634
34.75,280.25,36,0,36,1.0,3.0,0.22368406
34.75,280.75,36,0,36,1.0,3.0,0.17904142
34.75,281.25,36,0,36,1.0,3.0,0.18531173
34.75,281.75,36,0,36,1.0,3.0,0.20296645
34.75,282.25,36,0,36,1.0,3.0,0.25496218
35.25,114.75,36,0,36,1.0,3.0,0.23698173
35.25,118.75,36,0,36,1.0,3.0,0.17189653
35.25,257.75,36,0,36,1.0,3.0,0.12483003
35.25,258.75,36,0,36,1.0,3.0,0.12858047
35.25,261.75,36,0,36,1.0,3.0,0.14477122
35.25,262.25,36,0,36,1.0,3.0,0.15320146
35.25,262.75,36,0,36,1.0,3.0,0.17812145
35.25,263.25,36,0,36,1.0,3.0,0.22774963
35.25,263.75,36,0,36,1.0,3.0,0.22701141
35.25,264.25,36,0,36,1.0,3.0,0.18951443
35.25,264.75,36,0,36,1.0,3.0,0.20515959
35.25,265.25,36,0,36,1.0,3.0,0.20435116
35.25,265.75,36,0,36,1.0,3.0,0.20433597
35.25,266.25,36,0,36,1.0,3.0,0.2687695
35.25,266.75,36,0,36,1.0,3.0,0.24635689
35.25,267.25,36,0,36,1.0,3.0,0.22128798
35.25,267.75,36,0,36,1.0,3.0,0.22930695
35.25,268.25,36,0,36,1.0,3.0,0.22316438
35.25,268.75,36,0,36,1.0,3.0,0.20618373
35.25,269.25,36,0,36,1.0,3.0,0.19023442
35.25,269.75,36,0,36,1.0,3.0,0.18169864
35.25,270.25,36,0,36,1.0,3.0,0.22508945
35.25,270.75,36,0,36,1.0,3.0,0.23743752
35.25,271.25,36,0,36,1.0,3.0,0.23196355
35.25,271.75,36,0,36,1.0,3.0,0.23854393
35.25,272.25,36,0,36,1.0,3.0,0.2398824
35.25,272.75,36,0,36,1.0,3.0,0.22030476
35.25,273.25,36,0,36,1.0,3.0,0.21417266
35.25,273.75,36,0,36,1.0,3.0,0.22966272
35.25,274.25,36,0,36,1.0,3.0,0.2216018
35.25,274.75,36,0,36,1.0,3.0,0.23414274
35.25,275.25,36,0,36,1.0,3.0,0.2027088
35.25,275.75,36,0,36,1.0,3.0,0.20942546
35.25,277.25,36,0,36,1.0,3.0,0.27054656
35.25,277.75,36,0,36,1.0,3.0,0.21432133
35.25,278.25,36,0,36,1.0,3.0,0.23809232
35.25,278.75,36,0,36,1.0,3.0,0.21801522
35.25,279.25,36,0,36,1.0,3.0,0.24364242
35.25,279.75,36,0,36,1.0,3.0,0.26213217
35.25,280.25,36,0,36,1.0,3.0,0.23972183
35.25,280.75,36,0,36,1.0,3.0,0.1777397
35.25,281.25,36,0,36,1.0,3.0,0.16375639
35.25,281.75,36,0,36,1.0,3.0,0.18867463
35.25,282.25,36,0,36,1.0,3.0,0.21210036
35.25,282.75,36,0,36,1.0,3.0,0.23672971
35.75,110.75,36,0,36,1.0,3.0,0.14801814
35.75,111.25,36,0,36,1.0,3.0,0.16263196
35.75,113.25,36,0,36,1.0,3.0,0.21016397
35.75,113.75,36,0,36,1.0,3.0,0.2089249
35.75,114.25,36,0,36,1.0,3.0,0.23300816
35.75,116.25,36,0,36,1.0,3.0,0.20153837
35.75,118.25,36,0,36,1.0,3.0,0.162469
35.75,118.75,36,0,36,1.0,3.0,0.16893655
35.75,257.75,36,0,36,1.0,3.0,0.21335706
35.75,258.25,36,0,36,1.0,3.0,0.1429708
35.75,261.75,36,0,36,1.0,3.0,0.13795517
35.75,262.25,36,0,36,1.0,3.0,0.13185869
35.75,262.75,36,0,36,1.0,3.0,0.17618147
35.75,263.25,36,0,36,1.0,3.0,0.20527795
35.75,263.75,36,0,36,1.0,3.0,0.20142877
35.75,264.25,36,0,36,1.0,3.0,0.21358438
35.75,264.75,36,0,36,1.0,3.0,0.23130994
35.75,265.25,36,0,36,1.0,3.0,0.2313245
35.75,265.75,36,0,36,1.0,3.0,0.20583801
35.75,266.25,36,0,36,1.0,3.0,0.23525374
35.75,266.75,36,0,36,1.0,3.0,0.25667563
35.75,268.25,36,0,36,1.0,3.0,0.25669643
35.75,268.75,36,0,36,1.0,3.0,0.20391016
35.75,269.25,36,0,36,1.0,3.0,0.19383022
35.75,269.75,36,0,36,1.0,3.0,0.20278329
35.75,270.25,36,0,36,1.0,3.0,0.21280769
35.75,270.75,36,0,36,1.0,3.0,0.23538794
35.75,271.25,36,0,36,1.0,3.0,0.24229531
35.75,271.75,36,0,36,1.0,3.0,0.26597992
35.75,272.25,36,0,36,1.0,3.0,0.28091383
35.75,272.75,36,0,36,1.0,3.0,0.23301616
35.75,273.25,36,0,36,1.0,3.0,0.22914946
35.75,273.75,36,0,36,1.0,3.0,0.241775
35.75,274.25,36,0,36,1.0,3.0,0.23679481
35.75,274.75,36,0,36,1.0,3.0,0.23335591
35.75,275.25,36,0,36,1.0,3.0,0.22072929
35.75,275.75,36,0,36,1.0,3.0,0.216219
35.75,276.25,36,0,36,1.0,3.0,0.19063452
35.75,276.75,36,0,36,1.0,3.0,0.20943436
35.75,277.25,36,0,36,1.0,3.0,0.2508548
35.75,277.75,36,0,36,1.0,3.0,0.28076953
35.75,278.25,36,0,36,1.0,3.0,0.2209492
35.75,278.75,36,0,36,1.0,3.0,0.20760101
35.75,279.25,36,0,36,1.0,3.0,0.20757103
35.75,279.75,36,0,36,1.0,3.0,0.20899609
35.75,280.25,36,0,36,1.0,3.0,0.2196523
35.75,280.75,36,0,36,1.0,3.0,0.22684847
35.75,281.25,36,0,36,1.0,3.0,0.17741248
35.75,281.75,36,0,36,1.0,3.0,0.19319566
35.75,282.25,36,0,36,1.0,3.0,0.19858135
35.75,282.75,36,0,36,1.0,3.0,0.19788828
36.25,110.75,36,0,36,1.0,3.0,0.23484583
36.25,112.25,36,0,36,1.0,3.0,0.26501688
36.25,115.75,36,0,36,1.0,3.0,0.23791486
36.25,257.25,36,0,36,1.0,3.0,0.1972754
36.25,257.75,36,0,36,1.0,3.0,0.19609042
36.25,258.25,36,0,36,1.0,3.0,0.15387504
36.25,258.75,36,0,36,1.0,3.0,0.12719798
36.25,262.25,36,0,36,1.0,3.0,0.12568074
36.25,262.75,36,0,36,1.0,3.0,0.17976125
36.25,263.25,36,0,36,1.0,3.0,0.23681879
36.25,263.75,36,0,36,1.0,3.0,0.22484785
36.25,264.25,36,0,36,1.0,3.0,0.23261482
36.25,264.75,36,0,36,1.0,3.0,0.22927696
36.25,265.25,36,0,36,1.0,3.0,0.24561056
36.25,265.75,36,0,36,1.0,3.0,0.22189097
36.25,266.25,36,0,36,1.0,3.0,0.22878563
36.25,268.75,36,0,36,1.0,3.0,0.2098145
36.25,269.25,36,0,36,1.0,3.0,0.21008103
36.25,269.75,36,0,36,1.0,3.0,0.22507459
36.25,270.25,36,0,36,1.0,3.0,0.21703047
36.25,270.75,36,0,36,1.0,3.0,0.22032413
36.25,271.25,36,0,36,1.0,3.0,0.22713721
36.25,271.75,36,0,36,1.0,3.0,0.25829935
36.25,272.25,36,0,36,1.0,3.0,0.2578291
36.25,272.75,36,0,36,1.0,3.0,0.24308503
36.25,273.25,36,0,36,1.0,3.0,0.25787106
36.25,273.75,36,0,36,1.0,3.0,0.21143126
36.25,274.25,36,0,36,1.0,3.0,0.25380772
36.25,274.75,36,0,36,1.0,3.0,0.21819109
36.25,275.25,36,0,36,1.0,3.0,0.2314328
36.25,275.75,36,0,36,1.0,3.0,0.19818117
36.25,276.25,36,0,36,1.0,3.0,0.22994699
36.25,276.75,36,0,36,1.0,3.0,0.2034183
36.25,277.25,36,0,36,1.0,3.0,0.2238998
36.25,278.75,36,0,36,1.0,3.0,0.23138283
36.25,279.25,36,0,36,1.0,3.0,0.20564914
36.25,279.75,36,0,36,1.0,3.0,0.2081225
36.25,280.25,36,0,36,1.0,3.0,0.20081814
36.25,280.75,36,0,36,1.0,3.0,0.2140524
36.25,281.25,36,0,36,1.0,3.0,0.22594285
36.25,281.75,36,0,36,1.0,3.0,0.22347385
36.25,282.25,36,0,36,1.0,3.0,0.22344129
36.25,282.75,36,0,36,1.0,3.0,0.23300226
36.75,111.75,36,0,36,1.0,3.0,0.19080557
36.75,113.25,36,0,36,1.0,3.0,0.160509
36.75,116.25,36,0,36,1.0,3.0,0.1958268
36.75,117.25,36,0,36,1.0,3.0,0.16062453
36.75,118.25,36,0,36,1.0,3.0,0.16439559
36.75,119.75,36,0,36,1.0,3.0,0.18881206
36.75,257.25,36,0,36,1.0,3.0,0.15355295
36.75,258.25,36,0,36,1.0,3.0,0.16534732
36.75,258.75,36,0,36,1.0,3.0,0.13847943
36.75,259.25,36,0,36,1.0,3.0,0.15892191
36.75,260.25,36,0,36,1.0,3.0,0.12685236
36.75,261.75,36,0,36,1.0,3.0,0.1321895
36.75,262.25,36,0,36,1.0,3.0,0.14138184
36.75,262.75,36,0,36,1.0,3.0,0.15910128
36.75,263.75,36,0,36,1.0,3.0,0.26640928
36.75,264.25,36,0,36,1.0,3.0,0.2368521
36.75,264.75,36,0,36,1.0,3.0,0.2218157
36.75,265.25,36,0,36,1.0,3.0,0.23174798
36.75,265.75,36,0,36,1.0,3.0,0.25754896
36.75,266.25,36,0,36,1.0,3.0,0.2705836
36.75,266.75,36,0,36,1.0,3.0,0.20859052
36.75,267.25,36,0,36,1.0,3.0,0.20717847
36.75,267.75,36,0,36,1.0,3.0,0.22612931
36.75,268.25,36,0,36,1.0,3.0,0.22855021
36.75,268.75,36,0,36,1.0,3.0,0.2638653
36.75,269.25,36,0,36,1.0,3.0,0.22358732
36.75,269.75,36,0,36,1.0,3.0,0.18186015
36.75,270.25,36,0,36,1.0,3.0,0.19440845
36.75,270.75,36,0,36,1.0,3.0,0.21207148
36.75,271.25,36,0,36,1.0,3.0,0.2648662
36.75,271.75,36,0,36,1.0,3.0,0.26010886
36.75,272.25,36,0,36,1.0,3.0,0.2893534
36.75,272.75,36,0,36,1.0,3.0,0.23240496
36.75,273.25,36,0,36,1.0,3.0,0.23504566
36.75,273.75,36,0,36,1.0,3.0,0.2240749
36.75,274.25,36,0,36,1.0,3.0,0.2295964
36.75,274.75,36,0,36,1.0,3.0,0.23522925
36.75,275.25,36,0,36,1.0,3.0,0.23892121
36.75,275.75,36,0,36,1.0,3.0,0.25232324
36.75,279.25,36,0,36,1.0,3.0,0.2271173
36.75,279.75,36,0,36,1.0,3.0,0.23236087
36.75,280.25,36,0,36,1.0,3.0,0.23436385
36.75,280.75,36,0,36,1.0,3.0,0.2279364
36.75,281.25,36,0,36,1.0,3.0,0.22275896
36.75,281.75,36,0,36,1.0,3.0,0.22334628
36.75,282.25,36,0,36,1.0,3.0,0.23803432
36.75,282.75,36,0,36,1.0,3.0,0.23352133
36.75,283.25,36,0,36,1.0,3.0,0.22904785
37.25,112.75,36,0,36,1.0,3.0,0.17300951
37.25,114.25,36,0,36,1.0,3.0,0.1522655
37.25,116.75,36,0,36,1.0,3.0,0.19095862
37.25,117.75,36,0,36,1.0,3.0,0.17501949
37.25,258.75,36,0,36,1.0,3.0,0.14181544
37.25,259.25,36,0,36,1.0,3.0,0.14604302
37.25,259.75,36,0,36,1.0,3.0,0.1406127
37.25,260.25,36,0,36,1.0,3.0,0.13436767
37.25,262.25,36,0,36,1.0,3.0,0.1263122
37.25,262.75,36,0,36,1.0,3.0,0.17582688
37.25,263.25,36,0,36,1.0,3.0,0.20384388
37.25,263.75,36,0,36,1.0,3.0,0.23503183
37.25,264.25,36,0,36,1.0,3.0,0.24969873
37.25,264.75,36,0,36,1.0,3.0,0.23725393
37.25,265.25,36,0,36,1.0,3.0,0.22341615
37.25,265.75,36,0,36,1.0,3.0,0.23439199
37.25,266.25,36,0,36,1.0,3.0,0.22101781
37.25,266.75,36,0,36,1.0,3.0,0.25378594
37.25,267.75,36,0,36,1.0,3.0,0.23014808
37.25,268.25,36,0,36,1.0,3.0,0.2194172
37.25,269.25,36,0,36,1.0,3.0,0.27296057
37.25,269.75,36,0,36,1.0,3.0,0.23364972
37.25,270.25,36,0,36,1.0,3.0,0.22173755
37.25,270.75,36,0,36,1.0,3.0,0.22735016
37.25,271.25,36,0,36,1.0,3.0,0.23916282
37.25,271.75,36,0,36,1.0,3.0,0.2464711
37.25,272.25,36,0,36,1.0,3.0,0.2540394
37.25,272.75,36,0,36,1.0,3.0,0.22339164
37.25,273.25,36,0,36,1.0,3.0,0.23497902
37.25,273.75,36,0,36,1.0,3.0,0.24080889
37.25,274.25,36,0,36,1.0,3.0,0.21578962
37.25,274.75,36,0,36,1.0,3.0,0.20460267
37.25,275.25,36,0,36,1.0,3.0,0.22947685
37.25,275.75,36,0,36,1.0,3.0,0.24668196
37.25,280.25,36,0,36,1.0,3.0,0.23758318
37.25,280.75,36,0,36,1.0,3.0,0.24156687
37.25,281.25,36,0,36,1.0,3.0,0.2290509
37.25,281.75,36,0,36,1.0,3.0,0.2459768
37.25,282.25,36,0,36,1.0,3.0,0.25737852
37.25,282.75,36,0,36,1.0,3.0,0.25942308
37.75,113.25,36,0,36,1.0,3.0,0.15517458
37.75,114.75,36,0,36,1.0,3.0,0.24382259
37.75,115.75,36,0,36,1.0,3.0,0.22489817
37.75,116.75,36,0,36,1.0,3.0,0.20371501
37.75,117.25,36,0,36,1.0,3.0,0.21105638
37.75,258.75,36,0,36,1.0,3.0,0.2258424
37.75,259.25,36,0,36,1.0,3.0,0.1588333
37.75,259.75,36,0,36,1.0,3.0,0.14345548
37.75,260.25,36,0,36,1.0,3.0,0.13274138
37.75,260.75,36,0,36,1.0,3.0,0.1510313
37.75,262.75,36,0,36,1.0,3.0,0.14047395
37.75,263.75,36,0,36,1.0,3.0,0.28340095
37.75,264.25,36,0,36,1.0,3.0,0.25070676
37.75,264.75,36,0,36,1.0,3.0,0.2696227
37.75,265.25,36,0,36,1.0,3.0,0.27918515
37.75,265.75,36,0,36,1.0,3.0,0.2719294
37.75,266.25,36,0,36,1.0,3.0,0.25373802
37.75,266.75,36,0,36,1.0,3.0,0.27431464
37.75,267.25,36,0,36,1.0,3.0,0.27409598
37.75,267.75,36,0,36,1.0,3.0,0.2923794
37.75,268.25,36,0,36,1.0,3.0,0.24799265
37.75,268.75,36,0,36,1.0,3.0,0.2533956
37.75,269.25,36,0,36,1.0,3.0,0.28924993
37.75,269.75,36,0,36,1.0,3.0,0.28887695
37.75,270.25,36,0,36,1.0,3.0,0.26084194
37.75,270.75,36,0,36,1.0,3.0,0.27347347
37.75,271.25,36,0,36,1.0,3.0,0.2662464
37.75,271.75,36,0,36,1.0,3.0,0.2375248
37.75,272.25,36,0,36,1.0,3.0,0.21866141
37.75,272.75,36,0,36,1.0,3.0,0.20177205
37.75,273.25,36,0,36,1.0,3.0,0.23121026
37.75,273.75,36,0,36,1.0,3.0,0.23260193
37.75,274.25,36,0,36,1.0,3.0,0.19804063
37.75,274.75,36,0,36,1.0,3.0,0.22460175
37.75,275.25,36,0,36,1.0,3.0,0.27490568
37.75,275.75,36,0,36,1.0,3.0,0.22376065
37.75,276.25,36,0,36,1.0,3.0,0.23247172
37.75,280.75,36,0,36,1.0,3.0,0.24455814
37.75,281.25,36,0,36,1.0,3.0,0.2545442
37.75,281.75,36,0,36,1.0,3.0,0.26335597
37.75,282.25,36,0,36,1.0,3.0,0.24399006
37.75,282.75,36,0,36,1.0,3.0,0.25162533
38.25,111.25,36,0,36,1.0,3.0,0.22003365
38.25,126.75,36,0,36,1.0,3.0,0.146765
38.25,259.25,36,0,36,1.0,3.0,0.12751262
38.25,259.75,36,0,36,1.0,3.0,0.12869006
38.25,260.25,36,0,36,1.0,3.0,0.13451006
38.25,260.75,36,0,36,1.0,3.0,0.13503087
38.25,261.25,36,0,36,1.0,3.0,0.1481185
38.25,261.75,36,0,36,1.0,3.0,0.1277214
38.25,262.25,36,0,36,1.0,3.0,0.12948027
38.25,262.75,36,0,36,1.0,3.0,0.13863623
38.25,263.75,36,0,36,1.0,3.0,0.24074218
38.25,264.25,36,0,36,1.0,3.0,0.24894096
38.25,264.75,36,0,36,1.0,3.0,0.28434476
38.25,265.25,36,0,36,1.0,3.0,0.3071029
38.25,265.75,36,0,36,1.0,3.0,0.34063268
38.25,266.25,36,0,36,1.0,3.0,0.31006622
38.25,266.75,36,0,36,1.0,3.0,0.30160886
38.25,267.25,36,0,36,1.0,3.0,0.32257372
38.25,267.75,36,0,36,1.0,3.0,0.29306808
38.25,268.25,36,0,36,1.0,3.0,0.25816718
38.25,268.75,36,0,36,1.0,3.0,0.24160296
38.25,269.25,36,0,36,1.0,3.0,0.24887063
38.25,269.75,36,0,36,1.0,3.0,0.23016013
38.25,270.25,36,0,36,1.0,3.0,0.2678669
38.25,270.75,36,0,36,1.0,3.0,0.308204
38.25,271.25,36,0,36,1.0,3.0,0.2694488
38.25,271.75,36,0,36,1.0,3.0,0.23751651
38.25,272.25,36,0,36,1.0,3.0,0.23036884
38.25,272.75,36,0,36,1.0,3.0,0.21800627
38.25,273.25,36,0,36,1.0,3.0,0.23365171
38.25,273.75,36,0,36,1.0,3.0,0.2317193
38.25,274.25,36,0,36,1.0,3.0,0.2116487
38.25,274.75,36,0,36,1.0,3.0,0.22653306
38.25,275.25,36,0,36,1.0,3.0,0.2879268
38.25,275.75,36,0,36,1.0,3.0,0.27427876
38.25,276.25,36,0,36,1.0,3.0,0.2186586
38.25,276.75,36,0,36,1.0,3.0,0.24284308
38.25,277.25,36,0,36,1.0,3.0,0.23527187
38.25,280.75,36,0,36,1.0,3.0,0.23219371
38.25,281.25,36,0,36,1.0,3.0,0.23065114
38.25,281.75,36,0,36,1.0,3.0,0.2373699
38.25,282.25,36,0,36,1.0,3.0,0.2502075
38.75,112.75,36,0,36,1.0,3.0,0.14825095
38.75,113.75,36,0,36,1.0,3.0,0.31710035
38.75,116.25,36,0,36,1.0,3.0,0.21986319
38.75,117.25,36,0,36,1.0,3.0,0.17379425
38.75,259.75,36,0,36,1.0,3.0,0.13757592
38.75,260.25,36,0,36,1.0,3.0,0.12689078
38.75,261.25,36,0,36,1.0,3.0,0.13372557
38.75,261.75,36,0,36,1.0,3.0,0.17092505
38.75,262.25,36,0,36,1.0,3.0,0.20276572
38.75,262.75,36,0,36,1.0,3.0,0.1600708
38.75,263.25,36,0,36,1.0,3.0,0.22882192
38.75,263.75,36,0,36,1.0,3.0,0.23688456
38.75,264.25,36,0,36,1.0,3.0,0.26124555
38.75,264.75,36,0,36,1.0,3.0,0.2791228
38.75,265.25,36,0,36,1.0,3.0,0.2847234
38.75,265.75,36,0,36,1.0,3.0,0.3141265
38.75,266.25,36,0,36,1.0,3.0,0.33533585
38.75,266.75,36,0,36,1.0,3.0,0.3149785
38.75,267.25,36,0,36,1.0,3.0,0.3007707
38.75,267.75,36,0,36,1.0,3.0,0.27866346
38.75,268.25,36,0,36,1.0,3.0,0.28699443
38.75,268.75,36,0,36,1.0,3.0,0.27588934
38.75,269.25,36,0,36,1.0,3.0,0.23124906
38.75,269.75,36,0,36,1.0,3.0,0.21746415
38.75,270.25,36,0,36,1.0,3.0,0.25279734
38.75,270.75,36,0,36,1.0,3.0,0.25381404
38.75,271.25,36,0,36,1.0,3.0,0.2550399
38.75,271.75,36,0,36,1.0,3.0,0.27995846
38.75,272.25,36,0,36,1.0,3.0,0.24414685
38.75,272.75,36,0,36,1.0,3.0,0.2490408
38.75,273.25,36,0,36,1.0,3.0,0.27296183
38.75,273.75,36,0,36,1.0,3.0,0.22830036
38.75,274.25,36,0,36,1.0,3.0,0.2197012
38.75,274.75,36,0,36,1.0,3.0,0.21403255
38.75,275.25,36,0,36,1.0,3.0,0.20745102
38.75,275.75,36,0,36,1.0,3.0,0.21996085
38.75,276.25,36,0,36,1.0,3.0,0.23459008
38.75,276.75,36,0,36,1.0,3.0,0.20957838
38.75,277.25,36,0,36,1.0,3.0,0.24098541
38.75,277.75,36,0,36,1.0,3.0,0.21267153
38.75,278.25,36,0,36,1.0,3.0,0.24423766
38.75,281.25,36,0,36,1.0,3.0,0.24215797
38.75,281.75,36,0,36,1.0,3.0,0.24044174
38.75,282.25,36,0,36,1.0,3.0,0.24935493
38.75,283.25,36,0,36,1.0,3.0,0.25264916
38.75,284.25,36,0,36,1.0,3.0,0.23304099
39.25,113.25,36,0,36,1.0,3.0,0.15488788
39.25,114.25,36,0,36,1.0,3.0,0.18099216
39.25,257.75,36,0,36,1.0,3.0,0.126678
39.25,259.25,36,0,36,1.0,3.0,0.1601799
39.25,259.75,36,0,36,1.0,3.0,0.15326758
39.25,260.25,36,0,36,1.0,3.0,0.15157774
39.25,260.75,36,0,36,1.0,3.0,0.15334602
39.25,261.25,36,0,36,1.0,3.0,0.14795886
39.25,261.75,36,0,36,1.0,3.0,0.16518375
39.25,262.25,36,0,36,1.0,3.0,0.19431521
39.25,262.75,36,0,36,1.0,3.0,0.23092578
39.25,263.25,36,0,36,1.0,3.0,0.21965848
39.25,263.75,36,0,36,1.0,3.0,0.20197701
39.25,264.25,36,0,36,1.0,3.0,0.25145507
39.25,264.75,36,0,36,1.0,3.0,0.26807326
39.25,265.25,36,0,36,1.0,3.0,0.24914253
39.25,265.75,36,0,36,1.0,3.0,0.27681077
39.25,266.25,36,0,36,1.0,3.0,0.25345346
39.25,266.75,36,0,36,1.0,3.0,0.2478714
39.25,267.25,36,0,36,1.0,3.0,0.26149395
39.25,267.75,36,0,36,1.0,3.0,0.30397236
39.25,268.25,36,0,36,1.0,3.0,0.32033774
39.25,268.75,36,0,36,1.0,3.0,0.27329504
39.25,269.25,36,0,36,1.0,3.0,0.24401277
39.25,269.75,36,0,36,1.0,3.0,0.2384357
39.25,270.25,36,0,36,1.0,3.0,0.24491882
39.25,270.75,36,0,36,1.0,3.0,0.24565339
39.25,271.25,36,0,36,1.0,3.0,0.2309335
39.25,271.75,36,0,36,1.0,3.0,0.22477922
39.25,272.25,36,0,36,1.0,3.0,0.23956747
39.25,272.75,36,0,36,1.0,3.0,0.22645268
39.25,273.25,36,0,36,1.0,3.0,0.2479147
39.25,273.75,36,0,36,1.0,3.0,0.258984
39.25,274.25,36,0,36,1.0,3.0,0.23286371
39.25,274.75,36,0,36,1.0,3.0,0.21727192
39.25,275.25,36,0,36,1.0,3.0,0.23374754
39.25,275.75,36,0,36,1.0,3.0,0.20674899
39.25,276.25,36,0,36,1.0,3.0,0.2146657
39.25,276.75,36,0,36,1.0,3.0,0.2186836
39.25,277.25,36,0,36,1.0,3.0,0.21002117
39.25,277.75,36,0,36,1.0,3.0,0.2109863
39.25,278.25,36,0,36,1.0,3.0,0.24139746
39.25,278.75,36,0,36,1.0,3.0,0.2316325
39.25,281.75,36,0,36,1.0,3.0,0.2448143
39.25,282.25,36,0,36,1.0,3.0,0.22177233
39.25,282.75,36,0,36,1.0,3.0,0.21286547
39.25,283.25,36,0,36,1.0,3.0,0.23110947
39.75,257.75,36,0,36,1.0,3.0,0.12997033
39.75,258.75,36,0,36,1.0,3.0,0.13523692
39.75,259.25,36,0,36,1.0,3.0,0.17272803
39.75,259.75,36,0,36,1.0,3.0,0.17389694
39.75,260.25,36,0,36,1.0,3.0,0.17807454
39.75,260.75,36,0,36,1.0,3.0,0.1362454
39.75,261.25,36,0,36,1.0,3.0,0.14588615
39.75,261.75,36,0,36,1.0,3.0,0.179896
39.75,262.25,36,0,36,1.0,3.0,0.2351691
39.75,262.75,36,0,36,1.0,3.0,0.2467022
39.75,263.25,36,0,36,1.0,3.0,0.25866756
39.75,263.75,36,0,36,1.0,3.0,0.26273793
39.75,264.25,36,0,36,1.0,3.0,0.28983313
39.75,264.75,36,0,36,1.0,3.0,0.23894139
39.75,265.25,36,0,36,1.0,3.0,0.2621533
39.75,265.75,36,0,36,1.0,3.0,0.2984589
39.75,266.25,36,0,36,1.0,3.0,0.2878541
39.75,266.75,36,0,36,1.0,3.0,0.27654517
39.75,267.25,36,0,36,1.0,3.0,0.29858387
39.75,267.75,36,0,36,1.0,3.0,0.2970036
39.75,268.25,36,0,36,1.0,3.0,0.2697688
39.75,268.75,36,0,36,1.0,3.0,0.24024351
39.75,269.25,36,0,36,1.0,3.0,0.23219176
39.75,269.75,36,0,36,1.0,3.0,0.24160792
39.75,270.25,36,0,36,1.0,3.0,0.2216596
39.75,270.75,36,0,36,1.0,3.0,0.25354242
39.75,271.25,36,0,36,1.0,3.0,0.24114656
39.75,271.75,36,0,36,1.0,3.0,0.22031298
39.75,272.25,36,0,36,1.0,3.0,0.21974646
39.75,272.75,36,0,36,1.0,3.0,0.20476672
39.75,273.25,36,0,36,1.0,3.0,0.2358558
39.75,273.75,36,0,36,1.0,3.0,0.19665134
39.75,274.25,36,0,36,1.0,3.0,0.20422079
39.75,274.75,36,0,36,1.0,3.0,0.20940581
39.75,275.25,36,0,36,1.0,3.0,0.22658782
39.75,275.75,36,0,36,1.0,3.0,0.19841023
39.75,276.25,36,0,36,1.0,3.0,0.19137102
39.75,276.75,36,0,36,1.0,3.0,0.21996164
39.75,277.25,36,0,36,1.0,3.0,0.21657564
39.75,277.75,36,0,36,1.0,3.0,0.18149602
39.75,278.25,36,0,36,1.0,3.0,0.24498974
39.75,278.75,36,0,36,1.0,3.0,0.23725091
39.75,280.25,36,0,36,1.0,3.0,0.23803978
39.75,280.75,36,0,36,1.0,3.0,0.24378674
39.75,281.25,36,0,36,1.0,3.0,0.2485003
39.75,281.75,36,0,36,1.0,3.0,0.23557796
39.75,282.25,36,0,36,1.0,3.0,0.21510206
39.75,282.75,36,0,36,1.0,3.0,0.20689802
39.75,283.25,36,0,36,1.0,3.0,0.21210314
39.75,283.75,36,0,36,1.0,3.0,0.21452521
39.75,284.75,36,0,36,1.0,3.0,0.1885665
39.75,285.25,36,0,36,1.0,3.0,0.22257425
40.25,115.75,36,0,36,1.0,3.0,0.21989956
40.25,118.25,36,0,36,1.0,3.0,0.25292313
40.25,119.25,36,0,36,1.0,3.0,0.27393478
40.25,126.75,36,0,36,1.0,3.0,0.13337411
40.25,258.25,36,0,36,1.0,3.0,0.16948026
40.25,258.75,36,0,36,1.0,3.0,0.14933255
40.25,259.25,36,0,36,1.0,3.0,0.1709147
40.25,259.75,36,0,36,1.0,3.0,0.21483618
40.25,260.25,36,0,36,1.0,3.0,0.17962575
40.25,260.75,36,0,36,1.0,3.0,0.1933503
40.25,261.75,36,0,36,1.0,3.0,0.21372679
40.25,262.25,36,0,36,1.0,3.0,0.20028542
40.25,262.75,36,0,36,1.0,3.0,0.21277174
40.25,263.25,36,0,36,1.0,3.0,0.2431956
40.25,263.75,36,0,36,1.0,3.0,0.28495765
40.25,264.25,36,0,36,1.0,3.0,0.25466067
40.25,264.75,36,0,36,1.0,3.0,0.25191978
40.25,265.25,36,0,36,1.0,3.0,0.29436737
40.25,265.75,36,0,36,1.0,3.0,0.29718682
40.25,266.25,36,0,36,1.0,3.0,0.3017209
40.25,266.75,36,0,36,1.0,3.0,0.32952842
40.25,267.25,36,0,36,1.0,3.0,0.29774463
40.25,267.75,36,0,36,1.0,3.0,0.29949608
40.25,268.25,36,0,36,1.0,3.0,0.27825508
40.25,268.75,36,0,36,1.0,3.0,0.27229142
40.25,269.25,36,0,36,1.0,3.0,0.238282
40.25,269.75,36,0,36,1.0,3.0,0.2356245
40.25,270.25,36,0,36,1.0,3.0,0.23883684
40.25,270.75,36,0,36,1.0,3.0,0.22981071
40.25,271.75,36,0,36,1.0,3.0,0.23353297
40.25,272.25,36,0,36,1.0,3.0,0.19500573
40.25,272.75,36,0,36,1.0,3.0,0.20289193
40.25,273.25,36,0,36,1.0,3.0,0.20546608
40.25,273.75,36,0,36,1.0,3.0,0.18903123
40.25,274.25,36,0,36,1.0,3.0,0.20020023
40.25,274.75,36,0,36,1.0,3.0,0.22408907
40.25,275.25,36,0,36,1.0,3.0,0.23158869
40.25,275.75,36,0,36,1.0,3.0,0.21126471
40.25,276.25,36,0,36,1.0,3.0,0.20113167
40.25,276.75,36,0,36,1.0,3.0,0.21884993
40.25,277.25,36,0,36,1.0,3.0,0.19982642
40.25,277.75,36,0,36,1.0,3.0,0.19766651
40.25,278.25,36,0,36,1.0,3.0,0.21518391
40.25,278.75,36,0,36,1.0,3.0,0.24442025
40.25,279.25,36,0,36,1.0,3.0,0.23441568
40.25,279.75,36,0,36,1.0,3.0,0.24139176
40.25,280.25,36,0,36,1.0,3.0,0.22364196
40.25,280.75,36,0,36,1.0,3.0,0.23043089
40.25,281.25,36,0,36,1.0,3.0,0.24353723
40.25,281.75,36,0,36,1.0,3.0,0.25007397
40.25,282.25,36,0,36,1.0,3.0,0.2165659
40.25,282.75,36,0,36,1.0,3.0,0.21243294
40.25,283.25,36,0,36,1.0,3.0,0.20471156
40.25,283.75,36,0,36,1.0,3.0,0.21262196
40.25,284.25,36,0,36,1.0,3.0,0.22731756
40.25,284.75,36,0,36,1.0,3.0,0.23380901
40.25,285.25,36,0,36,1.0,3.0,0.20216355
40.25,285.75,36,0,36,1.0,3.0,0.21308301
40.75,125.25,36,0,36,1.0,3.0,0.3117761
40.75,258.25,36,0,36,1.0,3.0,0.14311907
40.75,258.75,36,0,36,1.0,3.0,0.1441824
40.75,259.25,36,0,36,1.0,3.0,0.19752224
40.75,259.75,36,0,36,1.0,3.0,0.22146028
40.75,260.75,36,0,36,1.0,3.0,0.18747051
40.75,261.25,36,0,36,1.0,3.0,0.1892225
40.75,261.75,36,0,36,1.0,3.0,0.20243166
40.75,262.25,36,0,36,1.0,3.0,0.19534813
40.75,262.75,36,0,36,1.0,3.0,0.2040134
40.75,263.25,36,0,36,1.0,3.0,0.24588145
40.75,263.75,36,0,36,1.0,3.0,0.2791589
40.75,264.25,36,0,36,1.0,3.0,0.25110033
40.75,264.75,36,0,36,1.0,3.0,0.24411088
40.75,265.25,36,0,36,1.0,3.0,0.2686927
40.75,265.75,36,0,36,1.0,3.0,0.30296656
40.75,266.25,36,0,36,1.0,3.0,0.28203723
40.75,266.75,36,0,36,1.0,3.0,0.2837666
40.75,267.25,36,0,36,1.0,3.0,0.31960282
40.75,267.75,36,0,36,1.0,3.0,0.28702524
40.75,268.25,36,0,36,1.0,3.0,0.27916855
40.75,268.75,36,0,36,1.0,3.0,0.2475112
40.75,269.25,36,0,36,1.0,3.0,0.23520987
40.75,269.75,36,0,36,1.0,3.0,0.22046866
40.75,270.75,36,0,36,1.0,3.0,0.23964372
40.75,271.25,36,0,36,1.0,3.0,0.24972421
40.75,271.75,36,0,36,1.0,3.0,0.24219006
40.75,272.25,36,0,36,1.0,3.0,0.22128028
40.75,272.75,36,0,36,1.0,3.0,0.23162279
40.75,273.25,36,0,36,1.0,3.0,0.21985063
40.75,273.75,36,0,36,1.0,3.0,0.19679254
40.75,274.25,36,0,36,1.0,3.0,0.2330629
40.75,274.75,36,0,36,1.0,3.0,0.25951603
40.75,275.25,36,0,36,1.0,3.0,0.24120581
40.75,275.75,36,0,36,1.0,3.0,0.2271404
40.75,276.25,36,0,36,1.0,3.0,0.22571217
40.75,276.75,36,0,36,1.0,3.0,0.23034212
40.75,277.25,36,0,36,1.0,3.0,0.19988686
40.75,277.75,36,0,36,1.0,3.0,0.2098882
40.75,278.25,36,0,36,1.0,3.0,0.20031905
40.75,278.75,36,0,36,1.0,3.0,0.20882662
40.75,279.25,36,0,36,1.0,3.0,0.25821647
40.75,279.75,36,0,36,1.0,3.0,0.2487992
40.75,280.25,36,0,36,1.0,3.0,0.24409604
40.75,280.75,36,0,36,1.0,3.0,0.25028673
40.75,281.25,36,0,36,1.0,3.0,0.23911954
40.75,281.75,36,0,36,1.0,3.0,0.26934797
40.75,282.25,36,0,36,1.0,3.0,0.23611394
40.75,282.75,36,0,36,1.0,3.0,0.23495318
40.75,283.25,36,0,36,1.0,3.0,0.23094162
40.75,283.75,36,0,36,1.0,3.0,0.27416885
40.75,284.25,36,0,36,1.0,3.0,0.2485232
40.75,284.75,36,0,36,1.0,3.0,0.22383855
40.75,285.25,36,0,36,1.0,3.0,0.21226723
41.25,107.75,36,0,36,1.0,3.0,0.13209
41.25,116.75,36,0,36,1.0,3.0,0.23622705
41.25,120.75,36,0,36,1.0,3.0,0.20827152
41.25,122.75,36,0,36,1.0,3.0,0.17239714
41.25,124.25,36,0,36,1.0,3.0,0.3307159
41.25,125.25,36,0,36,1.0,3.0,0.36698595
41.25,125.75,36,0,36,1.0,3.0,0.20214853
41.25,257.25,36,0,36,1.0,3.0,0.15223028
41.25,259.25,36,0,36,1.0,3.0,0.18163666
41.25,259.75,36,0,36,1.0,3.0,0.24100152
41.25,260.25,36,0,36,1.0,3.0,0.26857328
41.25,261.25,36,0,36,1.0,3.0,0.21044837
41.25,261.75,36,0,36,1.0,3.0,0.20480768
41.25,262.25,36,0,36,1.0,3.0,0.22876514
41.25,262.75,36,0,36,1.0,3.0,0.21703053
41.25,263.25,36,0,36,1.0,3.0,0.21541926
41.25,263.75,36,0,36,1.0,3.0,0.22987738
41.25,264.25,36,0,36,1.0,3.0,0.24926534
41.25,264.75,36,0,36,1.0,3.0,0.24640232
41.25,266.25,36,0,36,1.0,3.0,0.2573393
41.25,266.75,36,0,36,1.0,3.0,0.26097262
41.25,267.25,36,0,36,1.0,3.0,0.26440448
41.25,267.75,36,0,36,1.0,3.0,0.26764455
41.25,268.25,36,0,36,1.0,3.0,0.26017606
41.25,268.75,36,0,36,1.0,3.0,0.22125414
41.25,269.75,36,0,36,1.0,3.0,0.23567969
41.25,270.25,36,0,36,1.0,3.0,0.23133087
41.25,270.75,36,0,36,1.0,3.0,0.20140955
41.25,271.25,36,0,36,1.0,3.0,0.22954431
41.25,271.75,36,0,36,1.0,3.0,0.21773852
41.25,272.25,36,0,36,1.0,3.0,0.2101212
41.25,272.75,36,0,36,1.0,3.0,0.1854856
41.25,273.25,36,0,36,1.0,3.0,0.16428076
41.25,273.75,36,0,36,1.0,3.0,0.17402318
41.25,274.25,36,0,36,1.0,3.0,0.17874601
41.25,274.75,36,0,36,1.0,3.0,0.20827812
41.25,275.25,36,0,36,1.0,3.0,0.22686836
41.25,275.75,36,0,36,1.0,3.0,0.20907868
41.25,276.25,36,0,36,1.0,3.0,0.20850356
41.25,276.75,36,0,36,1.0,3.0,0.2016126
41.25,277.25,36,0,36,1.0,3.0,0.19894752
41.25,278.25,36,0,36,1.0,3.0,0.18410718
41.25,278.75,36,0,36,1.0,3.0,0.24541882
41.25,279.25,36,0,36,1.0,3.0,0.25304544
41.25,279.75,36,0,36,1.0,3.0,0.26097918
41.25,280.25,36,0,36,1.0,3.0,0.25381508
41.25,280.75,36,0,36,1.0,3.0,0.25806504
41.25,281.25,36,0,36,1.0,3.0,0.2707783
41.25,281.75,36,0,36,1.0,3.0,0.25403973
41.25,282.75,36,0,36,1.0,3.0,0.29494196
41.25,283.25,36,0,36,1.0,3.0,0.22214504
41.25,283.75,36,0,36,1.0,3.0,0.29087096
41.25,284.25,36,0,36,1.0,3.0,0.3376992
41.25,284.75,36,0,36,1.0,3.0,0.2963957
41.25,285.25,36,0,36,1.0,3.0,0.20678274
41.75,115.75,36,0,36,1.0,3.0,0.15633893
41.75,117.75,36,0,36,1.0,3.0,0.28715673
41.75,118.25,36,0,36,1.0,3.0,0.34093624
41.75,119.25,36,0,36,1.0,3.0,0.17511319
41.75,119.75,36,0,36,1.0,3.0,0.21243848
41.75,123.75,36,0,36,1.0,3.0,0.2128241
41.75,125.75,36,0,36,1.0,3.0,0.2799616
41.75,256.75,36,0,36,1.0,3.0,0.1263272
41.75,259.75,36,0,36,1.0,3.0,0.24439421
41.75,260.25,36,0,36,1.0,3.0,0.1988969
41.75,260.75,36,0,36,1.0,3.0,0.16961128
41.75,261.75,36,0,36,1.0,3.0,0.21852142
41.75,262.25,36,0,36,1.0,3.0,0.23476502
41.75,262.75,36,0,36,1.0,3.0,0.27106598
41.75,263.25,36,0,36,1.0,3.0,0.25476182
41.75,263.75,36,0,36,1.0,3.0,0.221327
41.75,264.25,36,0,36,1.0,3.0,0.21917251
41.75,264.75,36,0,36,1.0,3.0,0.22930306
41.75,265.25,36,0,36,1.0,3.0,0.25589296
41.75,265.75,36,0,36,1.0,3.0,0.23818493
41.75,266.75,36,0,36,1.0,3.0,0.25025716
41.75,267.25,36,0,36,1.0,3.0,0.2601187
41.75,267.75,36,0,36,1.0,3.0,0.2760181
41.75,268.75,36,0,36,1.0,3.0,0.21999407
41.75,269.25,36,0,36,1.0,3.0,0.23133647
41.75,269.75,36,0,36,1.0,3.0,0.21691628
41.75,270.25,36,0,36,1.0,3.0,0.23999424
41.75,270.75,36,0,36,1.0,3.0,0.21702848
41.75,271.25,36,0,36,1.0,3.0,0.22657757
41.75,271.75,36,0,36,1.0,3.0,0.233253
41.75,274.25,36,0,36,1.0,3.0,0.1581767
41.75,274.75,36,0,36,1.0,3.0,0.18134166
41.75,275.25,36,0,36,1.0,3.0,0.22321247
41.75,275.75,36,0,36,1.0,3.0,0.17585297
41.75,276.25,36,0,36,1.0,3.0,0.17835473
41.75,279.75,36,0,36,1.0,3.0,0.2875901
41.75,280.25,36,0,36,1.0,3.0,0.28684223
41.75,280.75,36,0,36,1.0,3.0,0.29845184
41.75,282.25,36,0,36,1.0,3.0,0.26847264
41.75,282.75,36,0,36,1.0,3.0,0.2855659
41.75,283.25,36,0,36,1.0,3.0,0.25361982
41.75,283.75,36,0,36,1.0,3.0,0.25883308
41.75,284.25,36,0,36,1.0,3.0,0.2745736
42.25,116.75,36,0,36,1.0,3.0,0.14911325
42.25,118.75,36,0,36,1.0,3.0,0.18502274
42.25,123.25,36,0,36,1.0,3.0,0.19993669
42.25,126.25,36,0,36,1.0,3.0,0.28685826
42.25,127.25,36,0,36,1.0,3.0,0.34645486
42.25,260.75,36,0,36,1.0,3.0,0.2237172
42.25,261.25,36,0,36,1.0,3.0,0.2429876
42.25,261.75,36,0,36,1.0,3.0,0.18139343
42.25,262.25,36,0,36,1.0,3.0,0.20846717
42.25,262.75,36,0,36,1.0,3.0,0.26535735
42.25,263.25,36,0,36,1.0,3.0,0.26165962
42.25,263.75,36,0,36,1.0,3.0,0.21088949
42.25,264.25,36,0,36,1.0,3.0,0.20429511
42.25,264.75,36,0,36,1.0,3.0,0.23825707
42.25,265.25,36,0,36,1.0,3.0,0.26380822
42.25,265.75,36,0,36,1.0,3.0,0.25979972
42.25,266.25,36,0,36,1.0,3.0,0.27050447
42.25,266.75,36,0,36,1.0,3.0,0.26499417
42.25,267.25,36,0,36,1.0,3.0,0.24297582
42.25,267.75,36,0,36,1.0,3.0,0.26320884
42.25,268.25,36,0,36,1.0,3.0,0.25242224
42.25,268.75,36,0,36,1.0,3.0,0.25371018
42.25,269.25,36,0,36,1.0,3.0,0.25498915
42.25,270.25,36,0,36,1.0,3.0,0.25634557
42.25,271.25,36,0,36,1.0,3.0,0.2554213
42.25,271.75,36,0,36,1.0,3.0,0.21782583
42.25,274.25,36,0,36,1.0,3.0,0.22114033
42.25,274.75,36,0,36,1.0,3.0,0.22692044
42.25,275.75,36,0,36,1.0,3.0,0.23915927
42.75,121.75,36,0,36,1.0,3.0,0.15197757
42.75,122.75,36,0,36,1.0,3.0,0.1448807
42.75,123.25,36,0,36,1.0,3.0,0.16964348
42.75,123.75,36,0,36,1.0,3.0,0.22013718
42.75,259.75,36,0,36,1.0,3.0,0.20349512
42.75,260.75,36,0,36,1.0,3.0,0.23145741
42.75,261.25,36,0,36,1.0,3.0,0.25397408
42.75,261.75,36,0,36,1.0,3.0,0.33977056
42.75,262.25,36,0,36,1.0,3.0,0.32674277
42.75,262.75,36,0,36,1.0,3.0,0.28662017
42.75,263.25,36,0,36,1.0,3.0,0.2518832
42.75,263.75,36,0,36,1.0,3.0,0.24520285
42.75,264.25,36,0,36,1.0,3.0,0.21256605
42.75,265.25,36,0,36,1.0,3.0,0.24501099
42.75,265.75,36,0,36,1.0,3.0,0.26038012
42.75,266.25,36,0,36,1.0,3.0,0.2708562
42.75,266.75,36,0,36,1.0,3.0,0.26570526
42.75,267.25,36,0,36,1.0,3.0,0.2631111
42.75,268.25,36,0,36,1.0,3.0,0.23681836
42.75,268.75,36,0,36,1.0,3.0,0.24282381
42.75,269.25,36,0,36,1.0,3.0,0.262146
42.75,269.75,36,0,36,1.0,3.0,0.279068
42.75,270.25,36,0,36,1.0,3.0,0.2783687
42.75,270.75,36,0,36,1.0,3.0,0.23657618
42.75,271.25,36,0,36,1.0,3.0,0.24105443
42.75,271.75,36,0,36,1.0,3.0,0.22314984
42.75,274.25,36,0,36,1.0,3.0,0.21233799
42.75,274.75,36,0,36,1.0,3.0,0.2019216
42.75,275.25,36,0,36,1.0,3.0,0.21389826
42.75,275.75,36,0,36,1.0,3.0,0.21758616
42.75,276.75,36,0,36,1.0,3.0,0.22865269
42.75,277.75,36,0,36,1.0,3.0,0.25787637
42.75,278.25,36,0,36,1.0,3.0,0.26142475
43.25,116.75,36,0,36,1.0,3.0,0.12805796
43.25,117.25,36,0,36,1.0,3.0,0.21103077
43.25,117.75,36,0,36,1.0,3.0,0.17892157
43.25,124.75,36,0,36,1.0,3.0,0.18105656
43.25,125.75,36,0,36,1.0,3.0,0.26589194
43.25,126.25,36,0,36,1.0,3.0,0.31004342
43.25,126.75,36,0,36,1.0,3.0,0.2629477
43.25,127.25,36,0,36,1.0,3.0,0.3276948
43.25,129.75,36,0,36,1.0,3.0,0.40948877
43.25,258.25,36,0,36,1.0,3.0,0.22922063
43.25,258.75,36,0,36,1.0,3.0,0.19107105
43.25,259.25,36,0,36,1.0,3.0,0.23104486
43.25,259.75,36,0,36,1.0,3.0,0.25074703
43.25,260.25,36,0,36,1.0,3.0,0.2994059
43.25,261.25,36,0,36,1.0,3.0,0.3494258
43.25,261.75,36,0,36,1.0,3.0,0.32959706
43.25,262.25,36,0,36,1.0,3.0,0.3338703
43.25,262.75,36,0,36,1.0,3.0,0.29767928
43.25,263.25,36,0,36,1.0,3.0,0.27465197
43.25,263.75,36,0,36,1.0,3.0,0.22819287
43.25,264.25,36,0,36,1.0,3.0,0.21870701
43.25,264.75,36,0,36,1.0,3.0,0.250294
43.25,265.25,36,0,36,1.0,3.0,0.25330964
43.25,265.75,36,0,36,1.0,3.0,0.25611034
43.25,266.25,36,0,36,1.0,3.0,0.27010491
43.25,266.75,36,0,36,1.0,3.0,0.28749862
43.25,267.25,36,0,36,1.0,3.0,0.29046115
43.25,267.75,36,0,36,1.0,3.0,0.27267224
43.25,268.25,36,0,36,1.0,3.0,0.22919884
43.25,268.75,36,0,36,1.0,3.0,0.24320179
43.25,269.25,36,0,36,1.0,3.0,0.23715208
43.25,269.75,36,0,36,1.0,3.0,0.25465232
43.25,270.25,36,0,36,1.0,3.0,0.24945949
43.25,270.75,36,0,36,1.0,3.0,0.23045331
43.25,271.25,36,0,36,1.0,3.0,0.24646081
43.25,271.75,36,0,36,1.0,3.0,0.24166131
43.25,274.75,36,0,36,1.0,3.0,0.22515723
43.25,275.25,36,0,36,1.0,3.0,0.20673269
43.25,275.75,36,0,36,1.0,3.0,0.18886365
43.25,276.25,36,0,36,1.0,3.0,0.1863135
43.25,278.75,36,0,36,1.0,3.0,0.28179502
43.25,279.25,36,0,36,1.0,3.0,0.28437927
43.25,279.75,36,0,36,1.0,3.0,0.31816307
43.75,118.25,36,0,36,1.0,3.0,0.12504265
43.75,130.75,36,0,36,1.0,3.0,0.35392115
43.75,258.75,36,0,36,1.0,3.0,0.21703975
43.75,259.25,36,0,36,1.0,3.0,0.23428488
43.75,259.75,36,0,36,1.0,3.0,0.25506458
43.75,260.25,36,0,36,1.0,3.0,0.26422864
43.75,260.75,36,0,36,1.0,3.0,0.31307057
43.75,261.25,36,0,36,1.0,3.0,0.3424172
43.75,261.75,36,0,36,1.0,3.0,0.2627971
43.75,262.25,36,0,36,1.0,3.0,0.26098055
43.75,262.75,36,0,36,1.0,3.0,0.24825813
43.75,263.25,36,0,36,1.0,3.0,0.21463792
43.75,263.75,36,0,36,1.0,3.0,0.24143411
43.75,264.25,36,0,36,1.0,3.0,0.2500805
43.75,264.75,36,0,36,1.0,3.0,0.23411001
43.75,265.25,36,0,36,1.0,3.0,0.23657149
43.75,265.75,36,0,36,1.0,3.0,0.2419254
43.75,266.25,36,0,36,1.0,3.0,0.27328438
43.75,266.75,36,0,36,1.0,3.0,0.27343613
43.75,267.25,36,0,36,1.0,3.0,0.27229086
43.75,267.75,36,0,36,1.0,3.0,0.23602372
43.75,268.25,36,0,36,1.0,3.0,0.2221619
43.75,268.75,36,0,36,1.0,3.0,0.22679241
43.75,269.25,36,0,36,1.0,3.0,0.22812817
43.75,269.75,36,0,36,1.0,3.0,0.22627032
43.75,270.25,36,0,36,1.0,3.0,0.21958794
43.75,270.75,36,0,36,1.0,3.0,0.22720711
43.75,271.25,36,0,36,1.0,3.0,0.22717084
43.75,271.75,36,0,36,1.0,3.0,0.207441
43.75,274.75,36,0,36,1.0,3.0,0.23540431
43.75,275.25,36,0,36,1.0,3.0,0.18092957
43.75,275.75,36,0,36,1.0,3.0,0.24955045
43.75,278.75,36,0,36,1.0,3.0,0.31202558
43.75,279.25,36,0,36,1.0,3.0,0.31612998
43.75,279.75,36,0,36,1.0,3.0,0.32007045
44.25,11.75,36,0,36,1.0,3.0,0.4750266
44.25,123.75,36,0,36,1.0,3.0,0.1602123
44.25,126.75,36,0,36,1.0,3.0,0.24254888
44.25,127.25,36,0,36,1.0,3.0,0.34953701
44.25,129.75,36,0,36,1.0,3.0,0.2402601
44.25,257.75,36,0,36,1.0,3.0,0.1952464
44.25,259.75,36,0,36,1.0,3.0,0.16371042
44.25,260.25,36,0,36,1.0,3.0,0.19480008
44.25,260.75,36,0,36,1.0,3.0,0.34853026
44.25,261.25,36,0,36,1.0,3.0,0.3152062
44.25,261.75,36,0,36,1.0,3.0,0.2703757
44.25,262.25,36,0,36,1.0,3.0,0.28667864
44.25,262.75,36,0,36,1.0,3.0,0.24475488
44.25,263.25,36,0,36,1.0,3.0,0.24861066
44.25,263.75,36,0,36,1.0,3.0,0.2540246
44.25,264.25,36,0,36,1.0,3.0,0.255285
44.25,264.75,36,0,36,1.0,3.0,0.2502227
44.25,265.25,36,0,36,1.0,3.0,0.2327927
44.25,265.75,36,0,36,1.0,3.0,0.23673393
44.25,266.25,36,0,36,1.0,3.0,0.24938224
44.25,266.75,36,0,36,1.0,3.0,0.24405469
44.25,267.25,36,0,36,1.0,3.0,0.22875272
44.25,267.75,36,0,36,1.0,3.0,0.22143899
44.25,268.25,36,0,36,1.0,3.0,0.23521778
44.25,268.75,36,0,36,1.0,3.0,0.24771671
44.25,269.25,36,0,36,1.0,3.0,0.21173842
44.25,269.75,36,0,36,1.0,3.0,0.20147845
44.25,270.25,36,0,36,1.0,3.0,0.20327933
44.25,270.75,36,0,36,1.0,3.0,0.19472477
44.25,271.25,36,0,36,1.0,3.0,0.22842735
44.25,271.75,36,0,36,1.0,3.0,0.24004692
44.25,274.25,36,0,36,1.0,3.0,0.21783394
44.25,274.75,36,0,36,1.0,3.0,0.24152698
44.25,275.75,36,0,36,1.0,3.0,0.22174384
44.25,279.25,36,0,36,1.0,3.0,0.3623539
44.25,279.75,36,0,36,1.0,3.0,0.3451091
44.25,280.25,36,0,36,1.0,3.0,0.3061914
44.25,280.75,36,0,36,1.0,3.0,0.34873986
44.25,281.25,36,0,36,1.0,3.0,0.35266098
44.25,281.75,36,0,36,1.0,3.0,0.33027932
44.25,282.25,36,0,36,1.0,3.0,0.32232395
44.25,282.75,36,0,36,1.0,3.0,0.3232721
44.75,8.75,36,0,36,1.0,3.0,0.46442586
44.75,119.75,36,0,36,1.0,3.0,0.19118391
44.75,120.75,36,0,36,1.0,3.0,0.17905028
44.75,124.75,36,0,36,1.0,3.0,0.21552365
44.75,130.25,36,0,36,1.0,3.0,0.2091248
44.75,130.75,36,0,36,1.0,3.0,0.2242317
44.75,131.25,36,0,36,1.0,3.0,0.38866886
44.75,259.75,36,0,36,1.0,3.0,0.20860548
44.75,260.25,36,0,36,1.0,3.0,0.23729159
44.75,260.75,36,0,36,1.0,3.0,0.2856452
44.75,261.25,36,0,36,1.0,3.0,0.27682188
44.75,261.75,36,0,36,1.0,3.0,0.2691057
44.75,262.25,36,0,36,1.0,3.0,0.25038266
44.75,262.75,36,0,36,1.0,3.0,0.22075906
44.75,263.25,36,0,36,1.0,3.0,0.25384513
44.75,263.75,36,0,36,1.0,3.0,0.2581886
44.75,264.25,36,0,36,1.0,3.0,0.26443106
44.75,264.75,36,0,36,1.0,3.0,0.26186055
44.75,265.25,36,0,36,1.0,3.0,0.26104093
44.75,265.75,36,0,36,1.0,3.0,0.26268923
44.75,266.25,36,0,36,1.0,3.0,0.2536771
44.75,266.75,36,0,36,1.0,3.0,0.26155376
44.75,267.25,36,0,36,1.0,3.0,0.23933642
44.75,267.75,36,0,36,1.0,3.0,0.23422459
44.75,268.25,36,0,36,1.0,3.0,0.24668205
44.75,268.75,36,0,36,1.0,3.0,0.24510045
44.75,269.25,36,0,36,1.0,3.0,0.26162815
44.75,269.75,36,0,36,1.0,3.0,0.26295704
44.75,270.25,36,0,36,1.0,3.0,0.21158056
44.75,270.75,36,0,36,1.0,3.0,0.20965643
44.75,271.25,36,0,36,1.0,3.0,0.2002581
44.75,271.75,36,0,36,1.0,3.0,0.20815793
44.75,276.25,36,0,36,1.0,3.0,0.27160746
44.75,280.75,36,0,36,1.0,3.0,0.33123437
44.75,281.25,36,0,36,1.0,3.0,0.35863653
44.75,282.25,36,0,36,1.0,3.0,0.38523996
44.75,282.75,36,0,36,1.0,3.0,0.37612185
44.75,283.25,36,0,36,1.0,3.0,0.3983921
44.75,283.75,36,0,36,1.0,3.0,0.3665039
45.25,9.25,36,0,36,1.0,3.0,0.3208568
45.25,11.75,36,0,36,1.0,3.0,0.41263315
45.25,122.75,36,0,36,1.0,3.0,0.1310137
45.25,126.75,36,0,36,1.0,3.0,0.17205597
45.25,131.75,36,0,36,1.0,3.0,0.19570339
45.25,259.25,36,0,36,1.0,3.0,0.23215558
45.25,259.75,36,0,36,1.0,3.0,0.22121339
45.25,260.25,36,0,36,1.0,3.0,0.27905098
45.25,260.75,36,0,36,1.0,3.0,0.31169286
45.25,261.25,36,0,36,1.0,3.0,0.2697059
45.25,261.75,36,0,36,1.0,3.0,0.24033289
45.25,262.25,36,0,36,1.0,3.0,0.21318865
45.25,262.75,36,0,36,1.0,3.0,0.22862847
45.25,263.25,36,0,36,1.0,3.0,0.2453906
45.25,263.75,36,0,36,1.0,3.0,0.24437183
45.25,264.25,36,0,36,1.0,3.0,0.22192764
45.25,264.75,36,0,36,1.0,3.0,0.23092549
45.25,265.25,36,0,36,1.0,3.0,0.23585394
45.25,265.75,36,0,36,1.0,3.0,0.24969648
45.25,266.25,36,0,36,1.0,3.0,0.26697323
45.25,266.75,36,0,36,1.0,3.0,0.23652367
45.25,267.25,36,0,36,1.0,3.0,0.23249225
45.25,267.75,36,0,36,1.0,3.0,0.23492108
45.25,268.25,36,0,36,1.0,3.0,0.23387721
45.25,268.75,36,0,36,1.0,3.0,0.2154366
45.25,269.25,36,0,36,1.0,3.0,0.22880134
45.25,269.75,36,0,36,1.0,3.0,0.22842444
45.25,270.25,36,0,36,1.0,3.0,0.2032494
45.25,270.75,36,0,36,1.0,3.0,0.19370255
45.25,271.25,36,0,36,1.0,3.0,0.22864626
45.25,271.75,36,0,36,1.0,3.0,0.23178895
45.25,282.25,36,0,36,1.0,3.0,0.4406059
45.25,282.75,36,0,36,1.0,3.0,0.4721323
45.25,283.25,36,0,36,1.0,3.0,0.38590565
45.25,283.75,36,0,36,1.0,3.0,0.31958422
45.25,284.25,36,0,36,1.0,3.0,0.3291636
45.25,284.75,36,0,36,1.0,3.0,0.31363162
45.25,286.75,36,0,36,1.0,3.0,0.29529017
45.25,287.25,36,0,36,1.0,3.0,0.35001728
45.25,287.75,36,0,36,1.0,3.0,0.37995803
45.25,288.25,36,0,36,1.0,3.0,0.37331948
45.75,9.25,36,0,36,1.0,3.0,0.37952235
45.75,120.75,36,0,36,1.0,3.0,0.24832493
45.75,121.25,36,0,36,1.0,3.0,0.1910198
45.75,121.75,36,0,36,1.0,3.0,0.14465533
45.75,123.75,36,0,36,1.0,3.0,0.15665247
45.75,124.75,36,0,36,1.0,3.0,0.14320445
45.75,125.25,36,0,36,1.0,3.0,0.19219083
45.75,129.75,36,0,36,1.0,3.0,0.25975174
45.75,257.75,36,0,36,1.0,3.0,0.25603396
45.75,258.25,36,0,36,1.0,3.0,0.22809845
45.75,258.75,36,0,36,1.0,3.0,0.19753544
45.75,259.25,36,0,36,1.0,3.0,0.23053713
45.75,259.75,36,0,36,1.0,3.0,0.2604247
45.75,260.25,36,0,36,1.0,3.0,0.28454548
45.75,260.75,36,0,36,1.0,3.0,0.31937838
45.75,261.25,36,0,36,1.0,3.0,0.2586889
45.75,261.75,36,0,36,1.0,3.0,0.20692788
45.75,262.25,36,0,36,1.0,3.0,0.23573093
45.75,262.75,36,0,36,1.0,3.0,0.21478382
45.75,263.25,36,0,36,1.0,3.0,0.23605949
45.75,263.75,36,0,36,1.0,3.0,0.27725312
45.75,264.25,36,0,36,1.0,3.0,0.21466482
45.75,264.75,36,0,36,1.0,3.0,0.23570906
45.75,265.25,36,0,36,1.0,3.0,0.27441522
45.75,265.75,36,0,36,1.0,3.0,0.25757468
45.75,266.25,36,0,36,1.0,3.0,0.23871434
45.75,266.75,36,0,36,1.0,3.0,0.21843238
45.75,267.25,36,0,36,1.0,3.0,0.21553633
45.75,267.75,36,0,36,1.0,3.0,0.20965664
45.75,268.25,36,0,36,1.0,3.0,0.20393203
45.75,268.75,36,0,36,1.0,3.0,0.20549317
45.75,269.25,36,0,36,1.0,3.0,0.20648831
45.75,269.75,36,0,36,1.0,3.0,0.22430153
45.75,271.75,36,0,36,1.0,3.0,0.27466762
45.75,282.75,36,0,36,1.0,3.0,0.38956594
45.75,283.25,36,0,36,1.0,3.0,0.3603008
45.75,283.75,36,0,36,1.0,3.0,0.35664013
45.75,284.25,36,0,36,1.0,3.0,0.35152736
45.75,284.75,36,0,36,1.0,3.0,0.35360262
45.75,285.25,36,0,36,1.0,3.0,0.35407287
45.75,285.75,36,0,36,1.0,3.0,0.33505306
45.75,287.25,36,0,36,1.0,3.0,0.2990417
45.75,287.75,36,0,36,1.0,3.0,0.3615642
45.75,288.25,36,0,36,1.0,3.0,0.38045284
45.75,288.75,36,0,36,1.0,3.0,0.41762236
45.75,289.25,36,0,36,1.0,3.0,0.42459604
46.25,12.75,36,0,36,1.0,3.0,0.38199764
46.25,120.75,36,0,36,1.0,3.0,0.23476298
46.25,121.25,36,0,36,1.0,3.0,0.20753226
46.25,121.75,36,0,36,1.0,3.0,0.16287115
46.25,123.25,36,0,36,1.0,3.0,0.13963926
46.25,123.75,36,0,36,1.0,3.0,0.153008
46.25,124.75,36,0,36,1.0,3.0,0.14998418
46.25,125.75,36,0,36,1.0,3.0,0.20775197
46.25,129.25,36,0,36,1.0,3.0,0.1979523
46.25,129.75,36,0,36,1.0,3.0,0.14994298
46.25,132.25,36,0,36,1.0,3.0,0.16581659
46.25,263.25,36,0,36,1.0,3.0,0.24450892
46.25,263.75,36,0,36,1.0,3.0,0.22628152
46.25,264.25,36,0,36,1.0,3.0,0.19665408
46.25,264.75,36,0,36,1.0,3.0,0.21861824
46.25,265.25,36,0,36,1.0,3.0,0.23672333
46.25,265.75,36,0,36,1.0,3.0,0.23671103
46.25,266.25,36,0,36,1.0,3.0,0.23193564
46.25,267.25,36,0,36,1.0,3.0,0.2269399
46.25,267.75,36,0,36,1.0,3.0,0.22590768
46.25,268.25,36,0,36,1.0,3.0,0.22180207
46.25,279.75,36,0,36,1.0,3.0,0.34790984
46.25,280.75,36,0,36,1.0,3.0,0.39611134
46.25,286.25,36,0,36,1.0,3.0,0.3187755
46.25,288.25,36,0,36,1.0,3.0,0.39930886
46.25,288.75,36,0,36,1.0,3.0,0.3818315
46.75,120.75,36,0,36,1.0,3.0,0.2588014
46.75,122.75,36,0,36,1.0,3.0,0.1816671
46.75,125.75,36,0,36,1.0,3.0,0.2286008
46.75,127.25,36,0,36,1.0,3.0,0.19964868
46.75,129.75,36,0,36,1.0,3.0,0.16975863
46.75,133.25,36,0,36,1.0,3.0,0.22682227
46.75,258.75,36,0,36,1.0,3.0,0.27960712
46.75,263.25,36,0,36,1.0,3.0,0.24663313
46.75,263.75,36,0,36,1.0,3.0,0.18633534
46.75,264.25,36,0,36,1.0,3.0,0.21706285
46.75,264.75,36,0,36,1.0,3.0,0.24015927
46.75,265.25,36,0,36,1.0,3.0,0.22533871
46.75,287.25,36,0,36,1.0,3.0,0.3882376
46.75,287.75,36,0,36,1.0,3.0,0.3617097
46.75,290.25,36,0,36,1.0,3.0,0.3158882
47.25,121.75,36,0,36,1.0,3.0,0.23936719
47.25,125.25,36,0,36,1.0,3.0,0.27148172
47.25,126.75,36,0,36,1.0,3.0,0.20538299
47.25,133.25,36,0,36,1.0,3.0,0.2636636
47.25,133.75,36,0,36,1.0,3.0,0.21253106
47.25,263.25,36,0,36,1.0,3.0,0.21718656
47.25,263.75,36,0,36,1.0,3.0,0.19239368
47.25,264.25,36,0,36,1.0,3.0,0.210185
47.25,264.75,36,0,36,1.0,3.0,0.24622211
47.25,265.25,36,0,36,1.0,3.0,0.24260315
47.25,266.75,36,0,36,1.0,3.0,0.22148451
47.25,280.75,36,0,36,1.0,3.0,0.39978024
47.25,290.25,36,0,36,1.0,3.0,0.3961571
47.75,121.25,36,0,36,1.0,3.0,0.33741233
47.75,123.25,36,0,36,1.0,3.0,0.18900041
47.75,126.25,36,0,36,1.0,3.0,0.2542019
47.75,126.75,36,0,36,1.0,3.0,0.2220818
47.75,127.75,36,0,36,1.0,3.0,0.31237143
47.75,257.75,36,0,36,1.0,3.0,0.2193147
47.75,259.75,36,0,36,1.0,3.0,0.224239
47.75,260.25,36,0,36,1.0,3.0,0.2270495
47.75,263.25,36,0,36,1.0,3.0,0.2031102
47.75,263.75,36,0,36,1.0,3.0,0.20024154
47.75,264.25,36,0,36,1.0,3.0,0.18397893
47.75,264.75,36,0,36,1.0,3.0,0.21788691
47.75,265.25,36,0,36,1.0,3.0,0.21385777
47.75,265.75,36,0,36,1.0,3.0,0.22261834
47.75,266.25,36,0,36,1.0,3.0,0.24426791
47.75,280.25,36,0,36,1.0,3.0,0.35539088
48.25,122.75,36,0,36,1.0,3.0,0.25496215
48.25,123.75,36,0,36,1.0,3.0,0.20839477
48.25,127.75,36,0,36,1.0,3.0,0.37437224
48.25,257.75,36,0,36,1.0,3.0,0.20934951
48.25,263.25,36,0,36,1.0,3.0,0.1882344
48.25,263.75,36,0,36,1.0,3.0,0.19374901
48.25,264.25,36,0,36,1.0,3.0,0.19969861
48.25,264.75,36,0,36,1.0,3.0,0.21087982
48.25,265.25,36,0,36,1.0,3.0,0.31717086
48.25,288.25,36,0,36,1.0,3.0,0.3471301
48.75,123.75,36,0,36,1.0,3.0,0.23457876
48.75,125.25,36,0,36,1.0,3.0,0.22734307
48.75,125.75,36,0,36,1.0,3.0,0.27353865
48.75,130.25,36,0,36,1.0,3.0,0.17472832
48.75,258.25,36,0,36,1.0,3.0,0.25660634
48.75,260.75,36,0,36,1.0,3.0,0.28758082
48.75,263.25,36,0,36,1.0,3.0,0.29854134
48.75,263.75,36,0,36,1.0,3.0,0.26380104
48.75,264.25,36,0,36,1.0,3.0,0.19830115
48.75,264.75,36,0,36,1.0,3.0,0.21946372
48.75,287.75,36,0,36,1.0,3.0,0.3243473
48.75,288.25,36,0,36,1.0,3.0,0.3070894
49.25,125.25,36,0,36,1.0,3.0,0.24858429
49.25,125.75,36,0,36,1.0,3.0,0.26431832
49.25,126.25,36,0,36,1.0,3.0,0.29406694
49.25,128.25,36,0,36,1.0,3.0,0.17734994
49.25,128.75,36,0,36,1.0,3.0,0.16348942
49.75,121.25,36,0,36,1.0,3.0,0.3127809
49.75,123.25,36,0,36,1.0,3.0,0.36409435
49.75,125.75,36,0,36,1.0,3.0,0.2992546
49.75,126.25,36,0,36,1.0,3.0,0.31673244
50.25,122.75,36,0,36,1.0,3.0,0.35613903
50.25,124.75,36,0,36,1.0,3.0,0.2925276
50.25,125.75,36,0,36,1.0,3.0,0.29057744
50.75,125.25,36,0,36,1.0,3.0,0.2895902
51.75,124.25,36,0,36,1.0,3.0,0.36738887
52.25,125.75,36,0,36,1.0,3.0,0.19176811
