pixel_id,x,y,phase,seasons,total_events,events_per_season,seasons_with_events,fraction_seasons_with_events
71854,1070,1300,EST,3,0,0.0,0,0.0
71854,1070,1301,EST,3,0,0.0,0,0.0
71854,1070,1302,EST,3,0,0.0,0,0.0
71854,1070,1303,EST,3,0,0.0,0,0.0
71854,1070,1304,EST,3,0,0.0,0,0.0
71854,1071,1300,EST,3,0,0.0,0,0.0
71854,1071,1301,EST,3,0,0.0,0,0.0
71854,1071,1302,EST,3,0,0.0,0,0.0
71854,1071,1303,EST,3,0,0.0,0,0.0
71854,1071,1304,EST,3,0,0.0,0,0.0
71854,1072,1300,EST,3,0,0.0,0,0.0
71854,1072,1301,EST,3,0,0.0,0,0.0
71854,1072,1302,EST,3,0,0.0,0,0.0
71854,1072,1303,EST,3,0,0.0,0,0.0
71854,1072,1304,EST,3,0,0.0,0,0.0
71854,1073,1300,EST,3,0,0.0,0,0.0
71854,1073,1301,EST,3,0,0.0,0,0.0
71854,1073,1302,EST,3,0,0.0,0,0.0
71854,1073,1303,EST,3,0,0.0,0,0.0
71854,1073,1304,EST,3,0,0.0,0,0.0
71854,1074,1300,EST,3,0,0.0,0,0.0
71854,1074,1301,EST,3,0,0.0,0,0.0
71854,1074,1302,EST,3,0,0.0,0,0.0
71854,1074,1303,EST,3,0,0.0,0,0.0
71854,1074,1304,EST,3,0,0.0,0,0.0
74033,1165,1285,EST,3,0,0.0,0,0.0
74033,1165,1286,EST,3,0,0.0,0,0.0
74033,1165,1287,EST,3,0,0.0,0,0.0
74033,1165,1288,EST,3,0,0.0,0,0.0
74033,1165,1289,EST,3,0,0.0,0,0.0
74033,1166,1285,EST,3,0,0.0,0,0.0
74033,1166,1286,EST,3,0,0.0,0,0.0
74033,1166,1287,EST,3,0,0.0,0,0.0
74033,1166,1288,EST,3,0,0.0,0,0.0
74033,1166,1289,EST,3,0,0.0,0,0.0
74033,1167,1285,EST,3,0,0.0,0,0.0
74033,1167,1286,EST,3,0,0.0,0,0.0
74033,1167,1287,EST,3,0,0.0,0,0.0
74033,1167,1288,EST,3,0,0.0,0,0.0
74033,1167,1289,EST,3,0,0.0,0,0.0
74033,1168,1285,EST,3,0,0.0,0,0.0
74033,1168,1286,EST,3,0,0.0,0,0.0
74033,1168,1287,EST,3,0,0.0,0,0.0
74033,1168,1288,EST,3,0,0.0,0,0.0
74033,1168,1289,EST,3,0,0.0,0,0.0
74033,1169,1285,EST,3,0,0.0,0,0.0
74033,1169,1286,EST,3,0,0.0,0,0.0
74033,1169,1287,EST,3,0,0.0,0,0.0
74033,1169,1288,EST,3,0,0.0,0,0.0
74033,1169,1289,EST,3,0,0.0,0,0.0
74758,1190,1280,EST,3,0,0.0,0,0.0
74758,1190,1281,EST,3,0,0.0,0,0.0
74758,1190,1282,EST,3,0,0.0,0,0.0
74758,1190,1283,EST,3,0,0.0,0,0.0
74758,1190,1284,EST,3,0,0.0,0,0.0
74758,1191,1280,EST,3,0,0.0,0,0.0
74758,1191,1281,EST,3,0,0.0,0,0.0
74758,1191,1282,EST,3,0,0.0,0,0.0
74758,1191,1283,EST,3,0,0.0,0,0.0
74758,1191,1284,EST,3,0,0.0,0,0.0
74758,1192,1280,EST,3,0,0.0,0,0.0
74758,1192,1281,EST,3,0,0.0,0,0.0
74758,1192,1282,EST,3,0,0.0,0,0.0
74758,1192,1283,EST,3,0,0.0,0,0.0
74758,1192,1284,EST,3,0,0.0,0,0.0
74758,1193,1280,EST,3,0,0.0,0,0.0
74758,1193,1281,EST,3,0,0.0,0,0.0
74758,1193,1282,EST,3,0,0.0,0,0.0
74758,1193,1283,EST,3,0,0.0,0,0.0
74758,1193,1284,EST,3,0,0.0,0,0.0
74758,1194,1280,EST,3,0,0.0,0,0.0
74758,1194,1281,EST,3,0,0.0,0,0.0
74758,1194,1282,EST,3,0,0.0,0,0.0
74758,1194,1283,EST,3,0,0.0,0,0.0
74758,1194,1284,EST,3,0,0.0,0,0.0
