crop,pixel_id,x,y,season_year,phase,source,start,end,valid_days,total_days,quality,event_count,qualifying_days,longest_run,latitude
maize,71854,1070,1300,1981,EST,https://doi.org/10.1016/j.eja.2025.127729,1981-10-30,1981-11-07,9,9,OK,0,0,0,-40.000000000000014
maize,71854,1070,1301,1981,EST,https://doi.org/10.1016/j.eja.2025.127729,1981-10-30,1981-11-07,9,9,OK,0,0,0,-40.10000000000001
maize,71854,1070,1302,1981,EST,https://doi.org/10.1016/j.eja.2025.127729,1981-10-30,1981-11-07,9,9,OK,0,0,0,-40.2
maize,71854,1070,1303,1981,EST,https://doi.org/10.1016/j.eja.2025.127729,1981-10-30,1981-11-07,9,9,OK,0,0,0,-40.3
maize,71854,1070,1304,1981,EST,https://doi.org/10.1016/j.eja.2025.127729,1981-10-30,1981-11-07,9,9,OK,0,0,0,-40.40000000000002
maize,71854,1071,1300,1981,EST,https://doi.org/10.1016/j.eja.2025.127729,1981-10-30,1981-11-07,9,9,OK,0,0,0,-40.000000000000014
maize,71854,1071,1301,1981,EST,https://doi.org/10.1016/j.eja.2025.127729,1981-10-30,1981-11-07,9,9,OK,0,0,0,-40.10000000000001
maize,71854,1071,1302,1981,EST,https://doi.org/10.1016/j.eja.2025.127729,1981-10-30,1981-11-07,9,9,OK,0,0,0,-40.2
maize,71854,1071,1303,1981,EST,https://doi.org/10.1016/j.eja.2025.127729,1981-10-30,1981-11-07,9,9,OK,0,0,0,-40.3
maize,71854,1071,1304,1981,EST,https://doi.org/10.1016/j.eja.2025.127729,1981-10-30,1981-11-07,9,9,OK,0,0,0,-40.40000000000002
maize,71854,1072,1300,1981,EST,https://doi.org/10.1016/j.eja.2025.127729,1981-10-30,1981-11-07,9,9,OK,0,0,0,-40.000000000000014
maize,71854,1072,1301,1981,EST,https://doi.org/10.1016/j.eja.2025.127729,1981-10-30,1981-11-07,9,9,OK,0,0,0,-40.10000000000001
maize,71854,1072,1302,1981,EST,https://doi.org/10.1016/j.eja.2025.127729,1981-10-30,1981-11-07,9,9,OK,0,0,0,-40.2
maize,71854,1072,1303,1981,EST,https://doi.org/10.1016/j.eja.2025.127729,1981-10-30,1981-11-07,9,9,OK,0,0,0,-40.3
maize,71854,1072,1304,1981,EST,https://doi.org/10.1016/j.eja.2025.127729,1981-10-30,1981-11-07,9,9,OK,0,0,0,-40.40000000000002
maize,71854,1073,1300,1981,EST,https://doi.org/10.1016/j.eja.2025.127729,1981-10-30,1981-11-07,9,9,OK,0,0,0,-40.000000000000014
maize,71854,1073,1301,1981,EST,https://doi.org/10.1016/j.eja.2025.127729,1981-10-30,1981-11-07,9,9,OK,0,0,0,-40.10000000000001
maize,71854,1073,1302,1981,EST,https://doi.org/10.1016/j.eja.2025.127729,1981-10-30,1981-11-07,9,9,OK,0,0,0,-40.2
maize,71854,1073,1303,1981,EST,https://doi.org/10.1016/j.eja.2025.127729,1981-10-30,1981-11-07,9,9,OK,0,0,0,-40.3
maize,71854,1073,1304,1981,EST,https://doi.org/10.1016/j.eja.2025.127729,1981-10-30,1981-11-07,9,9,OK,0,0,0,-40.40000000000002
maize,71854,1074,1300,1981,EST,https://doi.org/10.1016/j.eja.2025.127729,1981-10-30,1981-11-07,9,9,OK,0,0,0,-40.000000000000014
maize,71854,1074,1301,1981,EST,https://doi.org/10.1016/j.eja.2025.127729,1981-10-30,1981-11-07,9,9,OK,0,0,0,-40.10000000000001
maize,71854,1074,1302,1981,EST,https://doi.org/10.1016/j.eja.2025.127729,1981-10-30,1981-11-07,9,9,OK,0,0,0,-40.2
maize,71854,1074,1303,1981,EST,https://doi.org/10.1016/j.eja.2025.127729,1981-10-30,1981-11-07,9,9,OK,0,0,0,-40.3
maize,71854,1074,1304,1981,EST,https://doi.org/10.1016/j.eja.2025.127729,1981-10-30,1981-11-07,9,9,OK,0,0,0,-40.40000000000002
maize,71854,1070,1300,1982,EST,https://doi.org/10.1016/j.eja.2025.127729,1982-10-30,1982-11-07,9,9,OK,0,0,0,-40.000000000000014
maize,71854,1070,1301,1982,EST,https://doi.org/10.1016/j.eja.2025.127729,1982-10-30,1982-11-07,9,9,OK,0,0,0,-40.10000000000001
maize,71854,1070,1302,1982,EST,https://doi.org/10.1016/j.eja.2025.127729,1982-10-30,1982-11-07,9,9,OK,0,0,0,-40.2
maize,71854,1070,1303,1982,EST,https://doi.org/10.1016/j.eja.2025.127729,1982-10-30,1982-11-07,9,9,OK,0,0,0,-40.3
maize,71854,1070,1304,1982,EST,https://doi.org/10.1016/j.eja.2025.127729,1982-10-30,1982-11-07,9,9,OK,0,0,0,-40.40000000000002
maize,71854,1071,1300,1982,EST,https://doi.org/10.1016/j.eja.2025.127729,1982-10-30,1982-11-07,9,9,OK,0,0,0,-40.000000000000014
maize,71854,1071,1301,1982,EST,https://doi.org/10.1016/j.eja.2025.127729,1982-10-30,1982-11-07,9,9,OK,0,0,0,-40.10000000000001
maize,71854,1071,1302,1982,EST,https://doi.org/10.1016/j.eja.2025.127729,1982-10-30,1982-11-07,9,9,OK,0,0,0,-40.2
maize,71854,1071,1303,1982,EST,https://doi.org/10.1016/j.eja.2025.127729,1982-10-30,1982-11-07,9,9,OK,0,0,0,-40.3
maize,71854,1071,1304,1982,EST,https://doi.org/10.1016/j.eja.2025.127729,1982-10-30,1982-11-07,9,9,OK,0,0,0,-40.40000000000002
maize,71854,1072,1300,1982,EST,https://doi.org/10.1016/j.eja.2025.127729,1982-10-30,1982-11-07,9,9,OK,0,0,0,-40.000000000000014
maize,71854,1072,1301,1982,EST,https://doi.org/10.1016/j.eja.2025.127729,1982-10-30,1982-11-07,9,9,OK,0,0,0,-40.10000000000001
maize,71854,1072,1302,1982,EST,https://doi.org/10.1016/j.eja.2025.127729,1982-10-30,1982-11-07,9,9,OK,0,0,0,-40.2
maize,71854,1072,1303,1982,EST,https://doi.org/10.1016/j.eja.2025.127729,1982-10-30,1982-11-07,9,9,OK,0,0,0,-40.3
maize,71854,1072,1304,1982,EST,https://doi.org/10.1016/j.eja.2025.127729,1982-10-30,1982-11-07,9,9,OK,0,0,0,-40.40000000000002
maize,71854,1073,1300,1982,EST,https://doi.org/10.1016/j.eja.2025.127729,1982-10-30,1982-11-07,9,9,OK,0,0,0,-40.000000000000014
maize,71854,1073,1301,1982,EST,https://doi.org/10.1016/j.eja.2025.127729,1982-10-30,1982-11-07,9,9,OK,0,0,0,-40.10000000000001
maize,71854,1073,1302,1982,EST,https://doi.org/10.1016/j.eja.2025.127729,1982-10-30,1982-11-07,9,9,OK,0,0,0,-40.2
maize,71854,1073,1303,1982,EST,https://doi.org/10.1016/j.eja.2025.127729,1982-10-30,1982-11-07,9,9,OK,0,0,0,-40.3
maize,71854,1073,1304,1982,EST,https://doi.org/10.1016/j.eja.2025.127729,1982-10-30,1982-11-07,9,9,OK,0,0,0,-40.40000000000002
maize,71854,1074,1300,1982,EST,https://doi.org/10.1016/j.eja.2025.127729,1982-10-30,1982-11-07,9,9,OK,0,0,0,-40.000000000000014
maize,71854,1074,1301,1982,EST,https://doi.org/10.1016/j.eja.2025.127729,1982-10-30,1982-11-07,9,9,OK,0,0,0,-40.10000000000001
maize,71854,1074,1302,1982,EST,https://doi.org/10.1016/j.eja.2025.127729,1982-10-30,1982-11-07,9,9,OK,0,0,0,-40.2
maize,71854,1074,1303,1982,EST,https://doi.org/10.1016/j.eja.2025.127729,1982-10-30,1982-11-07,9,9,OK,0,0,0,-40.3
maize,71854,1074,1304,1982,EST,https://doi.org/10.1016/j.eja.2025.127729,1982-10-30,1982-11-07,9,9,OK,0,0,0,-40.40000000000002
maize,71854,1070,1300,1983,EST,https://doi.org/10.1016/j.eja.2025.127729,1983-10-30,1983-11-07,9,9,OK,0,0,0,-40.000000000000014
maize,71854,1070,1301,1983,EST,https://doi.org/10.1016/j.eja.2025.127729,1983-10-30,1983-11-07,9,9,OK,0,0,0,-40.10000000000001
maize,71854,1070,1302,1983,EST,https://doi.org/10.1016/j.eja.2025.127729,1983-10-30,1983-11-07,9,9,OK,0,0,0,-40.2
maize,71854,1070,1303,1983,EST,https://doi.org/10.1016/j.eja.2025.127729,1983-10-30,1983-11-07,9,9,OK,0,0,0,-40.3
maize,71854,1070,1304,1983,EST,https://doi.org/10.1016/j.eja.2025.127729,1983-10-30,1983-11-07,9,9,OK,0,0,0,-40.40000000000002
maize,71854,1071,1300,1983,EST,https://doi.org/10.1016/j.eja.2025.127729,1983-10-30,1983-11-07,9,9,OK,0,0,0,-40.000000000000014
maize,71854,1071,1301,1983,EST,https://doi.org/10.1016/j.eja.2025.127729,1983-10-30,1983-11-07,9,9,OK,0,0,0,-40.10000000000001
maize,71854,1071,1302,1983,EST,https://doi.org/10.1016/j.eja.2025.127729,1983-10-30,1983-11-07,9,9,OK,0,0,0,-40.2
maize,71854,1071,1303,1983,EST,https://doi.org/10.1016/j.eja.2025.127729,1983-10-30,1983-11-07,9,9,OK,0,0,0,-40.3
maize,71854,1071,1304,1983,EST,https://doi.org/10.1016/j.eja.2025.127729,1983-10-30,1983-11-07,9,9,OK,0,0,0,-40.40000000000002
maize,71854,1072,1300,1983,EST,https://doi.org/10.1016/j.eja.2025.127729,1983-10-30,1983-11-07,9,9,OK,0,0,0,-40.000000000000014
maize,71854,1072,1301,1983,EST,https://doi.org/10.1016/j.eja.2025.127729,1983-10-30,1983-11-07,9,9,OK,0,0,0,-40.10000000000001
maize,71854,1072,1302,1983,EST,https://doi.org/10.1016/j.eja.2025.127729,1983-10-30,1983-11-07,9,9,OK,0,0,0,-40.2
maize,71854,1072,1303,1983,EST,https://doi.org/10.1016/j.eja.2025.127729,1983-10-30,1983-11-07,9,9,OK,0,0,0,-40.3
maize,71854,1072,1304,1983,EST,https://doi.org/10.1016/j.eja.2025.127729,1983-10-30,1983-11-07,9,9,OK,0,0,0,-40.40000000000002
maize,71854,1073,1300,1983,EST,https://doi.org/10.1016/j.eja.2025.127729,1983-10-30,1983-11-07,9,9,OK,0,0,0,-40.000000000000014
maize,71854,1073,1301,1983,EST,https://doi.org/10.1016/j.eja.2025.127729,1983-10-30,1983-11-07,9,9,OK,0,0,0,-40.10000000000001
maize,71854,1073,1302,1983,EST,https://doi.org/10.1016/j.eja.2025.127729,1983-10-30,1983-11-07,9,9,OK,0,0,0,-40.2
maize,71854,1073,1303,1983,EST,https://doi.org/10.1016/j.eja.2025.127729,1983-10-30,1983-11-07,9,9,OK,0,0,0,-40.3
maize,71854,1073,1304,1983,EST,https://doi.org/10.1016/j.eja.2025.127729,1983-10-30,1983-11-07,9,9,OK,0,0,0,-40.40000000000002
maize,71854,1074,1300,1983,EST,https://doi.org/10.1016/j.eja.2025.127729,1983-10-30,1983-11-07,9,9,OK,0,0,0,-40.000000000000014
maize,71854,1074,1301,1983,EST,https://doi.org/10.1016/j.eja.2025.127729,1983-10-30,1983-11-07,9,9,OK,0,0,0,-40.10000000000001
maize,71854,1074,1302,1983,EST,https://doi.org/10.1016/j.eja.2025.127729,1983-10-30,1983-11-07,9,9,OK,0,0,0,-40.2
maize,71854,1074,1303,1983,EST,https://doi.org/10.1016/j.eja.2025.127729,1983-10-30,1983-11-07,9,9,OK,0,0,0,-40.3
maize,71854,1074,1304,1983,EST,https://doi.org/10.1016/j.eja.2025.127729,1983-10-30,1983-11-07,9,9,OK,0,0,0,-40.40000000000002
maize,74033,1165,1285,1981,EST,https://doi.org/10.1016/j.eja.2025.127729,1981-11-01,1981-11-11,11,11,OK,0,0,0,-38.500000000000014
maize,74033,1165,1286,1981,EST,https://doi.org/10.1016/j.eja.2025.127729,1981-11-01,1981-11-11,11,11,OK,0,0,0,-38.60000000000001
maize,74033,1165,1287,1981,EST,https://doi.org/10.1016/j.eja.2025.127729,1981-11-01,1981-11-11,11,11,OK,0,0,0,-38.7
maize,74033,1165,1288,1981,EST,https://doi.org/10.1016/j.eja.2025.127729,1981-11-01,1981-11-11,11,11,OK,0,0,0,-38.8
maize,74033,1165,1289,1981,EST,https://doi.org/10.1016/j.eja.2025.127729,1981-11-01,1981-11-11,11,11,OK,0,0,0,-38.90000000000002
maize,74033,1166,1285,1981,EST,https://doi.org/10.1016/j.eja.2025.127729,1981-11-01,1981-11-11,11,11,OK,0,0,0,-38.500000000000014
maize,74033,1166,1286,1981,EST,https://doi.org/10.1016/j.eja.2025.127729,1981-11-01,1981-11-11,11,11,OK,0,0,0,-38.60000000000001
maize,74033,1166,1287,1981,EST,https://doi.org/10.1016/j.eja.2025.127729,1981-11-01,1981-11-11,11,11,OK,0,0,0,-38.7
maize,74033,1166,1288,1981,EST,https://doi.org/10.1016/j.eja.2025.127729,1981-11-01,1981-11-11,11,11,OK,0,0,0,-38.8
maize,74033,1166,1289,1981,EST,https://doi.org/10.1016/j.eja.2025.127729,1981-11-01,1981-11-11,11,11,OK,0,0,0,-38.90000000000002
maize,74033,1167,1285,1981,EST,https://doi.org/10.1016/j.eja.2025.127729,1981-11-01,1981-11-11,11,11,OK,0,0,0,-38.500000000000014
maize,74033,1167,1286,1981,EST,https://doi.org/10.1016/j.eja.2025.127729,1981-11-01,1981-11-11,11,11,OK,0,0,0,-38.60000000000001
maize,74033,1167,1287,1981,EST,https://doi.org/10.1016/j.eja.2025.127729,1981-11-01,1981-11-11,11,11,OK,0,0,0,-38.7
maize,74033,1167,1288,1981,EST,https://doi.org/10.1016/j.eja.2025.127729,1981-11-01,1981-11-11,11,11,OK,0,0,0,-38.8
maize,74033,1167,1289,1981,EST,https://doi.org/10.1016/j.eja.2025.127729,1981-11-01,1981-11-11,11,11,OK,0,0,0,-38.90000000000002
maize,74033,1168,1285,1981,EST,https://doi.org/10.1016/j.eja.2025.127729,1981-11-01,1981-11-11,11,11,OK,0,0,0,-38.500000000000014
maize,74033,1168,1286,1981,EST,https://doi.org/10.1016/j.eja.2025.127729,1981-11-01,1981-11-11,11,11,OK,0,0,0,-38.60000000000001
maize,74033,1168,1287,1981,EST,https://doi.org/10.1016/j.eja.2025.127729,1981-11-01,1981-11-11,11,11,OK,0,0,0,-38.7
maize,74033,1168,1288,1981,EST,https://doi.org/10.1016/j.eja.2025.127729,1981-11-01,1981-11-11,11,11,OK,0,0,0,-38.8
maize,74033,1168,1289,1981,EST,https://doi.org/10.1016/j.eja.2025.127729,1981-11-01,1981-11-11,11,11,OK,0,0,0,-38.90000000000002
maize,74033,1169,1285,1981,EST,https://doi.org/10.1016/j.eja.2025.127729,1981-11-01,1981-11-11,11,11,OK,0,0,0,-38.500000000000014
maize,74033,1169,1286,1981,EST,https://doi.org/10.1016/j.eja.2025.127729,1981-11-01,1981-11-11,11,11,OK,0,0,0,-38.60000000000001
maize,74033,1169,1287,1981,EST,https://doi.org/10.1016/j.eja.2025.127729,1981-11-01,1981-11-11,11,11,OK,0,0,0,-38.7
maize,74033,1169,1288,1981,EST,https://doi.org/10.1016/j.eja.2025.127729,1981-11-01,1981-11-11,11,11,OK,0,0,0,-38.8
maize,74033,1169,1289,1981,EST,https://doi.org/10.1016/j.eja.2025.127729,1981-11-01,1981-11-11,11,11,OK,0,0,0,-38.90000000000002
maize,74033,1165,1285,1982,EST,https://doi.org/10.1016/j.eja.2025.127729,1982-11-01,1982-11-11,11,11,OK,0,0,0,-38.500000000000014
maize,74033,1165,1286,1982,EST,https://doi.org/10.1016/j.eja.2025.127729,1982-11-01,1982-11-11,11,11,OK,0,0,0,-38.60000000000001
maize,74033,1165,1287,1982,EST,https://doi.org/10.1016/j.eja.2025.127729,1982-11-01,1982-11-11,11,11,OK,0,0,0,-38.7
maize,74033,1165,1288,1982,EST,https://doi.org/10.1016/j.eja.2025.127729,1982-11-01,1982-11-11,11,11,OK,0,0,0,-38.8
maize,74033,1165,1289,1982,EST,https://doi.org/10.1016/j.eja.2025.127729,1982-11-01,1982-11-11,11,11,OK,0,0,0,-38.90000000000002
maize,74033,1166,1285,1982,EST,https://doi.org/10.1016/j.eja.2025.127729,1982-11-01,1982-11-11,11,11,OK,0,0,0,-38.500000000000014
maize,74033,1166,1286,1982,EST,https://doi.org/10.1016/j.eja.2025.127729,1982-11-01,1982-11-11,11,11,OK,0,0,0,-38.60000000000001
maize,74033,1166,1287,1982,EST,https://doi.org/10.1016/j.eja.2025.127729,1982-11-01,1982-11-11,11,11,OK,0,0,0,-38.7
maize,74033,1166,1288,1982,EST,https://doi.org/10.1016/j.eja.2025.127729,1982-11-01,1982-11-11,11,11,OK,0,0,0,-38.8
maize,74033,1166,1289,1982,EST,https://doi.org/10.1016/j.eja.2025.127729,1982-11-01,1982-11-11,11,11,OK,0,0,0,-38.90000000000002
maize,74033,1167,1285,1982,EST,https://doi.org/10.1016/j.eja.2025.127729,1982-11-01,1982-11-11,11,11,OK,0,0,0,-38.500000000000014
maize,74033,1167,1286,1982,EST,https://doi.org/10.1016/j.eja.2025.127729,1982-11-01,1982-11-11,11,11,OK,0,0,0,-38.60000000000001
maize,74033,1167,1287,1982,EST,https://doi.org/10.1016/j.eja.2025.127729,1982-11-01,1982-11-11,11,11,OK,0,0,0,-38.7
maize,74033,1167,1288,1982,EST,https://doi.org/10.1016/j.eja.2025.127729,1982-11-01,1982-11-11,11,11,OK,0,0,0,-38.8
maize,74033,1167,1289,1982,EST,https://doi.org/10.1016/j.eja.2025.127729,1982-11-01,1982-11-11,11,11,OK,0,0,0,-38.90000000000002
maize,74033,1168,1285,1982,EST,https://doi.org/10.1016/j.eja.2025.127729,1982-11-01,1982-11-11,11,11,OK,0,0,0,-38.500000000000014
maize,74033,1168,1286,1982,EST,https://doi.org/10.1016/j.eja.2025.127729,1982-11-01,1982-11-11,11,11,OK,0,0,0,-38.60000000000001
maize,74033,1168,1287,1982,EST,https://doi.org/10.1016/j.eja.2025.127729,1982-11-01,1982-11-11,11,11,OK,0,0,0,-38.7
maize,74033,1168,1288,1982,EST,https://doi.org/10.1016/j.eja.2025.127729,1982-11-01,1982-11-11,11,11,OK,0,0,0,-38.8
maize,74033,1168,1289,1982,EST,https://doi.org/10.1016/j.eja.2025.127729,1982-11-01,1982-11-11,11,11,OK,0,0,0,-38.90000000000002
maize,74033,1169,1285,1982,EST,https://doi.org/10.1016/j.eja.2025.127729,1982-11-01,1982-11-11,11,11,OK,0,0,0,-38.500000000000014
maize,74033,1169,1286,1982,EST,https://doi.org/10.1016/j.eja.2025.127729,1982-11-01,1982-11-11,11,11,OK,0,0,0,-38.60000000000001
maize,74033,1169,1287,1982,EST,https://doi.org/10.1016/j.eja.2025.127729,1982-11-01,1982-11-11,11,11,OK,0,0,0,-38.7
maize,74033,1169,1288,1982,EST,https://doi.org/10.1016/j.eja.2025.127729,1982-11-01,1982-11-11,11,11,OK,0,0,0,-38.8
maize,74033,1169,1289,1982,EST,https://doi.org/10.1016/j.eja.2025.127729,1982-11-01,1982-11-11,11,11,OK,0,0,0,-38.90000000000002
maize,74033,1165,1285,1983,EST,https://doi.org/10.1016/j.eja.2025.127729,1983-11-01,1983-11-11,11,11,OK,0,0,0,-38.500000000000014
maize,74033,1165,1286,1983,EST,https://doi.org/10.1016/j.eja.2025.127729,1983-11-01,1983-11-11,11,11,OK,0,0,0,-38.60000000000001
maize,74033,1165,1287,1983,EST,https://doi.org/10.1016/j.eja.2025.127729,1983-11-01,1983-11-11,11,11,OK,0,0,0,-38.7
maize,74033,1165,1288,1983,EST,https://doi.org/10.1016/j.eja.2025.127729,1983-11-01,1983-11-11,11,11,OK,0,0,0,-38.8
maize,74033,1165,1289,1983,EST,https://doi.org/10.1016/j.eja.2025.127729,1983-11-01,1983-11-11,11,11,OK,0,0,0,-38.90000000000002
maize,74033,1166,1285,1983,EST,https://doi.org/10.1016/j.eja.2025.127729,1983-11-01,1983-11-11,11,11,OK,0,0,0,-38.500000000000014
maize,74033,1166,1286,1983,EST,https://doi.org/10.1016/j.eja.2025.127729,1983-11-01,1983-11-11,11,11,OK,0,0,0,-38.60000000000001
maize,74033,1166,1287,1983,EST,https://doi.org/10.1016/j.eja.2025.127729,1983-11-01,1983-11-11,11,11,OK,0,0,0,-38.7
maize,74033,1166,1288,1983,EST,https://doi.org/10.1016/j.eja.2025.127729,1983-11-01,1983-11-11,11,11,OK,0,0,0,-38.8
maize,74033,1166,1289,1983,EST,https://doi.org/10.1016/j.eja.2025.127729,1983-11-01,1983-11-11,11,11,OK,0,0,0,-38.90000000000002
maize,74033,1167,1285,1983,EST,https://doi.org/10.1016/j.eja.2025.127729,1983-11-01,1983-11-11,11,11,OK,0,0,0,-38.500000000000014
maize,74033,1167,1286,1983,EST,https://doi.org/10.1016/j.eja.2025.127729,1983-11-01,1983-11-11,11,11,OK,0,0,0,-38.60000000000001
maize,74033,1167,1287,1983,EST,https://doi.org/10.1016/j.eja.2025.127729,1983-11-01,1983-11-11,11,11,OK,0,0,0,-38.7
maize,74033,1167,1288,1983,EST,https://doi.org/10.1016/j.eja.2025.127729,1983-11-01,1983-11-11,11,11,OK,0,0,0,-38.8
maize,74033,1167,1289,1983,EST,https://doi.org/10.1016/j.eja.2025.127729,1983-11-01,1983-11-11,11,11,OK,0,0,0,-38.90000000000002
maize,74033,1168,1285,1983,EST,https://doi.org/10.1016/j.eja.2025.127729,1983-11-01,1983-11-11,11,11,OK,0,0,0,-38.500000000000014
maize,74033,1168,1286,1983,EST,https://doi.org/10.1016/j.eja.2025.127729,1983-11-01,1983-11-11,11,11,OK,0,0,0,-38.60000000000001
maize,74033,1168,1287,1983,EST,https://doi.org/10.1016/j.eja.2025.127729,1983-11-01,1983-11-11,11,11,OK,0,0,0,-38.7
maize,74033,1168,1288,1983,EST,https://doi.org/10.1016/j.eja.2025.127729,1983-11-01,1983-11-11,11,11,OK,0,0,0,-38.8
maize,74033,1168,1289,1983,EST,https://doi.org/10.1016/j.eja.2025.127729,1983-11-01,1983-11-11,11,11,OK,0,0,0,-38.90000000000002
maize,74033,1169,1285,1983,EST,https://doi.org/10.1016/j.eja.2025.127729,1983-11-01,1983-11-11,11,11,OK,0,0,0,-38.500000000000014
maize,74033,1169,1286,1983,EST,https://doi.org/10.1016/j.eja.2025.127729,1983-11-01,1983-11-11,11,11,OK,0,0,0,-38.60000000000001
maize,74033,1169,1287,1983,EST,https://doi.org/10.1016/j.eja.2025.127729,1983-11-01,1983-11-11,11,11,OK,0,0,0,-38.7
maize,74033,1169,1288,1983,EST,https://doi.org/10.1016/j.eja.2025.127729,1983-11-01,1983-11-11,11,11,OK,0,0,0,-38.8
maize,74033,1169,1289,1983,EST,https://doi.org/10.1016/j.eja.2025.127729,1983-11-01,1983-11-11,11,11,OK,0,0,0,-38.90000000000002
maize,74758,1190,1280,1981,EST,https://doi.org/10.1016/j.eja.2025.127729,1981-10-23,1981-11-02,11,11,OK,0,0,0,-38.000000000000014
maize,74758,1190,1281,1981,EST,https://doi.org/10.1016/j.eja.2025.127729,1981-10-23,1981-11-02,11,11,OK,0,0,0,-38.10000000000001
maize,74758,1190,1282,1981,EST,https://doi.org/10.1016/j.eja.2025.127729,1981-10-23,1981-11-02,11,11,OK,0,0,0,-38.2
maize,74758,1190,1283,1981,EST,https://doi.org/10.1016/j.eja.2025.127729,1981-10-23,1981-11-02,11,11,OK,0,0,0,-38.3
maize,74758,1190,1284,1981,EST,https://doi.org/10.1016/j.eja.2025.127729,1981-10-23,1981-11-02,11,11,OK,0,0,0,-38.40000000000002
maize,74758,1191,1280,1981,EST,https://doi.org/10.1016/j.eja.2025.127729,1981-10-23,1981-11-02,11,11,OK,0,0,0,-38.000000000000014
maize,74758,1191,1281,1981,EST,https://doi.org/10.1016/j.eja.2025.127729,1981-10-23,1981-11-02,11,11,OK,0,0,0,-38.10000000000001
maize,74758,1191,1282,1981,EST,https://doi.org/10.1016/j.eja.2025.127729,1981-10-23,1981-11-02,11,11,OK,0,0,0,-38.2
maize,74758,1191,1283,1981,EST,https://doi.org/10.1016/j.eja.2025.127729,1981-10-23,1981-11-02,11,11,OK,0,0,0,-38.3
maize,74758,1191,1284,1981,EST,https://doi.org/10.1016/j.eja.2025.127729,1981-10-23,1981-11-02,11,11,OK,0,0,0,-38.40000000000002
maize,74758,1192,1280,1981,EST,https://doi.org/10.1016/j.eja.2025.127729,1981-10-23,1981-11-02,11,11,OK,0,0,0,-38.000000000000014
maize,74758,1192,1281,1981,EST,https://doi.org/10.1016/j.eja.2025.127729,1981-10-23,1981-11-02,11,11,OK,0,0,0,-38.10000000000001
maize,74758,1192,1282,1981,EST,https://doi.org/10.1016/j.eja.2025.127729,1981-10-23,1981-11-02,11,11,OK,0,0,0,-38.2
maize,74758,1192,1283,1981,EST,https://doi.org/10.1016/j.eja.2025.127729,1981-10-23,1981-11-02,11,11,OK,0,0,0,-38.3
maize,74758,1192,1284,1981,EST,https://doi.org/10.1016/j.eja.2025.127729,1981-10-23,1981-11-02,11,11,OK,0,0,0,-38.40000000000002
maize,74758,1193,1280,1981,EST,https://doi.org/10.1016/j.eja.2025.127729,1981-10-23,1981-11-02,11,11,OK,0,0,0,-38.000000000000014
maize,74758,1193,1281,1981,EST,https://doi.org/10.1016/j.eja.2025.127729,1981-10-23,1981-11-02,11,11,OK,0,0,0,-38.10000000000001
maize,74758,1193,1282,1981,EST,https://doi.org/10.1016/j.eja.2025.127729,1981-10-23,1981-11-02,11,11,OK,0,0,0,-38.2
maize,74758,1193,1283,1981,EST,https://doi.org/10.1016/j.eja.2025.127729,1981-10-23,1981-11-02,11,11,OK,0,0,0,-38.3
maize,74758,1193,1284,1981,EST,https://doi.org/10.1016/j.eja.2025.127729,1981-10-23,1981-11-02,11,11,OK,0,0,0,-38.40000000000002
maize,74758,1194,1280,1981,EST,https://doi.org/10.1016/j.eja.2025.127729,1981-10-23,1981-11-02,11,11,OK,0,0,0,-38.000000000000014
maize,74758,1194,1281,1981,EST,https://doi.org/10.1016/j.eja.2025.127729,1981-10-23,1981-11-02,11,11,OK,0,0,0,-38.10000000000001
maize,74758,1194,1282,1981,EST,https://doi.org/10.1016/j.eja.2025.127729,1981-10-23,1981-11-02,11,11,OK,0,0,0,-38.2
maize,74758,1194,1283,1981,EST,https://doi.org/10.1016/j.eja.2025.127729,1981-10-23,1981-11-02,11,11,OK,0,0,0,-38.3
maize,74758,1194,1284,1981,EST,https://doi.org/10.1016/j.eja.2025.127729,1981-10-23,1981-11-02,11,11,OK,0,0,0,-38.40000000000002
maize,74758,1190,1280,1982,EST,https://doi.org/10.1016/j.eja.2025.127729,1982-10-23,1982-11-02,11,11,OK,0,0,0,-38.000000000000014
maize,74758,1190,1281,1982,EST,https://doi.org/10.1016/j.eja.2025.127729,1982-10-23,1982-11-02,11,11,OK,0,0,0,-38.10000000000001
maize,74758,1190,1282,1982,EST,https://doi.org/10.1016/j.eja.2025.127729,1982-10-23,1982-11-02,11,11,OK,0,0,0,-38.2
maize,74758,1190,1283,1982,EST,https://doi.org/10.1016/j.eja.2025.127729,1982-10-23,1982-11-02,11,11,OK,0,0,0,-38.3
maize,74758,1190,1284,1982,EST,https://doi.org/10.1016/j.eja.2025.127729,1982-10-23,1982-11-02,11,11,OK,0,0,0,-38.40000000000002
maize,74758,1191,1280,1982,EST,https://doi.org/10.1016/j.eja.2025.127729,1982-10-23,1982-11-02,11,11,OK,0,0,0,-38.000000000000014
maize,74758,1191,1281,1982,EST,https://doi.org/10.1016/j.eja.2025.127729,1982-10-23,1982-11-02,11,11,OK,0,0,0,-38.10000000000001
maize,74758,1191,1282,1982,EST,https://doi.org/10.1016/j.eja.2025.127729,1982-10-23,1982-11-02,11,11,OK,0,0,0,-38.2
maize,74758,1191,1283,1982,EST,https://doi.org/10.1016/j.eja.2025.127729,1982-10-23,1982-11-02,11,11,OK,0,0,0,-38.3
maize,74758,1191,1284,1982,EST,https://doi.org/10.1016/j.eja.2025.127729,1982-10-23,1982-11-02,11,11,OK,0,0,0,-38.40000000000002
maize,74758,1192,1280,1982,EST,https://doi.org/10.1016/j.eja.2025.127729,1982-10-23,1982-11-02,11,11,OK,0,0,0,-38.000000000000014
maize,74758,1192,1281,1982,EST,https://doi.org/10.1016/j.eja.2025.127729,1982-10-23,1982-11-02,11,11,OK,0,0,0,-38.10000000000001
maize,74758,1192,1282,1982,EST,https://doi.org/10.1016/j.eja.2025.127729,1982-10-23,1982-11-02,11,11,OK,0,0,0,-38.2
maize,74758,1192,1283,1982,EST,https://doi.org/10.1016/j.eja.2025.127729,1982-10-23,1982-11-02,11,11,OK,0,0,0,-38.3
maize,74758,1192,1284,1982,EST,https://doi.org/10.1016/j.eja.2025.127729,1982-10-23,1982-11-02,11,11,OK,0,0,0,-38.40000000000002
maize,74758,1193,1280,1982,EST,https://doi.org/10.1016/j.eja.2025.127729,1982-10-23,1982-11-02,11,11,OK,0,0,0,-38.000000000000014
maize,74758,1193,1281,1982,EST,https://doi.org/10.1016/j.eja.2025.127729,1982-10-23,1982-11-02,11,11,OK,0,0,0,-38.10000000000001
maize,74758,1193,1282,1982,EST,https://doi.org/10.1016/j.eja.2025.127729,1982-10-23,1982-11-02,11,11,OK,0,0,0,-38.2
maize,74758,1193,1283,1982,EST,https://doi.org/10.1016/j.eja.2025.127729,1982-10-23,1982-11-02,11,11,OK,0,0,0,-38.3
maize,74758,1193,1284,1982,EST,https://doi.org/10.1016/j.eja.2025.127729,1982-10-23,1982-11-02,11,11,OK,0,0,0,-38.40000000000002
maize,74758,1194,1280,1982,EST,https://doi.org/10.1016/j.eja.2025.127729,1982-10-23,1982-11-02,11,11,OK,0,0,0,-38.000000000000014
maize,74758,1194,1281,1982,EST,https://doi.org/10.1016/j.eja.2025.127729,1982-10-23,1982-11-02,11,11,OK,0,0,0,-38.10000000000001
maize,74758,1194,1282,1982,EST,https://doi.org/10.1016/j.eja.2025.127729,1982-10-23,1982-11-02,11,11,OK,0,0,0,-38.2
maize,74758,1194,1283,1982,EST,https://doi.org/10.1016/j.eja.2025.127729,1982-10-23,1982-11-02,11,11,OK,0,0,0,-38.3
maize,74758,1194,1284,1982,EST,https://doi.org/10.1016/j.eja.2025.127729,1982-10-23,1982-11-02,11,11,OK,0,0,0,-38.40000000000002
maize,74758,1190,1280,1983,EST,https://doi.org/10.1016/j.eja.2025.127729,1983-10-23,1983-11-02,11,11,OK,0,0,0,-38.000000000000014
maize,74758,1190,1281,1983,EST,https://doi.org/10.1016/j.eja.2025.127729,1983-10-23,1983-11-02,11,11,OK,0,0,0,-38.10000000000001
maize,74758,1190,1282,1983,EST,https://doi.org/10.1016/j.eja.2025.127729,1983-10-23,1983-11-02,11,11,OK,0,0,0,-38.2
maize,74758,1190,1283,1983,EST,https://doi.org/10.1016/j.eja.2025.127729,1983-10-23,1983-11-02,11,11,OK,0,0,0,-38.3
maize,74758,1190,1284,1983,EST,https://doi.org/10.1016/j.eja.2025.127729,1983-10-23,1983-11-02,11,11,OK,0,0,0,-38.40000000000002
maize,74758,1191,1280,1983,EST,https://doi.org/10.1016/j.eja.2025.127729,1983-10-23,1983-11-02,11,11,OK,0,0,0,-38.000000000000014
maize,74758,1191,1281,1983,EST,https://doi.org/10.1016/j.eja.2025.127729,1983-10-23,1983-11-02,11,11,OK,0,0,0,-38.10000000000001
maize,74758,1191,1282,1983,EST,https://doi.org/10.1016/j.eja.2025.127729,1983-10-23,1983-11-02,11,11,OK,0,0,0,-38.2
maize,74758,1191,1283,1983,EST,https://doi.org/10.1016/j.eja.2025.127729,1983-10-23,1983-11-02,11,11,OK,0,0,0,-38.3
maize,74758,1191,1284,1983,EST,https://doi.org/10.1016/j.eja.2025.127729,1983-10-23,1983-11-02,11,11,OK,0,0,0,-38.40000000000002
maize,74758,1192,1280,1983,EST,https://doi.org/10.1016/j.eja.2025.127729,1983-10-23,1983-11-02,11,11,OK,0,0,0,-38.000000000000014
maize,74758,1192,1281,1983,EST,https://doi.org/10.1016/j.eja.2025.127729,1983-10-23,1983-11-02,11,11,OK,0,0,0,-38.10000000000001
maize,74758,1192,1282,1983,EST,https://doi.org/10.1016/j.eja.2025.127729,1983-10-23,1983-11-02,11,11,OK,0,0,0,-38.2
maize,74758,1192,1283,1983,EST,https://doi.org/10.1016/j.eja.2025.127729,1983-10-23,1983-11-02,11,11,OK,0,0,0,-38.3
maize,74758,1192,1284,1983,EST,https://doi.org/10.1016/j.eja.2025.127729,1983-10-23,1983-11-02,11,11,OK,0,0,0,-38.40000000000002
maize,74758,1193,1280,1983,EST,https://doi.org/10.1016/j.eja.2025.127729,1983-10-23,1983-11-02,11,11,OK,0,0,0,-38.000000000000014
maize,74758,1193,1281,1983,EST,https://doi.org/10.1016/j.eja.2025.127729,1983-10-23,1983-11-02,11,11,OK,0,0,0,-38.10000000000001
maize,74758,1193,1282,1983,EST,https://doi.org/10.1016/j.eja.2025.127729,1983-10-23,1983-11-02,11,11,OK,0,0,0,-38.2
maize,74758,1193,1283,1983,EST,https://doi.org/10.1016/j.eja.2025.127729,1983-10-23,1983-11-02,11,11,OK,0,0,0,-38.3
maize,74758,1193,1284,1983,EST,https://doi.org/10.1016/j.eja.2025.127729,1983-10-23,1983-11-02,11,11,OK,0,0,0,-38.40000000000002
maize,74758,1194,1280,1983,EST,https://doi.org/10.1016/j.eja.2025.127729,1983-10-23,1983-11-02,11,11,OK,0,0,0,-38.000000000000014
maize,74758,1194,1281,1983,EST,https://doi.org/10.1016/j.eja.2025.127729,1983-10-23,1983-11-02,11,11,OK,0,0,0,-38.10000000000001
maize,74758,1194,1282,1983,EST,https://doi.org/10.1016/j.eja.2025.127729,1983-10-23,1983-11-02,11,11,OK,0,0,0,-38.2
maize,74758,1194,1283,1983,EST,https://doi.org/10.1016/j.eja.2025.127729,1983-10-23,1983-11-02,11,11,OK,0,0,0,-38.3
maize,74758,1194,1284,1983,EST,https://doi.org/10.1016/j.eja.2025.127729,1983-10-23,1983-11-02,11,11,OK,0,0,0,-38.40000000000002
