pixel_id,season_year,phase,weight,weighted_events,weighted_exposed,native_cells,mean_events_per_native_cell,evaluated_area_fraction_with_event
71854,1981,EST,19.094842549522383,0.0,0.0,25,0.0,0.0
71854,1982,EST,19.094842549522383,0.0,0.0,25,0.0,0.0
71854,1983,EST,19.094842549522383,0.0,0.0,25,0.0,0.0
74033,1981,EST,19.510700750335285,0.0,0.0,25,0.0,0.0
74033,1982,EST,19.510700750335285,0.0,0.0,25,0.0,0.0
74033,1983,EST,19.510700750335285,0.0,0.0,25,0.0,0.0
74758,1981,EST,19.646362483011917,0.0,0.0,25,0.0,0.0
74758,1982,EST,19.646362483011917,0.0,0.0,25,0.0,0.0
74758,1983,EST,19.646362483011917,0.0,0.0,25,0.0,0.0
