pixel_id,season_year,phase,start,end,calendar_id,timing_method,calendar_quality,calendar_version
71854,1981,EST,1981-10-30,1981-11-07,maize__rf,archived_blocks_six_phase_v4,estimated_intermediate_dates,regional-v4-2026-09-16
71854,1982,EST,1982-10-30,1982-11-07,maize__rf,archived_blocks_six_phase_v4,estimated_intermediate_dates,regional-v4-2026-09-16
71854,1983,EST,1983-10-30,1983-11-07,maize__rf,archived_blocks_six_phase_v4,estimated_intermediate_dates,regional-v4-2026-09-16
71854,1984,EST,1984-10-30,1984-11-07,maize__rf,archived_blocks_six_phase_v4,estimated_intermediate_dates,regional-v4-2026-09-16
71854,1985,EST,1985-10-30,1985-11-07,maize__rf,archived_blocks_six_phase_v4,estimated_intermediate_dates,regional-v4-2026-09-16
71854,1986,EST,1986-10-30,1986-11-07,maize__rf,archived_blocks_six_phase_v4,estimated_intermediate_dates,regional-v4-2026-09-16
71854,1987,EST,1987-10-30,1987-11-07,maize__rf,archived_blocks_six_phase_v4,estimated_intermediate_dates,regional-v4-2026-09-16
71854,1988,EST,1988-10-30,1988-11-07,maize__rf,archived_blocks_six_phase_v4,estimated_intermediate_dates,regional-v4-2026-09-16
71854,1989,EST,1989-10-30,1989-11-07,maize__rf,archived_blocks_six_phase_v4,estimated_intermediate_dates,regional-v4-2026-09-16
71854,1990,EST,1990-10-30,1990-11-07,maize__rf,archived_blocks_six_phase_v4,estimated_intermediate_dates,regional-v4-2026-09-16
71854,1991,EST,1991-10-30,1991-11-07,maize__rf,archived_blocks_six_phase_v4,estimated_intermediate_dates,regional-v4-2026-09-16
71854,1992,EST,1992-10-30,1992-11-07,maize__rf,archived_blocks_six_phase_v4,estimated_intermediate_dates,regional-v4-2026-09-16
71854,1993,EST,1993-10-30,1993-11-07,maize__rf,archived_blocks_six_phase_v4,estimated_intermediate_dates,regional-v4-2026-09-16
71854,1994,EST,1994-10-30,1994-11-07,maize__rf,archived_blocks_six_phase_v4,estimated_intermediate_dates,regional-v4-2026-09-16
71854,1995,EST,1995-10-30,1995-11-07,maize__rf,archived_blocks_six_phase_v4,estimated_intermediate_dates,regional-v4-2026-09-16
71854,1996,EST,1996-10-30,1996-11-07,maize__rf,archived_blocks_six_phase_v4,estimated_intermediate_dates,regional-v4-2026-09-16
71854,1997,EST,1997-10-30,1997-11-07,maize__rf,archived_blocks_six_phase_v4,estimated_intermediate_dates,regional-v4-2026-09-16
71854,1998,EST,1998-10-30,1998-11-07,maize__rf,archived_blocks_six_phase_v4,estimated_intermediate_dates,regional-v4-2026-09-16
71854,1999,EST,1999-10-30,1999-11-07,maize__rf,archived_blocks_six_phase_v4,estimated_intermediate_dates,regional-v4-2026-09-16
71854,2000,EST,2000-10-30,2000-11-07,maize__rf,archived_blocks_six_phase_v4,estimated_intermediate_dates,regional-v4-2026-09-16
71854,2001,EST,2001-10-30,2001-11-07,maize__rf,archived_blocks_six_phase_v4,estimated_intermediate_dates,regional-v4-2026-09-16
71854,2002,EST,2002-10-30,2002-11-07,maize__rf,archived_blocks_six_phase_v4,estimated_intermediate_dates,regional-v4-2026-09-16
71854,2003,EST,2003-10-30,2003-11-07,maize__rf,archived_blocks_six_phase_v4,estimated_intermediate_dates,regional-v4-2026-09-16
71854,2004,EST,2004-10-30,2004-11-07,maize__rf,archived_blocks_six_phase_v4,estimated_intermediate_dates,regional-v4-2026-09-16
71854,2005,EST,2005-10-30,2005-11-07,maize__rf,archived_blocks_six_phase_v4,estimated_intermediate_dates,regional-v4-2026-09-16
71854,2006,EST,2006-10-30,2006-11-07,maize__rf,archived_blocks_six_phase_v4,estimated_intermediate_dates,regional-v4-2026-09-16
71854,2007,EST,2007-10-30,2007-11-07,maize__rf,archived_blocks_six_phase_v4,estimated_intermediate_dates,regional-v4-2026-09-16
71854,2008,EST,2008-10-30,2008-11-07,maize__rf,archived_blocks_six_phase_v4,estimated_intermediate_dates,regional-v4-2026-09-16
71854,2009,EST,2009-10-30,2009-11-07,maize__rf,archived_blocks_six_phase_v4,estimated_intermediate_dates,regional-v4-2026-09-16
71854,2010,EST,2010-10-30,2010-11-07,maize__rf,archived_blocks_six_phase_v4,estimated_intermediate_dates,regional-v4-2026-09-16
71854,2011,EST,2011-10-30,2011-11-07,maize__rf,archived_blocks_six_phase_v4,estimated_intermediate_dates,regional-v4-2026-09-16
71854,2012,EST,2012-10-30,2012-11-07,maize__rf,archived_blocks_six_phase_v4,estimated_intermediate_dates,regional-v4-2026-09-16
71854,2013,EST,2013-10-30,2013-11-07,maize__rf,archived_blocks_six_phase_v4,estimated_intermediate_dates,regional-v4-2026-09-16
71854,2014,EST,2014-10-30,2014-11-07,maize__rf,archived_blocks_six_phase_v4,estimated_intermediate_dates,regional-v4-2026-09-16
71854,2015,EST,2015-10-30,2015-11-07,maize__rf,archived_blocks_six_phase_v4,estimated_intermediate_dates,regional-v4-2026-09-16
71854,2016,EST,2016-10-30,2016-11-07,maize__rf,archived_blocks_six_phase_v4,estimated_intermediate_dates,regional-v4-2026-09-16
74033,1981,EST,1981-11-01,1981-11-11,maize__rf,archived_blocks_six_phase_v4,estimated_intermediate_dates,regional-v4-2026-09-16
74033,1982,EST,1982-11-01,1982-11-11,maize__rf,archived_blocks_six_phase_v4,estimated_intermediate_dates,regional-v4-2026-09-16
74033,1983,EST,1983-11-01,1983-11-11,maize__rf,archived_blocks_six_phase_v4,estimated_intermediate_dates,regional-v4-2026-09-16
74033,1984,EST,1984-11-01,1984-11-11,maize__rf,archived_blocks_six_phase_v4,estimated_intermediate_dates,regional-v4-2026-09-16
74033,1985,EST,1985-11-01,1985-11-11,maize__rf,archived_blocks_six_phase_v4,estimated_intermediate_dates,regional-v4-2026-09-16
74033,1986,EST,1986-11-01,1986-11-11,maize__rf,archived_blocks_six_phase_v4,estimated_intermediate_dates,regional-v4-2026-09-16
74033,1987,EST,1987-11-01,1987-11-11,maize__rf,archived_blocks_six_phase_v4,estimated_intermediate_dates,regional-v4-2026-09-16
74033,1988,EST,1988-11-01,1988-11-11,maize__rf,archived_blocks_six_phase_v4,estimated_intermediate_dates,regional-v4-2026-09-16
74033,1989,EST,1989-11-01,1989-11-11,maize__rf,archived_blocks_six_phase_v4,estimated_intermediate_dates,regional-v4-2026-09-16
74033,1990,EST,1990-11-01,1990-11-11,maize__rf,archived_blocks_six_phase_v4,estimated_intermediate_dates,regional-v4-2026-09-16
74033,1991,EST,1991-11-01,1991-11-11,maize__rf,archived_blocks_six_phase_v4,estimated_intermediate_dates,regional-v4-2026-09-16
74033,1992,EST,1992-11-01,1992-11-11,maize__rf,archived_blocks_six_phase_v4,estimated_intermediate_dates,regional-v4-2026-09-16
74033,1993,EST,1993-11-01,1993-11-11,maize__rf,archived_blocks_six_phase_v4,estimated_intermediate_dates,regional-v4-2026-09-16
74033,1994,EST,1994-11-01,1994-11-11,maize__rf,archived_blocks_six_phase_v4,estimated_intermediate_dates,regional-v4-2026-09-16
74033,1995,EST,1995-11-01,1995-11-11,maize__rf,archived_blocks_six_phase_v4,estimated_intermediate_dates,regional-v4-2026-09-16
74033,1996,EST,1996-11-01,1996-11-11,maize__rf,archived_blocks_six_phase_v4,estimated_intermediate_dates,regional-v4-2026-09-16
74033,1997,EST,1997-11-01,1997-11-11,maize__rf,archived_blocks_six_phase_v4,estimated_intermediate_dates,regional-v4-2026-09-16
74033,1998,EST,1998-11-01,1998-11-11,maize__rf,archived_blocks_six_phase_v4,estimated_intermediate_dates,regional-v4-2026-09-16
74033,1999,EST,1999-11-01,1999-11-11,maize__rf,archived_blocks_six_phase_v4,estimated_intermediate_dates,regional-v4-2026-09-16
74033,2000,EST,2000-11-01,2000-11-11,maize__rf,archived_blocks_six_phase_v4,estimated_intermediate_dates,regional-v4-2026-09-16
74033,2001,EST,2001-11-01,2001-11-11,maize__rf,archived_blocks_six_phase_v4,estimated_intermediate_dates,regional-v4-2026-09-16
74033,2002,EST,2002-11-01,2002-11-11,maize__rf,archived_blocks_six_phase_v4,estimated_intermediate_dates,regional-v4-2026-09-16
74033,2003,EST,2003-11-01,2003-11-11,maize__rf,archived_blocks_six_phase_v4,estimated_intermediate_dates,regional-v4-2026-09-16
74033,2004,EST,2004-11-01,2004-11-11,maize__rf,archived_blocks_six_phase_v4,estimated_intermediate_dates,regional-v4-2026-09-16
74033,2005,EST,2005-11-01,2005-11-11,maize__rf,archived_blocks_six_phase_v4,estimated_intermediate_dates,regional-v4-2026-09-16
74033,2006,EST,2006-11-01,2006-11-11,maize__rf,archived_blocks_six_phase_v4,estimated_intermediate_dates,regional-v4-2026-09-16
74033,2007,EST,2007-11-01,2007-11-11,maize__rf,archived_blocks_six_phase_v4,estimated_intermediate_dates,regional-v4-2026-09-16
74033,2008,EST,2008-11-01,2008-11-11,maize__rf,archived_blocks_six_phase_v4,estimated_intermediate_dates,regional-v4-2026-09-16
74033,2009,EST,2009-11-01,2009-11-11,maize__rf,archived_blocks_six_phase_v4,estimated_intermediate_dates,regional-v4-2026-09-16
74033,2010,EST,2010-11-01,2010-11-11,maize__rf,archived_blocks_six_phase_v4,estimated_intermediate_dates,regional-v4-2026-09-16
74033,2011,EST,2011-11-01,2011-11-11,maize__rf,archived_blocks_six_phase_v4,estimated_intermediate_dates,regional-v4-2026-09-16
74033,2012,EST,2012-11-01,2012-11-11,maize__rf,archived_blocks_six_phase_v4,estimated_intermediate_dates,regional-v4-2026-09-16
74033,2013,EST,2013-11-01,2013-11-11,maize__rf,archived_blocks_six_phase_v4,estimated_intermediate_dates,regional-v4-2026-09-16
74033,2014,EST,2014-11-01,2014-11-11,maize__rf,archived_blocks_six_phase_v4,estimated_intermediate_dates,regional-v4-2026-09-16
74033,2015,EST,2015-11-01,2015-11-11,maize__rf,archived_blocks_six_phase_v4,estimated_intermediate_dates,regional-v4-2026-09-16
74033,2016,EST,2016-11-01,2016-11-11,maize__rf,archived_blocks_six_phase_v4,estimated_intermediate_dates,regional-v4-2026-09-16
74758,1981,EST,1981-10-23,1981-11-02,maize__rf,archived_blocks_six_phase_v4,estimated_intermediate_dates,regional-v4-2026-09-16
74758,1982,EST,1982-10-23,1982-11-02,maize__rf,archived_blocks_six_phase_v4,estimated_intermediate_dates,regional-v4-2026-09-16
74758,1983,EST,1983-10-23,1983-11-02,maize__rf,archived_blocks_six_phase_v4,estimated_intermediate_dates,regional-v4-2026-09-16
74758,1984,EST,1984-10-23,1984-11-02,maize__rf,archived_blocks_six_phase_v4,estimated_intermediate_dates,regional-v4-2026-09-16
74758,1985,EST,1985-10-23,1985-11-02,maize__rf,archived_blocks_six_phase_v4,estimated_intermediate_dates,regional-v4-2026-09-16
74758,1986,EST,1986-10-23,1986-11-02,maize__rf,archived_blocks_six_phase_v4,estimated_intermediate_dates,regional-v4-2026-09-16
74758,1987,EST,1987-10-23,1987-11-02,maize__rf,archived_blocks_six_phase_v4,estimated_intermediate_dates,regional-v4-2026-09-16
74758,1988,EST,1988-10-23,1988-11-02,maize__rf,archived_blocks_six_phase_v4,estimated_intermediate_dates,regional-v4-2026-09-16
74758,1989,EST,1989-10-23,1989-11-02,maize__rf,archived_blocks_six_phase_v4,estimated_intermediate_dates,regional-v4-2026-09-16
74758,1990,EST,1990-10-23,1990-11-02,maize__rf,archived_blocks_six_phase_v4,estimated_intermediate_dates,regional-v4-2026-09-16
74758,1991,EST,1991-10-23,1991-11-02,maize__rf,archived_blocks_six_phase_v4,estimated_intermediate_dates,regional-v4-2026-09-16
74758,1992,EST,1992-10-23,1992-11-02,maize__rf,archived_blocks_six_phase_v4,estimated_intermediate_dates,regional-v4-2026-09-16
74758,1993,EST,1993-10-23,1993-11-02,maize__rf,archived_blocks_six_phase_v4,estimated_intermediate_dates,regional-v4-2026-09-16
74758,1994,EST,1994-10-23,1994-11-02,maize__rf,archived_blocks_six_phase_v4,estimated_intermediate_dates,regional-v4-2026-09-16
74758,1995,EST,1995-10-23,1995-11-02,maize__rf,archived_blocks_six_phase_v4,estimated_intermediate_dates,regional-v4-2026-09-16
74758,1996,EST,1996-10-23,1996-11-02,maize__rf,archived_blocks_six_phase_v4,estimated_intermediate_dates,regional-v4-2026-09-16
74758,1997,EST,1997-10-23,1997-11-02,maize__rf,archived_blocks_six_phase_v4,estimated_intermediate_dates,regional-v4-2026-09-16
74758,1998,EST,1998-10-23,1998-11-02,maize__rf,archived_blocks_six_phase_v4,estimated_intermediate_dates,regional-v4-2026-09-16
74758,1999,EST,1999-10-23,1999-11-02,maize__rf,archived_blocks_six_phase_v4,estimated_intermediate_dates,regional-v4-2026-09-16
74758,2000,EST,2000-10-23,2000-11-02,maize__rf,archived_blocks_six_phase_v4,estimated_intermediate_dates,regional-v4-2026-09-16
74758,2001,EST,2001-10-23,2001-11-02,maize__rf,archived_blocks_six_phase_v4,estimated_intermediate_dates,regional-v4-2026-09-16
74758,2002,EST,2002-10-23,2002-11-02,maize__rf,archived_blocks_six_phase_v4,estimated_intermediate_dates,regional-v4-2026-09-16
74758,2003,EST,2003-10-23,2003-11-02,maize__rf,archived_blocks_six_phase_v4,estimated_intermediate_dates,regional-v4-2026-09-16
74758,2004,EST,2004-10-23,2004-11-02,maize__rf,archived_blocks_six_phase_v4,estimated_intermediate_dates,regional-v4-2026-09-16
74758,2005,EST,2005-10-23,2005-11-02,maize__rf,archived_blocks_six_phase_v4,estimated_intermediate_dates,regional-v4-2026-09-16
74758,2006,EST,2006-10-23,2006-11-02,maize__rf,archived_blocks_six_phase_v4,estimated_intermediate_dates,regional-v4-2026-09-16
74758,2007,EST,2007-10-23,2007-11-02,maize__rf,archived_blocks_six_phase_v4,estimated_intermediate_dates,regional-v4-2026-09-16
74758,2008,EST,2008-10-23,2008-11-02,maize__rf,archived_blocks_six_phase_v4,estimated_intermediate_dates,regional-v4-2026-09-16
74758,2009,EST,2009-10-23,2009-11-02,maize__rf,archived_blocks_six_phase_v4,estimated_intermediate_dates,regional-v4-2026-09-16
74758,2010,EST,2010-10-23,2010-11-02,maize__rf,archived_blocks_six_phase_v4,estimated_intermediate_dates,regional-v4-2026-09-16
74758,2011,EST,2011-10-23,2011-11-02,maize__rf,archived_blocks_six_phase_v4,estimated_intermediate_dates,regional-v4-2026-09-16
74758,2012,EST,2012-10-23,2012-11-02,maize__rf,archived_blocks_six_phase_v4,estimated_intermediate_dates,regional-v4-2026-09-16
74758,2013,EST,2013-10-23,2013-11-02,maize__rf,archived_blocks_six_phase_v4,estimated_intermediate_dates,regional-v4-2026-09-16
74758,2014,EST,2014-10-23,2014-11-02,maize__rf,archived_blocks_six_phase_v4,estimated_intermediate_dates,regional-v4-2026-09-16
74758,2015,EST,2015-10-23,2015-11-02,maize__rf,archived_blocks_six_phase_v4,estimated_intermediate_dates,regional-v4-2026-09-16
74758,2016,EST,2016-10-23,2016-11-02,maize__rf,archived_blocks_six_phase_v4,estimated_intermediate_dates,regional-v4-2026-09-16
74759,1981,EST,1981-11-01,1981-11-11,maize__rf,archived_blocks_six_phase_v4,estimated_intermediate_dates,regional-v4-2026-09-16
74759,1982,EST,1982-11-01,1982-11-11,maize__rf,archived_blocks_six_phase_v4,estimated_intermediate_dates,regional-v4-2026-09-16
74759,1983,EST,1983-11-01,1983-11-11,maize__rf,archived_blocks_six_phase_v4,estimated_intermediate_dates,regional-v4-2026-09-16
74759,1984,EST,1984-11-01,1984-11-11,maize__rf,archived_blocks_six_phase_v4,estimated_intermediate_dates,regional-v4-2026-09-16
74759,1985,EST,1985-11-01,1985-11-11,maize__rf,archived_blocks_six_phase_v4,estimated_intermediate_dates,regional-v4-2026-09-16
74759,1986,EST,1986-11-01,1986-11-11,maize__rf,archived_blocks_six_phase_v4,estimated_intermediate_dates,regional-v4-2026-09-16
74759,1987,EST,1987-11-01,1987-11-11,maize__rf,archived_blocks_six_phase_v4,estimated_intermediate_dates,regional-v4-2026-09-16
74759,1988,EST,1988-11-01,1988-11-11,maize__rf,archived_blocks_six_phase_v4,estimated_intermediate_dates,regional-v4-2026-09-16
74759,1989,EST,1989-11-01,1989-11-11,maize__rf,archived_blocks_six_phase_v4,estimated_intermediate_dates,regional-v4-2026-09-16
74759,1990,EST,1990-11-01,1990-11-11,maize__rf,archived_blocks_six_phase_v4,estimated_intermediate_dates,regional-v4-2026-09-16
74759,1991,EST,1991-11-01,1991-11-11,maize__rf,archived_blocks_six_phase_v4,estimated_intermediate_dates,regional-v4-2026-09-16
74759,1992,EST,1992-11-01,1992-11-11,maize__rf,archived_blocks_six_phase_v4,estimated_intermediate_dates,regional-v4-2026-09-16
74759,1993,EST,1993-11-01,1993-11-11,maize__rf,archived_blocks_six_phase_v4,estimated_intermediate_dates,regional-v4-2026-09-16
74759,1994,EST,1994-11-01,1994-11-11,maize__rf,archived_blocks_six_phase_v4,estimated_intermediate_dates,regional-v4-2026-09-16
74759,1995,EST,1995-11-01,1995-11-11,maize__rf,archived_blocks_six_phase_v4,estimated_intermediate_dates,regional-v4-2026-09-16
74759,1996,EST,1996-11-01,1996-11-11,maize__rf,archived_blocks_six_phase_v4,estimated_intermediate_dates,regional-v4-2026-09-16
74759,1997,EST,1997-11-01,1997-11-11,maize__rf,archived_blocks_six_phase_v4,estimated_intermediate_dates,regional-v4-2026-09-16
74759,1998,EST,1998-11-01,1998-11-11,maize__rf,archived_blocks_six_phase_v4,estimated_intermediate_dates,regional-v4-2026-09-16
74759,1999,EST,1999-11-01,1999-11-11,maize__rf,archived_blocks_six_phase_v4,estimated_intermediate_dates,regional-v4-2026-09-16
74759,2000,EST,2000-11-01,2000-11-11,maize__rf,archived_blocks_six_phase_v4,estimated_intermediate_dates,regional-v4-2026-09-16
74759,2001,EST,2001-11-01,2001-11-11,maize__rf,archived_blocks_six_phase_v4,estimated_intermediate_dates,regional-v4-2026-09-16
74759,2002,EST,2002-11-01,2002-11-11,maize__rf,archived_blocks_six_phase_v4,estimated_intermediate_dates,regional-v4-2026-09-16
74759,2003,EST,2003-11-01,2003-11-11,maize__rf,archived_blocks_six_phase_v4,estimated_intermediate_dates,regional-v4-2026-09-16
74759,2004,EST,2004-11-01,2004-11-11,maize__rf,archived_blocks_six_phase_v4,estimated_intermediate_dates,regional-v4-2026-09-16
74759,2005,EST,2005-11-01,2005-11-11,maize__rf,archived_blocks_six_phase_v4,estimated_intermediate_dates,regional-v4-2026-09-16
74759,2006,EST,2006-11-01,2006-11-11,maize__rf,archived_blocks_six_phase_v4,estimated_intermediate_dates,regional-v4-2026-09-16
74759,2007,EST,2007-11-01,2007-11-11,maize__rf,archived_blocks_six_phase_v4,estimated_intermediate_dates,regional-v4-2026-09-16
74759,2008,EST,2008-11-01,2008-11-11,maize__rf,archived_blocks_six_phase_v4,estimated_intermediate_dates,regional-v4-2026-09-16
74759,2009,EST,2009-11-01,2009-11-11,maize__rf,archived_blocks_six_phase_v4,estimated_intermediate_dates,regional-v4-2026-09-16
74759,2010,EST,2010-11-01,2010-11-11,maize__rf,archived_blocks_six_phase_v4,estimated_intermediate_dates,regional-v4-2026-09-16
74759,2011,EST,2011-11-01,2011-11-11,maize__rf,archived_blocks_six_phase_v4,estimated_intermediate_dates,regional-v4-2026-09-16
74759,2012,EST,2012-11-01,2012-11-11,maize__rf,archived_blocks_six_phase_v4,estimated_intermediate_dates,regional-v4-2026-09-16
74759,2013,EST,2013-11-01,2013-11-11,maize__rf,archived_blocks_six_phase_v4,estimated_intermediate_dates,regional-v4-2026-09-16
74759,2014,EST,2014-11-01,2014-11-11,maize__rf,archived_blocks_six_phase_v4,estimated_intermediate_dates,regional-v4-2026-09-16
74759,2015,EST,2015-11-01,2015-11-11,maize__rf,archived_blocks_six_phase_v4,estimated_intermediate_dates,regional-v4-2026-09-16
74759,2016,EST,2016-11-01,2016-11-11,maize__rf,archived_blocks_six_phase_v4,estimated_intermediate_dates,regional-v4-2026-09-16
74761,1981,EST,1981-11-01,1981-11-11,maize__rf,archived_blocks_six_phase_v4,estimated_intermediate_dates,regional-v4-2026-09-16
74761,1982,EST,1982-11-01,1982-11-11,maize__rf,archived_blocks_six_phase_v4,estimated_intermediate_dates,regional-v4-2026-09-16
74761,1983,EST,1983-11-01,1983-11-11,maize__rf,archived_blocks_six_phase_v4,estimated_intermediate_dates,regional-v4-2026-09-16
74761,1984,EST,1984-11-01,1984-11-11,maize__rf,archived_blocks_six_phase_v4,estimated_intermediate_dates,regional-v4-2026-09-16
74761,1985,EST,1985-11-01,1985-11-11,maize__rf,archived_blocks_six_phase_v4,estimated_intermediate_dates,regional-v4-2026-09-16
74761,1986,EST,1986-11-01,1986-11-11,maize__rf,archived_blocks_six_phase_v4,estimated_intermediate_dates,regional-v4-2026-09-16
74761,1987,EST,1987-11-01,1987-11-11,maize__rf,archived_blocks_six_phase_v4,estimated_intermediate_dates,regional-v4-2026-09-16
74761,1988,EST,1988-11-01,1988-11-11,maize__rf,archived_blocks_six_phase_v4,estimated_intermediate_dates,regional-v4-2026-09-16
74761,1989,EST,1989-11-01,1989-11-11,maize__rf,archived_blocks_six_phase_v4,estimated_intermediate_dates,regional-v4-2026-09-16
74761,1990,EST,1990-11-01,1990-11-11,maize__rf,archived_blocks_six_phase_v4,estimated_intermediate_dates,regional-v4-2026-09-16
74761,1991,EST,1991-11-01,1991-11-11,maize__rf,archived_blocks_six_phase_v4,estimated_intermediate_dates,regional-v4-2026-09-16
74761,1992,EST,1992-11-01,1992-11-11,maize__rf,archived_blocks_six_phase_v4,estimated_intermediate_dates,regional-v4-2026-09-16
74761,1993,EST,1993-11-01,1993-11-11,maize__rf,archived_blocks_six_phase_v4,estimated_intermediate_dates,regional-v4-2026-09-16
74761,1994,EST,1994-11-01,1994-11-11,maize__rf,archived_blocks_six_phase_v4,estimated_intermediate_dates,regional-v4-2026-09-16
74761,1995,EST,1995-11-01,1995-11-11,maize__rf,archived_blocks_six_phase_v4,estimated_intermediate_dates,regional-v4-2026-09-16
74761,1996,EST,1996-11-01,1996-11-11,maize__rf,archived_blocks_six_phase_v4,estimated_intermediate_dates,regional-v4-2026-09-16
74761,1997,EST,1997-11-01,1997-11-11,maize__rf,archived_blocks_six_phase_v4,estimated_intermediate_dates,regional-v4-2026-09-16
74761,1998,EST,1998-11-01,1998-11-11,maize__rf,archived_blocks_six_phase_v4,estimated_intermediate_dates,regional-v4-2026-09-16
74761,1999,EST,1999-11-01,1999-11-11,maize__rf,archived_blocks_six_phase_v4,estimated_intermediate_dates,regional-v4-2026-09-16
74761,2000,EST,2000-11-01,2000-11-11,maize__rf,archived_blocks_six_phase_v4,estimated_intermediate_dates,regional-v4-2026-09-16
74761,2001,EST,2001-11-01,2001-11-11,maize__rf,archived_blocks_six_phase_v4,estimated_intermediate_dates,regional-v4-2026-09-16
74761,2002,EST,2002-11-01,2002-11-11,maize__rf,archived_blocks_six_phase_v4,estimated_intermediate_dates,regional-v4-2026-09-16
74761,2003,EST,2003-11-01,2003-11-11,maize__rf,archived_blocks_six_phase_v4,estimated_intermediate_dates,regional-v4-2026-09-16
74761,2004,EST,2004-11-01,2004-11-11,maize__rf,archived_blocks_six_phase_v4,estimated_intermediate_dates,regional-v4-2026-09-16
74761,2005,EST,2005-11-01,2005-11-11,maize__rf,archived_blocks_six_phase_v4,estimated_intermediate_dates,regional-v4-2026-09-16
74761,2006,EST,2006-11-01,2006-11-11,maize__rf,archived_blocks_six_phase_v4,estimated_intermediate_dates,regional-v4-2026-09-16
74761,2007,EST,2007-11-01,2007-11-11,maize__rf,archived_blocks_six_phase_v4,estimated_intermediate_dates,regional-v4-2026-09-16
74761,2008,EST,2008-11-01,2008-11-11,maize__rf,archived_blocks_six_phase_v4,estimated_intermediate_dates,regional-v4-2026-09-16
74761,2009,EST,2009-11-01,2009-11-11,maize__rf,archived_blocks_six_phase_v4,estimated_intermediate_dates,regional-v4-2026-09-16
74761,2010,EST,2010-11-01,2010-11-11,maize__rf,archived_blocks_six_phase_v4,estimated_intermediate_dates,regional-v4-2026-09-16
74761,2011,EST,2011-11-01,2011-11-11,maize__rf,archived_blocks_six_phase_v4,estimated_intermediate_dates,regional-v4-2026-09-16
74761,2012,EST,2012-11-01,2012-11-11,maize__rf,archived_blocks_six_phase_v4,estimated_intermediate_dates,regional-v4-2026-09-16
74761,2013,EST,2013-11-01,2013-11-11,maize__rf,archived_blocks_six_phase_v4,estimated_intermediate_dates,regional-v4-2026-09-16
74761,2014,EST,2014-11-01,2014-11-11,maize__rf,archived_blocks_six_phase_v4,estimated_intermediate_dates,regional-v4-2026-09-16
74761,2015,EST,2015-11-01,2015-11-11,maize__rf,archived_blocks_six_phase_v4,estimated_intermediate_dates,regional-v4-2026-09-16
74761,2016,EST,2016-11-01,2016-11-11,maize__rf,archived_blocks_six_phase_v4,estimated_intermediate_dates,regional-v4-2026-09-16
75473,1981,EST,1981-10-23,1981-11-02,maize__rf,archived_blocks_six_phase_v4,estimated_intermediate_dates,regional-v4-2026-09-16
75473,1982,EST,1982-10-23,1982-11-02,maize__rf,archived_blocks_six_phase_v4,estimated_intermediate_dates,regional-v4-2026-09-16
75473,1983,EST,1983-10-23,1983-11-02,maize__rf,archived_blocks_six_phase_v4,estimated_intermediate_dates,regional-v4-2026-09-16
75473,1984,EST,1984-10-23,1984-11-02,maize__rf,archived_blocks_six_phase_v4,estimated_intermediate_dates,regional-v4-2026-09-16
75473,1985,EST,1985-10-23,1985-11-02,maize__rf,archived_blocks_six_phase_v4,estimated_intermediate_dates,regional-v4-2026-09-16
75473,1986,EST,1986-10-23,1986-11-02,maize__rf,archived_blocks_six_phase_v4,estimated_intermediate_dates,regional-v4-2026-09-16
75473,1987,EST,1987-10-23,1987-11-02,maize__rf,archived_blocks_six_phase_v4,estimated_intermediate_dates,regional-v4-2026-09-16
75473,1988,EST,1988-10-23,1988-11-02,maize__rf,archived_blocks_six_phase_v4,estimated_intermediate_dates,regional-v4-2026-09-16
75473,1989,EST,1989-10-23,1989-11-02,maize__rf,archived_blocks_six_phase_v4,estimated_intermediate_dates,regional-v4-2026-09-16
75473,1990,EST,1990-10-23,1990-11-02,maize__rf,archived_blocks_six_phase_v4,estimated_intermediate_dates,regional-v4-2026-09-16
75473,1991,EST,1991-10-23,1991-11-02,maize__rf,archived_blocks_six_phase_v4,estimated_intermediate_dates,regional-v4-2026-09-16
75473,1992,EST,1992-10-23,1992-11-02,maize__rf,archived_blocks_six_phase_v4,estimated_intermediate_dates,regional-v4-2026-09-16
75473,1993,EST,1993-10-23,1993-11-02,maize__rf,archived_blocks_six_phase_v4,estimated_intermediate_dates,regional-v4-2026-09-16
75473,1994,EST,1994-10-23,1994-11-02,maize__rf,archived_blocks_six_phase_v4,estimated_intermediate_dates,regional-v4-2026-09-16
75473,1995,EST,1995-10-23,1995-11-02,maize__rf,archived_blocks_six_phase_v4,estimated_intermediate_dates,regional-v4-2026-09-16
75473,1996,EST,1996-10-23,1996-11-02,maize__rf,archived_blocks_six_phase_v4,estimated_intermediate_dates,regional-v4-2026-09-16
75473,1997,EST,1997-10-23,1997-11-02,maize__rf,archived_blocks_six_phase_v4,estimated_intermediate_dates,regional-v4-2026-09-16
75473,1998,EST,1998-10-23,1998-11-02,maize__rf,archived_blocks_six_phase_v4,estimated_intermediate_dates,regional-v4-2026-09-16
75473,1999,EST,1999-10-23,1999-11-02,maize__rf,archived_blocks_six_phase_v4,estimated_intermediate_dates,regional-v4-2026-09-16
75473,2000,EST,2000-10-23,2000-11-02,maize__rf,archived_blocks_six_phase_v4,estimated_intermediate_dates,regional-v4-2026-09-16
75473,2001,EST,2001-10-23,2001-11-02,maize__rf,archived_blocks_six_phase_v4,estimated_intermediate_dates,regional-v4-2026-09-16
75473,2002,EST,2002-10-23,2002-11-02,maize__rf,archived_blocks_six_phase_v4,estimated_intermediate_dates,regional-v4-2026-09-16
75473,2003,EST,2003-10-23,2003-11-02,maize__rf,archived_blocks_six_phase_v4,estimated_intermediate_dates,regional-v4-2026-09-16
75473,2004,EST,2004-10-23,2004-11-02,maize__rf,archived_blocks_six_phase_v4,estimated_intermediate_dates,regional-v4-2026-09-16
75473,2005,EST,2005-10-23,2005-11-02,maize__rf,archived_blocks_six_phase_v4,estimated_intermediate_dates,regional-v4-2026-09-16
75473,2006,EST,2006-10-23,2006-11-02,maize__rf,archived_blocks_six_phase_v4,estimated_intermediate_dates,regional-v4-2026-09-16
75473,2007,EST,2007-10-23,2007-11-02,maize__rf,archived_blocks_six_phase_v4,estimated_intermediate_dates,regional-v4-2026-09-16
75473,2008,EST,2008-10-23,2008-11-02,maize__rf,archived_blocks_six_phase_v4,estimated_intermediate_dates,regional-v4-2026-09-16
75473,2009,EST,2009-10-23,2009-11-02,maize__rf,archived_blocks_six_phase_v4,estimated_intermediate_dates,regional-v4-2026-09-16
75473,2010,EST,2010-10-23,2010-11-02,maize__rf,archived_blocks_six_phase_v4,estimated_intermediate_dates,regional-v4-2026-09-16
75473,2011,EST,2011-10-23,2011-11-02,maize__rf,archived_blocks_six_phase_v4,estimated_intermediate_dates,regional-v4-2026-09-16
75473,2012,EST,2012-10-23,2012-11-02,maize__rf,archived_blocks_six_phase_v4,estimated_intermediate_dates,regional-v4-2026-09-16
75473,2013,EST,2013-10-23,2013-11-02,maize__rf,archived_blocks_six_phase_v4,estimated_intermediate_dates,regional-v4-2026-09-16
75473,2014,EST,2014-10-23,2014-11-02,maize__rf,archived_blocks_six_phase_v4,estimated_intermediate_dates,regional-v4-2026-09-16
75473,2015,EST,2015-10-23,2015-11-02,maize__rf,archived_blocks_six_phase_v4,estimated_intermediate_dates,regional-v4-2026-09-16
75473,2016,EST,2016-10-23,2016-11-02,maize__rf,archived_blocks_six_phase_v4,estimated_intermediate_dates,regional-v4-2026-09-16
75474,1981,EST,1981-10-23,1981-11-02,maize__rf,archived_blocks_six_phase_v4,estimated_intermediate_dates,regional-v4-2026-09-16
75474,1982,EST,1982-10-23,1982-11-02,maize__rf,archived_blocks_six_phase_v4,estimated_intermediate_dates,regional-v4-2026-09-16
75474,1983,EST,1983-10-23,1983-11-02,maize__rf,archived_blocks_six_phase_v4,estimated_intermediate_dates,regional-v4-2026-09-16
75474,1984,EST,1984-10-23,1984-11-02,maize__rf,archived_blocks_six_phase_v4,estimated_intermediate_dates,regional-v4-2026-09-16
75474,1985,EST,1985-10-23,1985-11-02,maize__rf,archived_blocks_six_phase_v4,estimated_intermediate_dates,regional-v4-2026-09-16
75474,1986,EST,1986-10-23,1986-11-02,maize__rf,archived_blocks_six_phase_v4,estimated_intermediate_dates,regional-v4-2026-09-16
75474,1987,EST,1987-10-23,1987-11-02,maize__rf,archived_blocks_six_phase_v4,estimated_intermediate_dates,regional-v4-2026-09-16
75474,1988,EST,1988-10-23,1988-11-02,maize__rf,archived_blocks_six_phase_v4,estimated_intermediate_dates,regional-v4-2026-09-16
75474,1989,EST,1989-10-23,1989-11-02,maize__rf,archived_blocks_six_phase_v4,estimated_intermediate_dates,regional-v4-2026-09-16
75474,1990,EST,1990-10-23,1990-11-02,maize__rf,archived_blocks_six_phase_v4,estimated_intermediate_dates,regional-v4-2026-09-16
75474,1991,EST,1991-10-23,1991-11-02,maize__rf,archived_blocks_six_phase_v4,estimated_intermediate_dates,regional-v4-2026-09-16
75474,1992,EST,1992-10-23,1992-11-02,maize__rf,archived_blocks_six_phase_v4,estimated_intermediate_dates,regional-v4-2026-09-16
75474,1993,EST,1993-10-23,1993-11-02,maize__rf,archived_blocks_six_phase_v4,estimated_intermediate_dates,regional-v4-2026-09-16
75474,1994,EST,1994-10-23,1994-11-02,maize__rf,archived_blocks_six_phase_v4,estimated_intermediate_dates,regional-v4-2026-09-16
75474,1995,EST,1995-10-23,1995-11-02,maize__rf,archived_blocks_six_phase_v4,estimated_intermediate_dates,regional-v4-2026-09-16
75474,1996,EST,1996-10-23,1996-11-02,maize__rf,archived_blocks_six_phase_v4,estimated_intermediate_dates,regional-v4-2026-09-16
75474,1997,EST,1997-10-23,1997-11-02,maize__rf,archived_blocks_six_phase_v4,estimated_intermediate_dates,regional-v4-2026-09-16
75474,1998,EST,1998-10-23,1998-11-02,maize__rf,archived_blocks_six_phase_v4,estimated_intermediate_dates,regional-v4-2026-09-16
75474,1999,EST,1999-10-23,1999-11-02,maize__rf,archived_blocks_six_phase_v4,estimated_intermediate_dates,regional-v4-2026-09-16
75474,2000,EST,2000-10-23,2000-11-02,maize__rf,archived_blocks_six_phase_v4,estimated_intermediate_dates,regional-v4-2026-09-16
75474,2001,EST,2001-10-23,2001-11-02,maize__rf,archived_blocks_six_phase_v4,estimated_intermediate_dates,regional-v4-2026-09-16
75474,2002,EST,2002-10-23,2002-11-02,maize__rf,archived_blocks_six_phase_v4,estimated_intermediate_dates,regional-v4-2026-09-16
75474,2003,EST,2003-10-23,2003-11-02,maize__rf,archived_blocks_six_phase_v4,estimated_intermediate_dates,regional-v4-2026-09-16
75474,2004,EST,2004-10-23,2004-11-02,maize__rf,archived_blocks_six_phase_v4,estimated_intermediate_dates,regional-v4-2026-09-16
75474,2005,EST,2005-10-23,2005-11-02,maize__rf,archived_blocks_six_phase_v4,estimated_intermediate_dates,regional-v4-2026-09-16
75474,2006,EST,2006-10-23,2006-11-02,maize__rf,archived_blocks_six_phase_v4,estimated_intermediate_dates,regional-v4-2026-09-16
75474,2007,EST,2007-10-23,2007-11-02,maize__rf,archived_blocks_six_phase_v4,estimated_intermediate_dates,regional-v4-2026-09-16
75474,2008,EST,2008-10-23,2008-11-02,maize__rf,archived_blocks_six_phase_v4,estimated_intermediate_dates,regional-v4-2026-09-16
75474,2009,EST,2009-10-23,2009-11-02,maize__rf,archived_blocks_six_phase_v4,estimated_intermediate_dates,regional-v4-2026-09-16
75474,2010,EST,2010-10-23,2010-11-02,maize__rf,archived_blocks_six_phase_v4,estimated_intermediate_dates,regional-v4-2026-09-16
75474,2011,EST,2011-10-23,2011-11-02,maize__rf,archived_blocks_six_phase_v4,estimated_intermediate_dates,regional-v4-2026-09-16
75474,2012,EST,2012-10-23,2012-11-02,maize__rf,archived_blocks_six_phase_v4,estimated_intermediate_dates,regional-v4-2026-09-16
75474,2013,EST,2013-10-23,2013-11-02,maize__rf,archived_blocks_six_phase_v4,estimated_intermediate_dates,regional-v4-2026-09-16
75474,2014,EST,2014-10-23,2014-11-02,maize__rf,archived_blocks_six_phase_v4,estimated_intermediate_dates,regional-v4-2026-09-16
75474,2015,EST,2015-10-23,2015-11-02,maize__rf,archived_blocks_six_phase_v4,estimated_intermediate_dates,regional-v4-2026-09-16
75474,2016,EST,2016-10-23,2016-11-02,maize__rf,archived_blocks_six_phase_v4,estimated_intermediate_dates,regional-v4-2026-09-16
76193,1981,EST,1981-10-23,1981-11-02,maize__rf,archived_blocks_six_phase_v4,estimated_intermediate_dates,regional-v4-2026-09-16
76193,1982,EST,1982-10-23,1982-11-02,maize__rf,archived_blocks_six_phase_v4,estimated_intermediate_dates,regional-v4-2026-09-16
76193,1983,EST,1983-10-23,1983-11-02,maize__rf,archived_blocks_six_phase_v4,estimated_intermediate_dates,regional-v4-2026-09-16
76193,1984,EST,1984-10-23,1984-11-02,maize__rf,archived_blocks_six_phase_v4,estimated_intermediate_dates,regional-v4-2026-09-16
76193,1985,EST,1985-10-23,1985-11-02,maize__rf,archived_blocks_six_phase_v4,estimated_intermediate_dates,regional-v4-2026-09-16
76193,1986,EST,1986-10-23,1986-11-02,maize__rf,archived_blocks_six_phase_v4,estimated_intermediate_dates,regional-v4-2026-09-16
76193,1987,EST,1987-10-23,1987-11-02,maize__rf,archived_blocks_six_phase_v4,estimated_intermediate_dates,regional-v4-2026-09-16
76193,1988,EST,1988-10-23,1988-11-02,maize__rf,archived_blocks_six_phase_v4,estimated_intermediate_dates,regional-v4-2026-09-16
76193,1989,EST,1989-10-23,1989-11-02,maize__rf,archived_blocks_six_phase_v4,estimated_intermediate_dates,regional-v4-2026-09-16
76193,1990,EST,1990-10-23,1990-11-02,maize__rf,archived_blocks_six_phase_v4,estimated_intermediate_dates,regional-v4-2026-09-16
76193,1991,EST,1991-10-23,1991-11-02,maize__rf,archived_blocks_six_phase_v4,estimated_intermediate_dates,regional-v4-2026-09-16
76193,1992,EST,1992-10-23,1992-11-02,maize__rf,archived_blocks_six_phase_v4,estimated_intermediate_dates,regional-v4-2026-09-16
76193,1993,EST,1993-10-23,1993-11-02,maize__rf,archived_blocks_six_phase_v4,estimated_intermediate_dates,regional-v4-2026-09-16
76193,1994,EST,1994-10-23,1994-11-02,maize__rf,archived_blocks_six_phase_v4,estimated_intermediate_dates,regional-v4-2026-09-16
76193,1995,EST,1995-10-23,1995-11-02,maize__rf,archived_blocks_six_phase_v4,estimated_intermediate_dates,regional-v4-2026-09-16
76193,1996,EST,1996-10-23,1996-11-02,maize__rf,archived_blocks_six_phase_v4,estimated_intermediate_dates,regional-v4-2026-09-16
76193,1997,EST,1997-10-23,1997-11-02,maize__rf,archived_blocks_six_phase_v4,estimated_intermediate_dates,regional-v4-2026-09-16
76193,1998,EST,1998-10-23,1998-11-02,maize__rf,archived_blocks_six_phase_v4,estimated_intermediate_dates,regional-v4-2026-09-16
76193,1999,EST,1999-10-23,1999-11-02,maize__rf,archived_blocks_six_phase_v4,estimated_intermediate_dates,regional-v4-2026-09-16
76193,2000,EST,2000-10-23,2000-11-02,maize__rf,archived_blocks_six_phase_v4,estimated_intermediate_dates,regional-v4-2026-09-16
76193,2001,EST,2001-10-23,2001-11-02,maize__rf,archived_blocks_six_phase_v4,estimated_intermediate_dates,regional-v4-2026-09-16
76193,2002,EST,2002-10-23,2002-11-02,maize__rf,archived_blocks_six_phase_v4,estimated_intermediate_dates,regional-v4-2026-09-16
76193,2003,EST,2003-10-23,2003-11-02,maize__rf,archived_blocks_six_phase_v4,estimated_intermediate_dates,regional-v4-2026-09-16
76193,2004,EST,2004-10-23,2004-11-02,maize__rf,archived_blocks_six_phase_v4,estimated_intermediate_dates,regional-v4-2026-09-16
76193,2005,EST,2005-10-23,2005-11-02,maize__rf,archived_blocks_six_phase_v4,estimated_intermediate_dates,regional-v4-2026-09-16
76193,2006,EST,2006-10-23,2006-11-02,maize__rf,archived_blocks_six_phase_v4,estimated_intermediate_dates,regional-v4-2026-09-16
76193,2007,EST,2007-10-23,2007-11-02,maize__rf,archived_blocks_six_phase_v4,estimated_intermediate_dates,regional-v4-2026-09-16
76193,2008,EST,2008-10-23,2008-11-02,maize__rf,archived_blocks_six_phase_v4,estimated_intermediate_dates,regional-v4-2026-09-16
76193,2009,EST,2009-10-23,2009-11-02,maize__rf,archived_blocks_six_phase_v4,estimated_intermediate_dates,regional-v4-2026-09-16
76193,2010,EST,2010-10-23,2010-11-02,maize__rf,archived_blocks_six_phase_v4,estimated_intermediate_dates,regional-v4-2026-09-16
76193,2011,EST,2011-10-23,2011-11-02,maize__rf,archived_blocks_six_phase_v4,estimated_intermediate_dates,regional-v4-2026-09-16
76193,2012,EST,2012-10-23,2012-11-02,maize__rf,archived_blocks_six_phase_v4,estimated_intermediate_dates,regional-v4-2026-09-16
76193,2013,EST,2013-10-23,2013-11-02,maize__rf,archived_blocks_six_phase_v4,estimated_intermediate_dates,regional-v4-2026-09-16
76193,2014,EST,2014-10-23,2014-11-02,maize__rf,archived_blocks_six_phase_v4,estimated_intermediate_dates,regional-v4-2026-09-16
76193,2015,EST,2015-10-23,2015-11-02,maize__rf,archived_blocks_six_phase_v4,estimated_intermediate_dates,regional-v4-2026-09-16
76193,2016,EST,2016-10-23,2016-11-02,maize__rf,archived_blocks_six_phase_v4,estimated_intermediate_dates,regional-v4-2026-09-16
76197,1981,EST,1981-11-01,1981-11-11,maize__rf,archived_blocks_six_phase_v4,estimated_intermediate_dates,regional-v4-2026-09-16
76197,1982,EST,1982-11-01,1982-11-11,maize__rf,archived_blocks_six_phase_v4,estimated_intermediate_dates,regional-v4-2026-09-16
76197,1983,EST,1983-11-01,1983-11-11,maize__rf,archived_blocks_six_phase_v4,estimated_intermediate_dates,regional-v4-2026-09-16
76197,1984,EST,1984-11-01,1984-11-11,maize__rf,archived_blocks_six_phase_v4,estimated_intermediate_dates,regional-v4-2026-09-16
76197,1985,EST,1985-11-01,1985-11-11,maize__rf,archived_blocks_six_phase_v4,estimated_intermediate_dates,regional-v4-2026-09-16
76197,1986,EST,1986-11-01,1986-11-11,maize__rf,archived_blocks_six_phase_v4,estimated_intermediate_dates,regional-v4-2026-09-16
76197,1987,EST,1987-11-01,1987-11-11,maize__rf,archived_blocks_six_phase_v4,estimated_intermediate_dates,regional-v4-2026-09-16
76197,1988,EST,1988-11-01,1988-11-11,maize__rf,archived_blocks_six_phase_v4,estimated_intermediate_dates,regional-v4-2026-09-16
76197,1989,EST,1989-11-01,1989-11-11,maize__rf,archived_blocks_six_phase_v4,estimated_intermediate_dates,regional-v4-2026-09-16
76197,1990,EST,1990-11-01,1990-11-11,maize__rf,archived_blocks_six_phase_v4,estimated_intermediate_dates,regional-v4-2026-09-16
76197,1991,EST,1991-11-01,1991-11-11,maize__rf,archived_blocks_six_phase_v4,estimated_intermediate_dates,regional-v4-2026-09-16
76197,1992,EST,1992-11-01,1992-11-11,maize__rf,archived_blocks_six_phase_v4,estimated_intermediate_dates,regional-v4-2026-09-16
76197,1993,EST,1993-11-01,1993-11-11,maize__rf,archived_blocks_six_phase_v4,estimated_intermediate_dates,regional-v4-2026-09-16
76197,1994,EST,1994-11-01,1994-11-11,maize__rf,archived_blocks_six_phase_v4,estimated_intermediate_dates,regional-v4-2026-09-16
76197,1995,EST,1995-11-01,1995-11-11,maize__rf,archived_blocks_six_phase_v4,estimated_intermediate_dates,regional-v4-2026-09-16
76197,1996,EST,1996-11-01,1996-11-11,maize__rf,archived_blocks_six_phase_v4,estimated_intermediate_dates,regional-v4-2026-09-16
76197,1997,EST,1997-11-01,1997-11-11,maize__rf,archived_blocks_six_phase_v4,estimated_intermediate_dates,regional-v4-2026-09-16
76197,1998,EST,1998-11-01,1998-11-11,maize__rf,archived_blocks_six_phase_v4,estimated_intermediate_dates,regional-v4-2026-09-16
76197,1999,EST,1999-11-01,1999-11-11,maize__rf,archived_blocks_six_phase_v4,estimated_intermediate_dates,regional-v4-2026-09-16
76197,2000,EST,2000-11-01,2000-11-11,maize__rf,archived_blocks_six_phase_v4,estimated_intermediate_dates,regional-v4-2026-09-16
76197,2001,EST,2001-11-01,2001-11-11,maize__rf,archived_blocks_six_phase_v4,estimated_intermediate_dates,regional-v4-2026-09-16
76197,2002,EST,2002-11-01,2002-11-11,maize__rf,archived_blocks_six_phase_v4,estimated_intermediate_dates,regional-v4-2026-09-16
76197,2003,EST,2003-11-01,2003-11-11,maize__rf,archived_blocks_six_phase_v4,estimated_intermediate_dates,regional-v4-2026-09-16
76197,2004,EST,2004-11-01,2004-11-11,maize__rf,archived_blocks_six_phase_v4,estimated_intermediate_dates,regional-v4-2026-09-16
76197,2005,EST,2005-11-01,2005-11-11,maize__rf,archived_blocks_six_phase_v4,estimated_intermediate_dates,regional-v4-2026-09-16
76197,2006,EST,2006-11-01,2006-11-11,maize__rf,archived_blocks_six_phase_v4,estimated_intermediate_dates,regional-v4-2026-09-16
76197,2007,EST,2007-11-01,2007-11-11,maize__rf,archived_blocks_six_phase_v4,estimated_intermediate_dates,regional-v4-2026-09-16
76197,2008,EST,2008-11-01,2008-11-11,maize__rf,archived_blocks_six_phase_v4,estimated_intermediate_dates,regional-v4-2026-09-16
76197,2009,EST,2009-11-01,2009-11-11,maize__rf,archived_blocks_six_phase_v4,estimated_intermediate_dates,regional-v4-2026-09-16
76197,2010,EST,2010-11-01,2010-11-11,maize__rf,archived_blocks_six_phase_v4,estimated_intermediate_dates,regional-v4-2026-09-16
76197,2011,EST,2011-11-01,2011-11-11,maize__rf,archived_blocks_six_phase_v4,estimated_intermediate_dates,regional-v4-2026-09-16
76197,2012,EST,2012-11-01,2012-11-11,maize__rf,archived_blocks_six_phase_v4,estimated_intermediate_dates,regional-v4-2026-09-16
76197,2013,EST,2013-11-01,2013-11-11,maize__rf,archived_blocks_six_phase_v4,estimated_intermediate_dates,regional-v4-2026-09-16
76197,2014,EST,2014-11-01,2014-11-11,maize__rf,archived_blocks_six_phase_v4,estimated_intermediate_dates,regional-v4-2026-09-16
76197,2015,EST,2015-11-01,2015-11-11,maize__rf,archived_blocks_six_phase_v4,estimated_intermediate_dates,regional-v4-2026-09-16
76197,2016,EST,2016-11-01,2016-11-11,maize__rf,archived_blocks_six_phase_v4,estimated_intermediate_dates,regional-v4-2026-09-16
76200,1981,EST,1981-11-01,1981-11-11,maize__rf,archived_blocks_six_phase_v4,estimated_intermediate_dates,regional-v4-2026-09-16
76200,1982,EST,1982-11-01,1982-11-11,maize__rf,archived_blocks_six_phase_v4,estimated_intermediate_dates,regional-v4-2026-09-16
76200,1983,EST,1983-11-01,1983-11-11,maize__rf,archived_blocks_six_phase_v4,estimated_intermediate_dates,regional-v4-2026-09-16
76200,1984,EST,1984-11-01,1984-11-11,maize__rf,archived_blocks_six_phase_v4,estimated_intermediate_dates,regional-v4-2026-09-16
76200,1985,EST,1985-11-01,1985-11-11,maize__rf,archived_blocks_six_phase_v4,estimated_intermediate_dates,regional-v4-2026-09-16
76200,1986,EST,1986-11-01,1986-11-11,maize__rf,archived_blocks_six_phase_v4,estimated_intermediate_dates,regional-v4-2026-09-16
76200,1987,EST,1987-11-01,1987-11-11,maize__rf,archived_blocks_six_phase_v4,estimated_intermediate_dates,regional-v4-2026-09-16
76200,1988,EST,1988-11-01,1988-11-11,maize__rf,archived_blocks_six_phase_v4,estimated_intermediate_dates,regional-v4-2026-09-16
76200,1989,EST,1989-11-01,1989-11-11,maize__rf,archived_blocks_six_phase_v4,estimated_intermediate_dates,regional-v4-2026-09-16
76200,1990,EST,1990-11-01,1990-11-11,maize__rf,archived_blocks_six_phase_v4,estimated_intermediate_dates,regional-v4-2026-09-16
76200,1991,EST,1991-11-01,1991-11-11,maize__rf,archived_blocks_six_phase_v4,estimated_intermediate_dates,regional-v4-2026-09-16
76200,1992,EST,1992-11-01,1992-11-11,maize__rf,archived_blocks_six_phase_v4,estimated_intermediate_dates,regional-v4-2026-09-16
76200,1993,EST,1993-11-01,1993-11-11,maize__rf,archived_blocks_six_phase_v4,estimated_intermediate_dates,regional-v4-2026-09-16
76200,1994,EST,1994-11-01,1994-11-11,maize__rf,archived_blocks_six_phase_v4,estimated_intermediate_dates,regional-v4-2026-09-16
76200,1995,EST,1995-11-01,1995-11-11,maize__rf,archived_blocks_six_phase_v4,estimated_intermediate_dates,regional-v4-2026-09-16
76200,1996,EST,1996-11-01,1996-11-11,maize__rf,archived_blocks_six_phase_v4,estimated_intermediate_dates,regional-v4-2026-09-16
76200,1997,EST,1997-11-01,1997-11-11,maize__rf,archived_blocks_six_phase_v4,estimated_intermediate_dates,regional-v4-2026-09-16
76200,1998,EST,1998-11-01,1998-11-11,maize__rf,archived_blocks_six_phase_v4,estimated_intermediate_dates,regional-v4-2026-09-16
76200,1999,EST,1999-11-01,1999-11-11,maize__rf,archived_blocks_six_phase_v4,estimated_intermediate_dates,regional-v4-2026-09-16
76200,2000,EST,2000-11-01,2000-11-11,maize__rf,archived_blocks_six_phase_v4,estimated_intermediate_dates,regional-v4-2026-09-16
76200,2001,EST,2001-11-01,2001-11-11,maize__rf,archived_blocks_six_phase_v4,estimated_intermediate_dates,regional-v4-2026-09-16
76200,2002,EST,2002-11-01,2002-11-11,maize__rf,archived_blocks_six_phase_v4,estimated_intermediate_dates,regional-v4-2026-09-16
76200,2003,EST,2003-11-01,2003-11-11,maize__rf,archived_blocks_six_phase_v4,estimated_intermediate_dates,regional-v4-2026-09-16
76200,2004,EST,2004-11-01,2004-11-11,maize__rf,archived_blocks_six_phase_v4,estimated_intermediate_dates,regional-v4-2026-09-16
76200,2005,EST,2005-11-01,2005-11-11,maize__rf,archived_blocks_six_phase_v4,estimated_intermediate_dates,regional-v4-2026-09-16
76200,2006,EST,2006-11-01,2006-11-11,maize__rf,archived_blocks_six_phase_v4,estimated_intermediate_dates,regional-v4-2026-09-16
76200,2007,EST,2007-11-01,2007-11-11,maize__rf,archived_blocks_six_phase_v4,estimated_intermediate_dates,regional-v4-2026-09-16
76200,2008,EST,2008-11-01,2008-11-11,maize__rf,archived_blocks_six_phase_v4,estimated_intermediate_dates,regional-v4-2026-09-16
76200,2009,EST,2009-11-01,2009-11-11,maize__rf,archived_blocks_six_phase_v4,estimated_intermediate_dates,regional-v4-2026-09-16
76200,2010,EST,2010-11-01,2010-11-11,maize__rf,archived_blocks_six_phase_v4,estimated_intermediate_dates,regional-v4-2026-09-16
76200,2011,EST,2011-11-01,2011-11-11,maize__rf,archived_blocks_six_phase_v4,estimated_intermediate_dates,regional-v4-2026-09-16
76200,2012,EST,2012-11-01,2012-11-11,maize__rf,archived_blocks_six_phase_v4,estimated_intermediate_dates,regional-v4-2026-09-16
76200,2013,EST,2013-11-01,2013-11-11,maize__rf,archived_blocks_six_phase_v4,estimated_intermediate_dates,regional-v4-2026-09-16
76200,2014,EST,2014-11-01,2014-11-11,maize__rf,archived_blocks_six_phase_v4,estimated_intermediate_dates,regional-v4-2026-09-16
76200,2015,EST,2015-11-01,2015-11-11,maize__rf,archived_blocks_six_phase_v4,estimated_intermediate_dates,regional-v4-2026-09-16
76200,2016,EST,2016-11-01,2016-11-11,maize__rf,archived_blocks_six_phase_v4,estimated_intermediate_dates,regional-v4-2026-09-16
