year,phase,count_unit,pixels,mean_count
1981,EST,episodes,5,0.0
1981,FIL,episodes,5,0.7360325058459811
1981,FLO,episodes,5,0.12810570487969614
1981,MAT,days,5,2.552235216431071
1981,REP,episodes,5,0.28013828380924083
1981,VEG,episodes,5,0.12010568051024936
1982,EST,episodes,5,0.0
1982,FIL,episodes,5,0.6081787820909541
1982,FLO,episodes,5,0.488121860337288
1982,MAT,days,5,2.2480975418826135
1982,REP,episodes,5,0.4
1982,VEG,episodes,5,0.04006496292830669
1983,EST,episodes,5,0.0
1983,FIL,episodes,5,0.5600732234031618
1983,FLO,episodes,5,0.2
1983,MAT,days,5,0.9841544148478916
1983,REP,episodes,5,0.0
1983,VEG,episodes,5,0.8640975174884046
1984,EST,episodes,5,0.0
1984,FIL,episodes,5,0.25615448800572616
1984,FLO,episodes,5,0.4
1984,MAT,days,5,1.8802844138375776
1984,REP,episodes,5,0.024000048738878725
1984,VEG,episodes,5,0.16817870898264342
1985,EST,episodes,5,0.0
1985,FIL,episodes,5,1.0641543905032218
1985,FLO,episodes,5,0.7920162772800489
1985,MAT,days,5,1.6080972250056083
1985,REP,episodes,5,0.8
1985,VEG,episodes,5,0.5041543174196284
1986,EST,episodes,5,0.0
1986,FIL,episodes,5,1.6402275407980427
1986,FLO,episodes,5,0.2
1986,MAT,days,5,2.607813079355622
1986,REP,episodes,5,0.0
1986,VEG,episodes,5,0.0
1987,EST,episodes,5,0.0
1987,FIL,episodes,5,0.9683170658506857
1987,FLO,episodes,5,0.37604883184014676
1987,MAT,days,5,1.4401707896304603
1987,REP,episodes,5,0.008008138652398059
1987,VEG,episodes,5,0.4162520785776942
1988,EST,episodes,5,0.2
1988,FIL,episodes,5,2.2879350614411407
1988,FLO,episodes,5,0.5042599735356985
1988,MAT,days,5,0.8880407419513897
1988,REP,episodes,5,0.7921869207186051
1988,VEG,episodes,5,0.984178855224027
1989,EST,episodes,5,0.0
1989,FIL,episodes,5,0.4
1989,FLO,episodes,5,0.28796751854822766
1989,MAT,days,5,1.992105704854935
1989,REP,episodes,5,0.016016252910616972
1989,VEG,episodes,5,0.5919837714588299
1990,EST,episodes,5,0.0
1990,FIL,episodes,5,0.4800813133414433
1990,FLO,episodes,5,0.0
1990,MAT,days,5,0.7841545123751731
1990,REP,episodes,5,0.0
1990,VEG,episodes,5,0.0
1991,EST,episodes,5,0.0
1991,FIL,episodes,5,0.4162437937581692
1991,FLO,episodes,5,0.0
1991,MAT,days,5,1.2161300233096388
1991,REP,episodes,5,0.016032457082340378
1991,VEG,episodes,5,0.0
1992,EST,episodes,5,0.0
1992,FIL,episodes,5,0.2
1992,FLO,episodes,5,0.10407310155595753
1992,MAT,days,5,1.0638131036508272
1992,REP,episodes,5,0.3040813620803219
1992,VEG,episodes,5,0.0
1993,EST,episodes,5,0.0
1993,FIL,episodes,5,0.12817061909387129
1993,FLO,episodes,5,0.03200818739127678
1993,MAT,days,5,2.3202033442153205
1993,REP,episodes,5,0.3121219334456284
1993,VEG,episodes,5,0.0
1994,EST,episodes,5,0.0
1994,FIL,episodes,5,0.0
1994,FLO,episodes,5,0.04808119146947687
1994,MAT,days,5,0.9919512168739703
1994,REP,episodes,5,0.0
1994,VEG,episodes,5,1.6642439399005498
1995,EST,episodes,5,0.2
1995,FIL,episodes,5,0.0
1995,FLO,episodes,5,0.2
1995,MAT,days,5,1.616219450934033
1995,REP,episodes,5,0.0
1995,VEG,episodes,5,1.184032554560098
1996,EST,episodes,5,0.0
1996,FIL,episodes,5,0.4081056561160555
1996,FLO,episodes,5,0.40800813865239804
1996,MAT,days,5,1.5200731015807203
1996,REP,episodes,5,0.18403255456009784
1996,VEG,episodes,5,0.9681219577655511
1997,EST,episodes,5,0.0
1997,FIL,episodes,5,0.12007317468903025
1997,FLO,episodes,5,0.2
1997,MAT,days,5,1.0560649629035592
1997,REP,episodes,5,0.4
1997,VEG,episodes,5,0.17604883184014675
1998,EST,episodes,5,0.0
1998,FIL,episodes,5,0.9281948887601876
1998,FLO,episodes,5,0.0
1998,MAT,days,5,2.6321626266086007
1998,REP,episodes,5,0.11203253021541308
1998,VEG,episodes,5,0.40801622854117026
1999,EST,episodes,5,0.0
1999,FIL,episodes,5,0.607983722719951
1999,FLO,episodes,5,0.4
1999,MAT,days,5,2.4879431513546306
1999,REP,episodes,5,0.0
1999,VEG,episodes,5,1.3523252532419778
2000,EST,episodes,5,0.0
2000,FIL,episodes,5,1.6240732477973707
2000,FLO,episodes,5,0.0
2000,MAT,days,5,2.88819501058263
2000,REP,episodes,5,0.22400818739129164
2000,VEG,episodes,5,0.264154512375173
2001,EST,episodes,5,0.1600732234031618
2001,FIL,episodes,5,1.5520407419266276
2001,FLO,episodes,5,0.2
2001,MAT,days,5,2.7840647435786128
2001,REP,episodes,5,0.0
2001,VEG,episodes,5,0.17602436719356823
2002,EST,episodes,5,0.0
2002,FIL,episodes,5,1.2719352564214321
2002,FLO,episodes,5,0.016032457082340378
2002,MAT,days,5,1.4319673967010238
2002,REP,episodes,5,0.2879675185482277
2002,VEG,episodes,5,0.0
2003,EST,episodes,5,0.0
2003,FIL,episodes,5,0.9441625048356821
2003,FLO,episodes,5,0.5279593798958148
2003,MAT,days,5,1.111991861347602
2003,REP,episodes,5,0.4
2003,VEG,episodes,5,0.1200975662272981
2004,EST,episodes,5,0.0
2004,FIL,episodes,5,1.5841870425905715
2004,FLO,episodes,5,0.9600732234031619
2004,MAT,days,5,1.520008358002137
2004,REP,episodes,5,0.34397563280643173
2004,VEG,episodes,5,0.6
2005,EST,episodes,5,0.0
2005,FIL,episodes,5,1.3679837227199514
2005,FLO,episodes,5,0.5279756815453105
2005,MAT,days,5,2.2558212179337938
2005,REP,episodes,5,0.4
2005,VEG,episodes,5,0.40801622854117026
2006,EST,episodes,5,0.0
2006,FIL,episodes,5,1.3440813133166813
2006,FLO,episodes,5,0.2
2006,MAT,days,5,2.632016788988788
2006,REP,episodes,5,0.008000024369446784
2006,VEG,episodes,5,0.3043411162415496
2007,EST,episodes,5,0.0
2007,FIL,episodes,5,1.17624386686648
2007,FLO,episodes,5,0.6
2007,MAT,days,5,0.928048661278796
2007,REP,episodes,5,0.1120650360366322
2007,VEG,episodes,5,1.1762764214265484
2008,EST,episodes,5,0.031967396701023464
2008,FIL,episodes,5,1.463992056327879
2008,FLO,episodes,5,0.4
2008,MAT,days,5,0.32804064447361714
2008,REP,episodes,5,0.4720406932124959
2008,VEG,episodes,5,0.7520406201041853
2009,EST,episodes,5,0.4
2009,FIL,episodes,5,1.544065157908599
2009,FLO,episodes,5,0.040073052817078805
2009,MAT,days,5,1.4402681609517227
2009,REP,episodes,5,0.040073052817078805
2009,VEG,episodes,5,0.05600012184720423
2010,EST,episodes,5,0.008016228541170189
2010,FIL,episodes,5,0.6480407907150302
2010,FLO,episodes,5,0.31194310259101865
2010,MAT,days,5,1.9038700254540029
2010,REP,episodes,5,0.18402439156301503
2010,VEG,episodes,5,0.24791866231387213
2011,EST,episodes,5,0.016032457082340378
2011,FIL,episodes,5,3.000000000000001
2011,FLO,episodes,5,0.792016277280049
2011,MAT,days,5,0.7680325058212044
2011,REP,episodes,5,0.704024391563015
2011,VEG,episodes,5,1.3122439156053738
2012,EST,episodes,5,0.1919999756305532
2012,FIL,episodes,5,1.2478618623826483
2012,FLO,episodes,5,0.4480000974777575
2012,MAT,days,5,2.000000000000001
2012,REP,episodes,5,0.41602429408525765
2012,VEG,episodes,5,0.04004875875658327
2013,EST,episodes,5,0.0
2013,FIL,episodes,5,0.9760814351886475
2013,FLO,episodes,5,0.7840975662025362
2013,MAT,days,5,1.7360731259501516
2013,REP,episodes,5,0.8720000731083255
2013,VEG,episodes,5,1.44013816193729
2014,EST,episodes,5,0.2
2014,FIL,episodes,5,0.09612188470673481
2014,FLO,episodes,5,0.0
2014,MAT,days,5,0.27199198321955337
2014,REP,episodes,5,0.016032457082340378
2014,VEG,episodes,5,0.0
2015,EST,episodes,5,0.0
2015,FIL,episodes,5,1.440422697696328
2015,FLO,episodes,5,0.6
2015,MAT,days,5,2.432203271131742
2015,REP,episodes,5,0.5120975906214922
2015,VEG,episodes,5,0.44006508475074907
2016,EST,episodes,5,0.0
2016,FIL,episodes,5,0.9999835765280622
2016,FLO,episodes,5,0.008016228541170189
2016,MAT,days,5,1.6960648654257873
2016,REP,episodes,5,0.2720406932124959
2016,VEG,episodes,5,0.5041057779632596
