pixel_id,phase,count_unit,complete_seasons,mean_annual_count_per_native_cell,mean_annual_area_fraction_with_event
85982,EST,episodes,36,0.0,0.0
85982,FIL,episodes,36,0.29328603731591163,0.221066035207856
85982,FLO,episodes,36,0.028884397884006804,0.028884397884006804
85982,MAT,days,36,0.8311348589771488,0.4522233424366768
85982,REP,episodes,36,0.0822109964057861,0.07776428445527363
85982,VEG,episodes,36,0.011113392155756546,0.011113392155756546
85983,EST,episodes,36,0.0,0.0
85983,FIL,episodes,36,0.011104322141802021,0.011104322141802021
85983,FLO,episodes,36,0.0,0.0
85983,MAT,days,36,1.0389351966895581,0.5211246450527888
85983,REP,episodes,36,0.001108850377770985,0.001108850377770985
85983,VEG,episodes,36,0.0,0.0
86276,EST,episodes,36,0.11778000804931768,0.11778000804931768
86276,FIL,episodes,36,1.1601218867134562,0.6567253408267235
86276,FLO,episodes,36,0.4433513718115941,0.38890466663380957
86276,MAT,days,36,2.3811426395341067,0.9277823094018294
86276,REP,episodes,36,0.37449294529243676,0.3055984214917018
86276,VEG,episodes,36,1.0057338793676134,0.5611788451311926
86277,EST,episodes,36,0.07778794769488358,0.07778794769488358
86277,FIL,episodes,36,1.77575641903907,0.8033931412533004
86277,FLO,episodes,36,0.5878568188457661,0.4644974938465894
86277,MAT,days,36,1.8678534108380025,0.7844478220110349
86277,REP,episodes,36,0.370032726487717,0.3344647639707899
86277,VEG,episodes,36,0.8046318924453953,0.5222967384457612
86286,EST,episodes,36,0.0,0.0
86286,FIL,episodes,36,1.4946206937267539,0.7522832248153889
86286,FLO,episodes,36,0.49336266872619583,0.3977901881237947
86286,MAT,days,36,2.216819066522962,0.8622357663212711
86286,REP,episodes,36,0.4100745534683846,0.3667276658820663
86286,VEG,episodes,36,0.5789758323816655,0.4022639984194647
