complete_cells,count_unit,coverage_fraction,end,evaluated_area_fraction_with_event,expected_cell_days,mean_count_per_native_cell,min_days,native_cells,operator,phase,pixel_id,quality,season_year,source,start,threshold,valid_cell_days,variable,weight,weighted_count,weighted_exposed,source_batch,latitude,longitude
25,episodes,1.0,1992-11-25,1.0,375,2.4399588411311126,2,25,>=,EST,105188,OK,1992,Li et al. 2025a,1992-11-11,34.0,375,tmax_c,23.94548942884158,58.42600863711361,23.94548942884158,batch_0055a7621b368c407511.csv,-16.75,34.25
25,episodes,1.0,1996-12-08,1.0,325,2.4397486601596947,2,25,>=,EST,105186,OK,1996,Li et al. 2025a,1996-11-26,34.0,325,tmax_c,23.94548942884158,58.42097575088438,23.94548942884158,batch_01d33e88e47f0cd28daa.csv,-16.75,33.25
25,episodes,1.0,1993-12-08,1.0,325,2.079937104116325,2,25,>=,EST,105186,OK,1993,Li et al. 2025a,1993-11-26,34.0,325,tmax_c,23.94548942884158,49.805111939272834,23.94548942884158,batch_01d33e88e47f0cd28daa.csv,-16.75,33.25
25,episodes,1.0,2003-02-18,1.0,1100,5.560486077651708,2,25,>=,VEG,98702,OK,2002,Li et al. 2025a,2003-01-06,34.6,1100,tmax_c,23.3080240299314,129.603943116005,23.3080240299314,batch_0269b5f2f96b23129bbe.csv,-21.25,31.25
25,episodes,1.0,2002-02-18,1.0,1100,5.318782978162735,2,25,>=,VEG,98702,OK,2001,Li et al. 2025a,2002-01-06,34.6,1100,tmax_c,23.3080240299314,123.97032146500712,23.3080240299314,batch_0269b5f2f96b23129bbe.csv,-21.25,31.25
25,episodes,1.0,1992-02-29,1.0,1225,5.240042011863139,2,25,>=,VEG,105188,OK,1991,Li et al. 2025a,1992-01-12,34.6,1225,tmax_c,23.94548942884158,125.47537060175456,23.94548942884158,batch_0055a7621b368c407511.csv,-16.75,34.25
25,episodes,1.0,1992-03-10,1.0,375,2.3203245315186107,2,25,>=,REP,100855,OK,1991,Li et al. (2025b),1992-02-25,33.7,375,tmax_c,23.536691923280788,54.61276366038437,23.536691923280788,batch_026f13c7126cff03a72c.csv,-19.75,27.75
25,episodes,1.0,1998-03-16,1.0,350,2.1601084370160004,2,25,>=,REP,98703,OK,1997,Li et al. (2025b),1998-03-03,33.7,350,tmax_c,23.3080240299314,50.3478593572265,23.3080240299314,batch_0357c225daefeddc5d6a.csv,-21.25,31.75
25,episodes,1.0,1995-03-18,0.7202518271652535,300,2.00077612188574,2,25,>=,REP,105186,OK,1994,Li et al. (2025b),1995-03-07,33.7,300,tmax_c,23.94548942884158,47.90956347609364,17.24678251348941,batch_01d33e88e47f0cd28daa.csv,-16.75,33.25
25,episodes,1.0,2016-01-16,1.0,225,2.0,2,25,>=,FLO,88437,OK,2015,Li et al. (2025b),2016-01-08,33.7,225,tmax_c,21.92858729419708,43.85717458839415,21.92858729419708,batch_003153e4ae25afa88800.csv,-28.75,-61.25
25,episodes,1.0,1992-03-13,1.0,325,2.0,2,25,>=,FLO,105188,OK,1991,Li et al. (2025b),1992-03-01,33.7,325,tmax_c,23.94548942884158,47.89097885768316,23.94548942884158,batch_0055a7621b368c407511.csv,-16.75,34.25
25,episodes,1.0,1985-01-15,1.0,300,2.0,2,25,>=,FLO,87729,OK,1984,Li et al. (2025b),1985-01-04,33.7,300,tmax_c,21.8229854549849,43.6459709099698,21.8229854549849,batch_00c996fa4ff2a8294a31.csv,-29.25,-55.25
25,episodes,1.0,2005-03-10,1.0,1050,5.799856239667072,2,25,>=,FIL,90591,OK,2004,Li et al. (2025b),2005-01-28,32.7,1050,tmax_c,22.235341599410717,128.96178471647104,22.235341599410717,batch_0136768d1cb87f183a7a.csv,-27.25,-64.25
25,episodes,1.0,2012-03-10,1.0,1075,5.759571357935636,2,25,>=,FIL,87714,OK,2011,Li et al. (2025b),2012-01-28,32.7,1075,tmax_c,21.8229854549849,125.691041971177,21.8229854549849,batch_00d5b29fd8c387e57831.csv,-29.25,-62.75
25,episodes,1.0,1991-01-08,1.0,1100,5.480276361190898,2,25,>=,FIL,95646,OK,1990,Li et al. (2025b),1990-11-26,32.7,1100,tmax_c,22.89149510185507,125.45171947901356,22.89149510185507,batch_025d05aa1c32d9a32383.csv,-23.75,-56.75
25,days,1.0,1990-01-24,1.0,400,7.960790896750418,1,25,>,MAT,92046,OK,1989,Ortega Gómez et al. (2019),1990-01-09,10.0,400,precip_mm,22.431390911784813,178.5716125719866,22.431390911784813,batch_01c1c3198ab4c46b2460.csv,-26.25,-56.75
25,days,1.0,2001-04-09,1.0,475,7.760112239613509,1,25,>,MAT,89175,OK,2000,Ortega Gómez et al. (2019),2001-03-22,10.0,475,precip_mm,22.032519186586832,170.97482180935194,22.032519186586832,batch_00990a140cece4ce2356.csv,-28.25,-52.25
25,days,1.0,1986-04-09,1.0,475,7.560676892462973,1,25,>,MAT,87009,OK,1985,Ortega Gómez et al. (2019),1986-03-22,10.0,475,precip_mm,21.7157217109392,164.18555534305446,21.7157217109392,batch_025e9a03434aa47e320a.csv,-29.75,-55.25
