pixel_id,lat_idx,lon_idx,som_x,som_y,label
0,116,615,0,0,0
1,117,614,0,0,0
2,119,616,0,0,0
3,120,615,0,0,0
4,121,609,0,0,0
5,121,612,0,2,2
6,121,619,0,0,0
7,130,616,0,1,1
8,131,613,0,0,0
9,131,615,0,0,0
10,131,619,0,2,2
11,132,619,0,2,2
12,134,609,0,0,0
13,139,623,0,2,2
14,139,635,0,2,2
15,139,637,0,2,2
16,140,616,0,0,0
17,141,610,0,0,0
18,144,613,0,2,2
19,144,624,0,2,2
20,145,626,0,0,0
21,146,633,0,2,2
22,150,605,0,0,0
23,150,632,0,0,0
24,155,616,1,1,4
25,157,601,1,1,4
26,157,602,0,1,1
27,160,605,1,0,3
28,164,221,0,0,0
29,164,222,0,0,0
30,164,223,0,0,0
31,164,224,1,2,5
32,165,215,0,0,0
33,165,216,0,0,0
34,165,217,0,0,0
35,165,218,0,0,0
36,165,219,0,0,0
37,165,220,0,0,0
38,165,221,0,2,2
39,165,222,0,2,2
40,165,223,0,2,2
41,165,224,1,2,5
42,166,213,0,0,0
43,166,214,0,0,0
44,166,215,0,0,0
45,166,216,0,0,0
46,167,212,0,0,0
47,167,214,0,0,0
48,169,209,0,0,0
49,169,239,1,0,3
50,173,239,1,2,5
51,174,206,0,1,1
52,174,238,0,1,1
53,174,239,1,0,3
54,174,243,1,0,3
55,175,206,0,1,1
56,175,239,1,2,5
57,175,240,1,0,3
58,175,241,1,0,3
59,176,33,0,1,1
60,177,207,0,1,1
61,178,44,1,0,3
62,180,48,1,0,3
63,180,49,1,0,3
64,180,50,0,0,0
65,181,48,0,0,0
66,181,50,1,0,3
67,181,59,1,0,3
68,181,60,0,0,0
69,182,36,0,0,0
70,182,47,1,0,3
71,182,59,0,0,0
72,182,60,0,0,0
73,182,201,0,1,1
74,183,43,1,0,3
75,183,45,0,0,0
76,183,59,1,2,5
77,183,60,0,1,1
78,183,61,1,0,3
79,183,199,0,1,1
80,183,607,1,0,3
81,183,608,0,0,0
82,184,40,1,0,3
83,184,44,1,0,3
84,184,45,0,0,0
85,184,61,0,0,0
86,184,62,0,0,0
87,184,608,0,0,0
88,185,37,0,1,1
89,185,38,0,0,0
90,185,39,1,0,3
91,185,40,0,0,0
92,185,45,1,0,3
93,185,49,1,0,3
94,185,55,0,1,1
95,185,60,1,0,3
96,185,61,1,2,5
97,186,37,0,1,1
98,186,38,0,1,1
99,186,39,1,0,3
100,186,40,0,1,1
101,186,41,0,1,1
102,186,60,0,1,1
103,186,61,0,0,0
104,187,37,0,1,1
105,187,38,0,1,1
106,187,39,1,0,3
107,187,40,1,0,3
108,187,41,0,1,1
109,187,44,0,0,0
110,187,45,0,0,0
111,187,52,0,0,0
112,187,53,0,0,0
113,187,54,1,2,5
114,187,55,0,0,0
115,187,58,0,0,0
116,188,21,0,2,2
117,188,22,0,2,2
118,188,23,0,2,2
119,188,24,0,2,2
120,188,34,1,1,4
121,188,35,1,1,4
122,188,36,1,1,4
123,188,37,1,0,3
124,188,38,0,1,1
125,188,39,0,1,1
126,188,40,1,0,3
127,188,41,0,0,0
128,188,42,0,1,1
129,188,43,0,0,0
130,188,50,1,0,3
131,188,52,0,0,0
132,188,231,1,2,5
133,189,12,1,0,3
134,189,21,0,2,2
135,189,22,0,2,2
136,189,23,0,2,2
137,189,24,0,2,2
138,189,37,1,1,4
139,189,38,1,1,4
140,189,39,1,1,4
141,189,40,1,1,4
142,189,41,1,1,4
143,189,42,1,1,4
144,189,43,1,1,4
145,189,52,0,0,0
146,189,231,1,1,4
147,189,232,1,1,4
148,189,233,1,1,4
149,189,234,1,1,4
150,189,235,0,1,1
151,189,704,0,2,2
152,190,12,1,0,3
153,190,14,0,0,0
154,190,20,0,2,2
155,190,21,0,2,2
156,190,22,0,2,2
157,190,23,0,2,2
158,190,24,0,2,2
159,190,38,1,1,4
160,190,39,1,1,4
161,190,41,1,1,4
162,190,42,1,1,4
163,190,232,1,1,4
164,190,233,1,1,4
165,190,234,0,1,1
166,190,235,0,1,1
167,190,236,1,1,4
168,190,605,0,0,0
169,190,607,0,0,0
170,190,703,0,2,2
171,190,704,0,2,2
172,190,705,0,2,2
173,190,706,0,1,1
174,190,707,0,1,1
175,190,715,0,2,2
176,190,716,0,2,2
177,191,16,0,0,0
178,191,19,0,2,2
179,191,20,0,2,2
180,191,21,0,2,2
181,191,22,0,2,2
182,191,40,1,1,4
183,191,233,1,1,4
184,191,234,1,1,4
185,191,603,1,1,4
186,191,703,0,1,1
187,191,704,0,1,1
188,191,705,0,1,1
189,191,706,0,1,1
190,191,707,0,1,1
191,191,708,0,1,1
192,191,709,0,1,1
193,191,710,0,1,1
194,191,711,0,1,1
195,191,712,0,1,1
196,191,713,0,1,1
197,191,714,0,2,2
198,191,716,1,2,5
199,192,12,0,0,0
200,192,13,0,0,0
201,192,18,1,0,3
202,192,19,0,2,2
203,192,20,0,2,2
204,192,21,0,2,2
205,192,22,0,2,2
206,192,23,0,2,2
207,192,25,0,2,2
208,192,26,0,2,2
209,192,27,0,2,2
210,192,28,0,2,2
211,192,38,1,1,4
212,192,201,0,1,1
213,192,233,0,2,2
214,192,234,1,1,4
215,192,249,0,0,0
216,192,700,0,2,2
217,192,701,0,2,2
218,192,702,0,2,2
219,192,703,0,1,1
220,192,704,0,1,1
221,192,705,0,1,1
222,192,706,0,1,1
223,192,707,0,1,1
224,192,708,0,1,1
225,192,709,0,1,1
226,192,710,0,1,1
227,192,711,0,1,1
228,192,712,0,1,1
229,192,713,0,1,1
230,193,14,1,0,3
231,193,16,0,0,0
232,193,17,0,0,0
233,193,19,1,0,3
234,193,20,1,0,3
235,193,21,1,0,3
236,193,22,0,2,2
237,193,23,1,0,3
238,193,24,0,2,2
239,193,25,0,2,2
240,193,26,0,2,2
241,193,27,0,2,2
242,193,28,0,2,2
243,193,29,0,2,2
244,193,30,0,2,2
245,193,160,1,1,4
246,193,200,0,1,1
247,193,249,0,0,0
248,193,699,0,2,2
249,193,700,0,2,2
250,193,701,0,2,2
251,193,702,0,2,2
252,193,703,0,1,1
253,193,704,0,1,1
254,193,705,0,1,1
255,193,706,0,1,1
256,193,707,0,1,1
257,193,708,0,1,1
258,193,709,0,1,1
259,193,710,0,1,1
260,193,711,0,1,1
261,193,712,0,1,1
262,193,713,0,1,1
263,194,0,1,2,5
264,194,13,1,0,3
265,194,18,1,0,3
266,194,19,1,0,3
267,194,20,1,0,3
268,194,21,1,0,3
269,194,22,1,0,3
270,194,23,1,0,3
271,194,24,0,2,2
272,194,25,0,2,2
273,194,26,0,2,2
274,194,27,0,2,2
275,194,28,0,2,2
276,194,29,0,2,2
277,194,30,0,2,2
278,194,31,1,1,4
279,194,160,1,1,4
280,194,161,1,0,3
281,194,162,1,2,5
282,194,200,0,1,1
283,194,249,1,2,5
284,194,250,0,0,0
285,194,575,0,2,2
286,194,576,0,1,1
287,194,697,0,0,0
288,194,700,0,2,2
289,194,701,0,2,2
290,194,702,0,2,2
291,194,703,0,1,1
292,194,704,0,1,1
293,194,705,0,1,1
294,194,706,0,1,1
295,194,707,0,1,1
296,194,708,0,1,1
297,194,709,0,1,1
298,194,710,0,1,1
299,194,711,0,1,1
300,194,712,0,1,1
301,194,713,0,1,1
302,194,714,0,1,1
303,195,3,0,1,1
304,195,11,1,0,3
305,195,13,1,0,3
306,195,14,1,0,3
307,195,15,1,0,3
308,195,16,0,0,0
309,195,18,1,0,3
310,195,19,1,0,3
311,195,20,1,0,3
312,195,21,1,0,3
313,195,22,1,0,3
314,195,23,1,0,3
315,195,24,0,2,2
316,195,25,0,2,2
317,195,26,0,2,2
318,195,27,0,2,2
319,195,28,0,2,2
320,195,29,0,2,2
321,195,30,0,2,2
322,195,31,1,1,4
323,195,32,1,1,4
324,195,33,1,1,4
325,195,34,1,1,4
326,195,160,1,1,4
327,195,161,1,0,3
328,195,199,0,1,1
329,195,250,0,0,0
330,195,251,1,2,5
331,195,575,0,1,1
332,195,576,0,1,1
333,195,577,0,1,1
334,195,582,0,1,1
335,195,584,0,1,1
336,195,585,0,1,1
337,195,586,0,1,1
338,195,587,0,1,1
339,195,588,0,1,1
340,195,696,0,0,0
341,195,697,0,0,0
342,195,700,0,2,2
343,195,701,0,2,2
344,195,702,0,2,2
345,195,703,0,1,1
346,195,704,0,1,1
347,195,705,0,1,1
348,195,706,0,1,1
349,195,707,0,1,1
350,195,708,0,1,1
351,195,709,0,1,1
352,195,710,0,1,1
353,195,711,0,1,1
354,195,712,0,1,1
355,195,713,0,1,1
356,195,714,0,1,1
357,195,717,1,2,5
358,196,0,1,2,5
359,196,10,1,0,3
360,196,12,1,0,3
361,196,13,1,0,3
362,196,14,1,0,3
363,196,15,1,0,3
364,196,16,1,0,3
365,196,17,1,0,3
366,196,18,1,0,3
367,196,19,1,0,3
368,196,20,1,0,3
369,196,21,1,0,3
370,196,22,1,0,3
371,196,23,1,0,3
372,196,24,0,2,2
373,196,25,0,2,2
374,196,26,0,2,2
375,196,27,0,2,2
376,196,28,0,2,2
377,196,29,0,2,2
378,196,30,0,2,2
379,196,31,0,2,2
380,196,32,0,2,2
381,196,33,0,2,2
382,196,34,0,2,2
383,196,160,1,2,5
384,196,161,1,0,3
385,196,198,0,0,0
386,196,199,0,1,1
387,196,246,0,0,0
388,196,249,0,0,0
389,196,250,0,0,0
390,196,251,1,2,5
391,196,557,1,2,5
392,196,558,0,0,0
393,196,564,0,2,2
394,196,575,0,1,1
395,196,579,0,1,1
396,196,580,1,1,4
397,196,581,0,1,1
398,196,582,0,1,1
399,196,583,0,1,1
400,196,584,0,1,1
401,196,585,0,1,1
402,196,586,0,1,1
403,196,587,0,1,1
404,196,588,0,1,1
405,196,589,0,1,1
406,196,695,0,0,0
407,196,696,0,0,0
408,196,697,0,0,0
409,196,698,0,2,2
410,196,699,0,1,1
411,196,700,0,1,1
412,196,701,0,1,1
413,196,702,1,1,4
414,196,703,1,1,4
415,196,704,1,1,4
416,196,705,0,0,0
417,196,706,0,1,1
418,196,707,0,1,1
419,196,708,0,1,1
420,196,709,0,1,1
421,196,710,0,1,1
422,196,711,0,1,1
423,196,712,0,1,1
424,196,713,0,1,1
425,196,714,1,2,5
426,196,715,1,2,5
427,196,716,1,2,5
428,196,717,1,2,5
429,196,718,1,2,5
430,196,719,1,2,5
431,197,0,1,2,5
432,197,7,1,0,3
433,197,10,1,0,3
434,197,11,1,0,3
435,197,12,1,0,3
436,197,13,1,0,3
437,197,14,1,0,3
438,197,15,1,0,3
439,197,16,1,0,3
440,197,17,1,0,3
441,197,18,1,0,3
442,197,19,1,0,3
443,197,20,1,0,3
444,197,21,1,0,3
445,197,22,1,0,3
446,197,23,1,0,3
447,197,24,0,2,2
448,197,25,0,2,2
449,197,26,0,2,2
450,197,27,0,2,2
451,197,28,0,2,2
452,197,29,0,2,2
453,197,30,0,2,2
454,197,31,0,2,2
455,197,32,0,2,2
456,197,33,0,2,2
457,197,34,0,2,2
458,197,35,0,2,2
459,197,36,0,2,2
460,197,37,0,2,2
461,197,154,1,1,4
462,197,155,1,0,3
463,197,160,1,2,5
464,197,161,1,0,3
465,197,197,0,1,1
466,197,198,0,1,1
467,197,251,1,2,5
468,197,554,1,0,3
469,197,559,1,1,4
470,197,563,0,2,2
471,197,578,0,1,1
472,197,579,0,1,1
473,197,580,0,2,2
474,197,581,0,1,1
475,197,582,0,1,1
476,197,583,0,1,1
477,197,584,0,1,1
478,197,585,0,1,1
479,197,586,0,1,1
480,197,587,0,1,1
481,197,588,0,1,1
482,197,589,0,1,1
483,197,590,0,1,1
484,197,694,0,0,0
485,197,695,0,0,0
486,197,696,0,0,0
487,197,697,0,0,0
488,197,698,0,0,0
489,197,699,1,1,4
490,197,700,1,1,4
491,197,701,1,1,4
492,197,702,1,1,4
493,197,703,0,1,1
494,197,704,0,1,1
495,197,705,0,0,0
496,197,706,0,1,1
497,197,707,0,1,1
498,197,708,0,1,1
499,197,709,0,1,1
500,197,710,0,1,1
501,197,711,0,1,1
502,197,712,0,1,1
503,197,713,0,1,1
504,197,714,0,1,1
505,197,716,1,2,5
506,197,717,1,2,5
507,197,718,1,2,5
508,197,719,1,2,5
509,198,0,1,2,5
510,198,3,0,1,1
511,198,8,1,0,3
512,198,9,1,0,3
513,198,10,1,0,3
514,198,11,1,0,3
515,198,12,1,0,3
516,198,13,1,0,3
517,198,14,1,0,3
518,198,15,1,0,3
519,198,16,1,0,3
520,198,17,1,0,3
521,198,18,1,0,3
522,198,19,1,0,3
523,198,20,1,0,3
524,198,21,1,0,3
525,198,22,1,0,3
526,198,23,1,0,3
527,198,24,1,0,3
528,198,25,1,0,3
529,198,26,0,2,2
530,198,27,0,2,2
531,198,28,0,2,2
532,198,29,0,2,2
533,198,30,0,2,2
534,198,31,0,2,2
535,198,32,0,2,2
536,198,33,0,2,2
537,198,34,0,2,2
538,198,35,0,2,2
539,198,36,0,2,2
540,198,37,0,2,2
541,198,153,1,1,4
542,198,154,1,1,4
543,198,155,0,2,2
544,198,197,0,1,1
545,198,251,0,1,1
546,198,553,1,2,5
547,198,579,1,1,4
548,198,580,0,1,1
549,198,581,0,1,1
550,198,582,0,1,1
551,198,583,0,1,1
552,198,584,0,1,1
553,198,585,0,1,1
554,198,586,1,1,4
555,198,587,1,1,4
556,198,588,0,1,1
557,198,589,0,1,1
558,198,694,0,0,0
559,198,695,0,0,0
560,198,696,0,0,0
561,198,697,1,1,4
562,198,698,1,1,4
563,198,699,1,1,4
564,198,700,1,1,4
565,198,701,1,1,4
566,198,702,1,1,4
567,198,703,0,0,0
568,198,704,0,0,0
569,198,705,1,2,5
570,198,706,1,2,5
571,198,707,0,1,1
572,198,708,0,1,1
573,198,709,0,1,1
574,198,710,0,1,1
575,198,711,0,0,0
576,198,712,0,1,1
577,198,713,0,0,0
578,198,714,1,2,5
579,198,716,1,2,5
580,198,717,1,2,5
581,198,718,1,2,5
582,198,719,1,2,5
583,199,0,1,2,5
584,199,7,1,0,3
585,199,8,1,0,3
586,199,9,1,0,3
587,199,10,1,0,3
588,199,11,1,0,3
589,199,12,1,0,3
590,199,13,1,0,3
591,199,14,1,0,3
592,199,15,1,0,3
593,199,16,1,0,3
594,199,17,1,0,3
595,199,18,1,0,3
596,199,19,1,0,3
597,199,20,1,0,3
598,199,21,1,0,3
599,199,22,1,0,3
600,199,23,1,0,3
601,199,24,1,0,3
602,199,25,1,0,3
603,199,26,0,2,2
604,199,27,0,2,2
605,199,28,0,2,2
606,199,29,0,2,2
607,199,30,0,2,2
608,199,31,0,2,2
609,199,32,0,2,2
610,199,33,0,2,2
611,199,35,0,2,2
612,199,38,0,2,2
613,199,153,0,2,2
614,199,154,0,2,2
615,199,155,0,2,2
616,199,156,0,2,2
617,199,210,1,2,5
618,199,211,1,2,5
619,199,212,0,0,0
620,199,245,0,0,0
621,199,551,1,2,5
622,199,552,1,2,5
623,199,553,1,2,5
624,199,579,1,1,4
625,199,580,1,1,4
626,199,581,1,1,4
627,199,582,0,1,1
628,199,583,0,1,1
629,199,584,0,1,1
630,199,585,0,1,1
631,199,586,1,1,4
632,199,587,1,1,4
633,199,588,0,1,1
634,199,693,1,1,4
635,199,694,0,0,0
636,199,695,0,0,0
637,199,696,0,0,0
638,199,697,1,1,4
639,199,698,1,1,4
640,199,699,1,1,4
641,199,700,1,1,4
642,199,701,1,1,4
643,199,702,1,1,4
644,199,704,0,1,1
645,199,705,0,1,1
646,199,706,1,2,5
647,199,707,0,0,0
648,199,708,1,2,5
649,199,709,0,0,0
650,199,710,1,0,3
651,199,711,0,1,1
652,199,712,0,1,1
653,199,713,1,0,3
654,199,714,1,2,5
655,199,715,1,2,5
656,199,716,1,2,5
657,199,717,1,2,5
658,199,718,1,2,5
659,199,719,1,2,5
660,200,0,1,2,5
661,200,7,1,0,3
662,200,8,1,0,3
663,200,9,1,0,3
664,200,10,1,0,3
665,200,11,1,0,3
666,200,12,1,0,3
667,200,13,1,0,3
668,200,14,1,0,3
669,200,15,1,0,3
670,200,16,1,0,3
671,200,17,1,0,3
672,200,18,1,0,3
673,200,19,1,0,3
674,200,20,1,0,3
675,200,21,1,0,3
676,200,22,1,0,3
677,200,23,1,0,3
678,200,24,1,0,3
679,200,25,1,0,3
680,200,26,1,0,3
681,200,27,0,2,2
682,200,28,0,2,2
683,200,29,0,2,2
684,200,30,0,2,2
685,200,32,0,2,2
686,200,153,1,1,4
687,200,154,0,2,2
688,200,155,1,1,4
689,200,156,0,2,2
690,200,157,0,2,2
691,200,210,1,2,5
692,200,211,1,2,5
693,200,212,1,1,4
694,200,551,1,2,5
695,200,552,1,2,5
696,200,583,0,1,1
697,200,692,1,1,4
698,200,693,1,1,4
699,200,694,1,1,4
700,200,695,1,1,4
701,200,696,1,1,4
702,200,697,1,1,4
703,200,698,1,1,4
704,200,700,1,1,4
705,200,701,1,1,4
706,200,702,1,1,4
707,200,703,1,2,5
708,200,704,1,1,4
709,200,705,1,2,5
710,200,706,1,1,4
711,200,707,1,1,4
712,200,708,1,1,4
713,200,709,0,1,1
714,200,714,0,1,1
715,200,715,1,2,5
716,200,716,1,2,5
717,200,717,1,2,5
718,200,718,1,2,5
719,200,719,1,2,5
720,201,1,0,0,0
721,201,7,0,0,0
722,201,8,1,0,3
723,201,9,1,0,3
724,201,10,1,0,3
725,201,11,1,0,3
726,201,12,1,0,3
727,201,13,1,0,3
728,201,14,1,0,3
729,201,15,1,0,3
730,201,16,1,0,3
731,201,17,1,0,3
732,201,18,1,0,3
733,201,19,1,0,3
734,201,20,1,0,3
735,201,21,1,0,3
736,201,22,1,0,3
737,201,23,1,0,3
738,201,24,1,0,3
739,201,25,1,0,3
740,201,26,1,0,3
741,201,27,1,0,3
742,201,28,0,2,2
743,201,29,0,2,2
744,201,152,0,2,2
745,201,153,0,2,2
746,201,154,1,1,4
747,201,155,1,2,5
748,201,156,1,1,4
749,201,157,0,2,2
750,201,158,0,2,2
751,201,209,0,0,0
752,201,210,0,0,0
753,201,211,1,2,5
754,201,212,1,1,4
755,201,213,1,2,5
756,201,214,0,0,0
757,201,549,1,2,5
758,201,550,0,2,2
759,201,551,1,2,5
760,201,691,1,1,4
761,201,692,1,1,4
762,201,693,1,1,4
763,201,694,1,1,4
764,201,695,1,1,4
765,201,696,1,1,4
766,201,697,1,1,4
767,201,698,1,1,4
768,201,699,1,1,4
769,201,700,1,1,4
770,201,701,1,1,4
771,201,702,1,1,4
772,201,703,1,1,4
773,201,704,1,1,4
774,201,705,0,2,2
775,201,706,0,2,2
776,201,707,1,1,4
777,201,708,1,1,4
778,201,714,0,1,1
779,201,715,1,2,5
780,201,716,1,2,5
781,201,717,1,2,5
782,201,718,1,2,5
783,201,719,1,2,5
784,202,7,1,0,3
785,202,8,1,0,3
786,202,9,1,0,3
787,202,10,1,0,3
788,202,11,1,0,3
789,202,12,1,0,3
790,202,13,1,0,3
791,202,14,1,0,3
792,202,15,1,0,3
793,202,16,1,0,3
794,202,17,1,0,3
795,202,18,1,0,3
796,202,19,1,0,3
797,202,20,1,0,3
798,202,21,1,0,3
799,202,22,1,0,3
800,202,23,1,0,3
801,202,24,1,0,3
802,202,25,1,0,3
803,202,26,1,0,3
804,202,27,1,0,3
805,202,28,1,2,5
806,202,29,1,2,5
807,202,30,0,2,2
808,202,152,0,2,2
809,202,153,1,2,5
810,202,154,1,1,4
811,202,155,0,2,2
812,202,156,0,2,2
813,202,157,0,2,2
814,202,158,1,1,4
815,202,208,0,1,1
816,202,209,0,0,0
817,202,210,0,0,0
818,202,211,1,0,3
819,202,212,0,0,0
820,202,213,0,1,1
821,202,214,0,0,0
822,202,215,0,1,1
823,202,549,1,2,5
824,202,550,0,0,0
825,202,551,0,2,2
826,202,575,1,1,4
827,202,690,0,2,2
828,202,691,0,2,2
829,202,692,1,1,4
830,202,693,1,1,4
831,202,694,1,1,4
832,202,695,1,1,4
833,202,696,1,1,4
834,202,697,1,1,4
835,202,698,1,1,4
836,202,700,1,1,4
837,202,701,1,2,5
838,202,702,1,2,5
839,202,703,1,1,4
840,202,704,1,1,4
841,202,705,0,2,2
842,202,706,0,2,2
843,202,707,0,2,2
844,202,708,0,2,2
845,202,709,0,2,2
846,202,719,1,0,3
847,203,6,1,0,3
848,203,7,1,0,3
849,203,8,1,0,3
850,203,9,1,0,3
851,203,10,1,0,3
852,203,11,1,0,3
853,203,12,1,0,3
854,203,13,1,0,3
855,203,14,1,0,3
856,203,15,1,0,3
857,203,16,1,0,3
858,203,17,1,0,3
859,203,18,1,0,3
860,203,19,1,0,3
861,203,20,1,0,3
862,203,21,1,0,3
863,203,22,1,0,3
864,203,23,1,0,3
865,203,24,1,0,3
866,203,25,1,0,3
867,203,26,1,0,3
868,203,27,1,0,3
869,203,28,1,2,5
870,203,29,0,2,2
871,203,30,0,2,2
872,203,152,1,1,4
873,203,153,1,1,4
874,203,154,1,1,4
875,203,155,0,2,2
876,203,156,1,1,4
877,203,157,1,1,4
878,203,158,1,1,4
879,203,206,0,0,0
880,203,207,0,0,0
881,203,208,0,0,0
882,203,209,0,0,0
883,203,210,1,0,3
884,203,211,1,0,3
885,203,212,0,0,0
886,203,213,0,0,0
887,203,214,0,1,1
888,203,215,0,1,1
889,203,216,0,1,1
890,203,217,0,1,1
891,203,548,0,0,0
892,203,549,0,0,0
893,203,550,0,0,0
894,203,551,0,0,0
895,203,690,1,2,5
896,203,691,1,2,5
897,203,692,1,1,4
898,203,693,1,1,4
899,203,694,1,1,4
900,203,695,1,1,4
901,203,696,1,1,4
902,203,697,1,1,4
903,203,698,1,1,4
904,203,700,1,1,4
905,203,701,1,1,4
906,203,702,1,2,5
907,203,703,1,1,4
908,203,704,0,2,2
909,203,705,0,2,2
910,203,706,0,2,2
911,203,707,0,2,2
912,203,708,0,2,2
913,203,709,0,2,2
914,204,4,0,1,1
915,204,5,0,1,1
916,204,6,1,0,3
917,204,7,1,0,3
918,204,8,1,0,3
919,204,9,1,0,3
920,204,10,1,0,3
921,204,11,1,0,3
922,204,12,1,0,3
923,204,13,1,0,3
924,204,14,1,0,3
925,204,15,1,0,3
926,204,16,1,0,3
927,204,17,1,0,3
928,204,18,1,0,3
929,204,19,1,0,3
930,204,20,1,0,3
931,204,21,1,0,3
932,204,22,1,0,3
933,204,23,1,0,3
934,204,24,1,0,3
935,204,25,1,0,3
936,204,26,1,0,3
937,204,27,1,0,3
938,204,28,1,2,5
939,204,29,0,2,2
940,204,151,0,2,2
941,204,152,0,2,2
942,204,153,0,2,2
943,204,154,0,2,2
944,204,155,0,2,2
945,204,156,0,2,2
946,204,157,0,2,2
947,204,158,1,1,4
948,204,198,0,1,1
949,204,206,0,0,0
950,204,207,0,0,0
951,204,208,0,0,0
952,204,209,0,0,0
953,204,210,1,0,3
954,204,211,0,0,0
955,204,212,0,1,1
956,204,213,0,1,1
957,204,214,1,1,4
958,204,215,0,1,1
959,204,216,0,1,1
960,204,217,0,1,1
961,204,547,0,0,0
962,204,548,0,0,0
963,204,549,0,0,0
964,204,550,0,0,0
965,204,551,0,0,0
966,204,688,0,2,2
967,204,689,1,2,5
968,204,690,0,0,0
969,204,691,1,2,5
970,204,692,0,0,0
971,204,693,0,0,0
972,204,694,1,1,4
973,204,695,1,1,4
974,204,697,1,1,4
975,204,701,1,1,4
976,204,702,1,1,4
977,204,703,1,1,4
978,204,704,1,2,5
979,204,705,1,2,5
980,204,706,1,2,5
981,204,707,1,2,5
982,204,708,0,2,2
983,204,709,0,2,2
984,204,710,0,2,2
985,205,2,1,1,4
986,205,3,0,1,1
987,205,4,0,1,1
988,205,5,0,1,1
989,205,6,0,1,1
990,205,7,0,1,1
991,205,8,1,0,3
992,205,9,1,0,3
993,205,10,1,0,3
994,205,11,1,0,3
995,205,12,1,0,3
996,205,13,1,0,3
997,205,14,1,0,3
998,205,15,1,0,3
999,205,16,1,0,3
1000,205,17,1,2,5
1001,205,18,1,2,5
1002,205,19,1,0,3
1003,205,20,1,0,3
1004,205,21,1,0,3
1005,205,22,1,0,3
1006,205,23,1,0,3
1007,205,24,1,0,3
1008,205,25,1,0,3
1009,205,26,1,0,3
1010,205,27,1,0,3
1011,205,150,0,1,1
1012,205,151,0,2,2
1013,205,152,0,2,2
1014,205,153,0,2,2
1015,205,154,0,2,2
1016,205,155,0,2,2
1017,205,156,0,2,2
1018,205,157,0,2,2
1019,205,158,0,2,2
1020,205,159,0,2,2
1021,205,204,0,0,0
1022,205,205,0,0,0
1023,205,206,0,0,0
1024,205,207,0,0,0
1025,205,208,0,0,0
1026,205,209,0,0,0
1027,205,210,0,0,0
1028,205,211,0,0,0
1029,205,212,0,0,0
1030,205,213,0,1,1
1031,205,214,0,1,1
1032,205,215,0,1,1
1033,205,216,0,1,1
1034,205,217,0,1,1
1035,205,242,0,1,1
1036,205,546,0,0,0
1037,205,547,0,0,0
1038,205,548,1,0,3
1039,205,549,0,0,0
1040,205,550,0,0,0
1041,205,551,0,0,0
1042,205,687,0,0,0
1043,205,689,0,0,0
1044,205,690,0,0,0
1045,205,691,0,0,0
1046,205,692,0,0,0
1047,205,693,0,0,0
1048,205,697,1,1,4
1049,205,699,1,1,4
1050,205,700,1,1,4
1051,205,701,0,2,2
1052,205,702,0,2,2
1053,205,703,1,1,4
1054,205,704,1,1,4
1055,205,705,1,2,5
1056,205,706,1,2,5
1057,205,707,1,2,5
1058,205,708,1,2,5
1059,205,709,0,2,2
1060,205,710,0,2,2
1061,205,711,1,2,5
1062,206,2,1,1,4
1063,206,3,1,2,5
1064,206,4,1,2,5
1065,206,5,0,1,1
1066,206,6,0,1,1
1067,206,7,0,1,1
1068,206,8,1,0,3
1069,206,9,1,0,3
1070,206,10,1,0,3
1071,206,11,1,0,3
1072,206,12,1,0,3
1073,206,13,1,0,3
1074,206,14,1,0,3
1075,206,15,1,0,3
1076,206,16,1,0,3
1077,206,19,1,0,3
1078,206,20,1,0,3
1079,206,21,1,0,3
1080,206,22,1,0,3
1081,206,23,1,0,3
1082,206,25,1,0,3
1083,206,26,1,0,3
1084,206,27,1,0,3
1085,206,150,0,1,1
1086,206,151,0,2,2
1087,206,152,0,2,2
1088,206,153,0,2,2
1089,206,154,0,2,2
1090,206,155,0,2,2
1091,206,156,0,2,2
1092,206,157,0,2,2
1093,206,158,0,2,2
1094,206,159,0,2,2
1095,206,202,0,1,1
1096,206,203,0,1,1
1097,206,204,0,0,0
1098,206,205,0,0,0
1099,206,206,0,0,0
1100,206,207,0,0,0
1101,206,208,0,0,0
1102,206,209,0,0,0
1103,206,210,0,0,0
1104,206,211,0,0,0
1105,206,212,0,0,0
1106,206,213,1,1,4
1107,206,214,0,0,0
1108,206,215,0,1,1
1109,206,216,0,0,0
1110,206,217,0,1,1
1111,206,546,0,0,0
1112,206,547,1,0,3
1113,206,548,0,0,0
1114,206,549,0,0,0
1115,206,550,0,0,0
1116,206,551,0,0,0
1117,206,690,0,0,0
1118,206,691,0,0,0
1119,206,692,0,0,0
1120,206,693,0,0,0
1121,206,695,0,0,0
1122,206,696,0,0,0
1123,206,697,1,1,4
1124,206,698,1,1,4
1125,206,699,1,2,5
1126,206,700,1,1,4
1127,206,701,1,1,4
1128,206,702,0,2,2
1129,206,703,0,2,2
1130,206,704,1,1,4
1131,206,705,0,2,2
1132,206,706,1,2,5
1133,206,707,1,2,5
1134,206,709,1,2,5
1135,206,710,1,2,5
1136,206,711,1,2,5
1137,206,712,0,2,2
1138,206,713,0,2,2
1139,207,0,1,1,4
1140,207,1,1,2,5
1141,207,2,1,2,5
1142,207,3,1,2,5
1143,207,4,1,2,5
1144,207,5,0,1,1
1145,207,6,0,1,1
1146,207,7,1,2,5
1147,207,8,0,1,1
1148,207,9,1,2,5
1149,207,10,1,2,5
1150,207,11,1,2,5
1151,207,12,1,2,5
1152,207,26,1,2,5
1153,207,152,0,2,2
1154,207,153,0,2,2
1155,207,154,0,2,2
1156,207,155,0,2,2
1157,207,156,1,1,4
1158,207,157,1,1,4
1159,207,158,1,1,4
1160,207,159,1,1,4
1161,207,197,1,1,4
1162,207,199,1,1,4
1163,207,200,0,1,1
1164,207,201,1,1,4
1165,207,202,1,1,4
1166,207,203,0,0,0
1167,207,204,0,0,0
1168,207,205,0,0,0
1169,207,206,0,0,0
1170,207,207,0,0,0
1171,207,209,0,0,0
1172,207,210,0,1,1
1173,207,211,0,1,1
1174,207,212,0,1,1
1175,207,213,0,1,1
1176,207,216,0,0,0
1177,207,217,0,1,1
1178,207,541,1,0,3
1179,207,542,1,0,3
1180,207,543,1,0,3
1181,207,544,1,0,3
1182,207,546,1,0,3
1183,207,547,1,0,3
1184,207,548,0,0,0
1185,207,549,0,0,0
1186,207,550,0,0,0
1187,207,551,0,0,0
1188,207,552,0,0,0
1189,207,687,0,0,0
1190,207,688,0,0,0
1191,207,689,0,0,0
1192,207,692,0,0,0
1193,207,693,0,0,0
1194,207,694,0,0,0
1195,207,695,0,0,0
1196,207,696,1,1,4
1197,207,697,1,1,4
1198,207,698,1,1,4
1199,207,699,0,2,2
1200,207,700,0,2,2
1201,207,701,0,2,2
1202,207,702,0,2,2
1203,207,703,1,2,5
1204,207,704,1,2,5
1205,207,706,0,2,2
1206,207,707,1,2,5
1207,207,708,1,2,5
1208,207,709,1,2,5
1209,207,710,1,2,5
1210,207,711,1,2,5
1211,207,712,1,2,5
1212,207,713,0,2,2
1213,208,0,1,1,4
1214,208,1,1,2,5
1215,208,2,1,2,5
1216,208,3,1,2,5
1217,208,149,1,1,4
1218,208,150,0,2,2
1219,208,151,0,2,2
1220,208,153,1,1,4
1221,208,154,1,1,4
1222,208,155,1,1,4
1223,208,156,0,2,2
1224,208,157,1,1,4
1225,208,158,1,1,4
1226,208,197,1,1,4
1227,208,198,1,1,4
1228,208,199,1,1,4
1229,208,200,1,1,4
1230,208,201,1,1,4
1231,208,202,1,1,4
1232,208,203,1,1,4
1233,208,204,0,0,0
1234,208,205,0,0,0
1235,208,206,0,0,0
1236,208,207,0,0,0
1237,208,208,0,0,0
1238,208,209,0,0,0
1239,208,210,0,0,0
1240,208,211,0,1,1
1241,208,212,0,1,1
1242,208,213,0,1,1
1243,208,214,0,1,1
1244,208,215,0,0,0
1245,208,216,0,1,1
1246,208,217,0,1,1
1247,208,537,0,2,2
1248,208,538,0,2,2
1249,208,539,0,2,2
1250,208,540,0,2,2
1251,208,541,1,0,3
1252,208,551,0,0,0
1253,208,552,0,0,0
1254,208,687,0,0,0
1255,208,692,0,2,2
1256,208,693,0,0,0
1257,208,694,0,0,0
1258,208,695,0,0,0
1259,208,698,1,1,4
1260,208,699,0,2,2
1261,208,700,0,2,2
1262,208,701,0,2,2
1263,208,702,0,2,2
1264,208,703,1,1,4
1265,208,707,0,2,2
1266,208,708,0,2,2
1267,208,709,1,1,4
1268,208,710,1,1,4
1269,208,711,0,2,2
1270,208,712,1,2,5
1271,208,713,1,2,5
1272,209,0,0,2,2
1273,209,1,1,2,5
1274,209,2,0,0,0
1275,209,149,0,1,1
1276,209,150,0,2,2
1277,209,151,0,2,2
1278,209,152,0,2,2
1279,209,153,0,2,2
1280,209,154,0,2,2
1281,209,155,0,2,2
1282,209,156,0,2,2
1283,209,157,0,2,2
1284,209,158,1,1,4
1285,209,196,1,1,4
1286,209,197,1,1,4
1287,209,198,1,1,4
1288,209,199,1,1,4
1289,209,200,0,1,1
1290,209,201,1,1,4
1291,209,202,1,1,4
1292,209,203,1,1,4
1293,209,204,1,1,4
1294,209,205,0,0,0
1295,209,206,1,1,4
1296,209,207,1,1,4
1297,209,208,0,1,1
1298,209,209,0,0,0
1299,209,210,0,0,0
1300,209,211,0,1,1
1301,209,212,0,1,1
1302,209,213,0,1,1
1303,209,215,0,1,1
1304,209,216,0,1,1
1305,209,242,1,2,5
1306,209,536,0,2,2
1307,209,537,0,0,0
1308,209,538,0,2,2
1309,209,539,0,2,2
1310,209,540,0,2,2
1311,209,550,0,0,0
1312,209,551,0,0,0
1313,209,552,0,0,0
1314,209,691,0,2,2
1315,209,692,0,2,2
1316,209,693,0,2,2
1317,209,694,0,1,1
1318,209,695,0,0,0
1319,209,696,0,0,0
1320,209,698,1,1,4
1321,209,699,0,2,2
1322,209,700,1,1,4
1323,209,701,0,2,2
1324,209,707,0,2,2
1325,209,708,0,2,2
1326,209,709,0,2,2
1327,209,710,1,1,4
1328,209,711,0,2,2
1329,209,712,1,2,5
1330,209,713,1,1,4
1331,210,0,1,2,5
1332,210,1,0,0,0
1333,210,2,0,0,0
1334,210,149,1,1,4
1335,210,150,1,1,4
1336,210,151,1,1,4
1337,210,152,1,1,4
1338,210,153,0,2,2
1339,210,154,0,2,2
1340,210,155,1,1,4
1341,210,156,0,2,2
1342,210,157,1,1,4
1343,210,158,1,1,4
1344,210,159,1,1,4
1345,210,197,1,1,4
1346,210,198,1,1,4
1347,210,199,1,1,4
1348,210,200,0,1,1
1349,210,201,1,1,4
1350,210,202,1,1,4
1351,210,203,1,1,4
1352,210,204,1,1,4
1353,210,205,1,1,4
1354,210,206,1,1,4
1355,210,207,1,1,4
1356,210,208,1,1,4
1357,210,209,1,1,4
1358,210,210,1,2,5
1359,210,211,0,1,1
1360,210,212,0,1,1
1361,210,213,0,1,1
1362,210,214,1,1,4
1363,210,215,0,1,1
1364,210,216,0,1,1
1365,210,535,0,2,2
1366,210,536,0,2,2
1367,210,537,0,2,2
1368,210,538,0,2,2
1369,210,539,0,2,2
1370,210,540,0,2,2
1371,210,541,0,0,0
1372,210,690,0,2,2
1373,210,691,0,2,2
1374,210,692,0,2,2
1375,210,693,0,2,2
1376,210,694,0,0,0
1377,210,695,0,0,0
1378,210,696,0,0,0
1379,210,698,1,1,4
1380,210,699,0,2,2
1381,210,707,0,2,2
1382,210,708,0,2,2
1383,210,709,1,2,5
1384,210,710,0,2,2
1385,210,711,0,2,2
1386,210,712,1,1,4
1387,210,714,1,1,4
1388,210,715,1,1,4
1389,210,716,1,1,4
1390,210,717,0,2,2
1391,210,718,1,1,4
1392,210,719,1,1,4
1393,211,0,1,1,4
1394,211,1,0,2,2
1395,211,151,0,2,2
1396,211,153,0,2,2
1397,211,154,0,2,2
1398,211,155,1,1,4
1399,211,156,0,2,2
1400,211,157,1,1,4
1401,211,158,1,1,4
1402,211,159,0,2,2
1403,211,196,1,1,4
1404,211,197,1,1,4
1405,211,198,0,1,1
1406,211,199,0,1,1
1407,211,200,1,2,5
1408,211,201,1,1,4
1409,211,202,1,1,4
1410,211,203,1,1,4
1411,211,204,1,1,4
1412,211,205,1,1,4
1413,211,206,1,1,4
1414,211,207,1,1,4
1415,211,208,1,2,5
1416,211,209,0,1,1
1417,211,210,0,1,1
1418,211,211,0,1,1
1419,211,212,0,1,1
1420,211,213,0,1,1
1421,211,215,0,1,1
1422,211,240,1,2,5
1423,211,241,1,2,5
1424,211,242,1,2,5
1425,211,536,0,0,0
1426,211,539,0,2,2
1427,211,687,0,0,0
1428,211,688,0,0,0
1429,211,689,0,0,0
1430,211,690,0,0,0
1431,211,691,0,2,2
1432,211,692,0,0,0
1433,211,693,0,0,0
1434,211,694,0,0,0
1435,211,695,0,0,0
1436,211,696,0,0,0
1437,211,709,0,2,2
1438,211,710,1,2,5
1439,211,711,1,1,4
1440,211,712,1,2,5
1441,211,713,0,2,2
1442,211,714,0,2,2
1443,211,715,1,1,4
1444,211,716,1,2,5
1445,211,717,1,2,5
1446,211,718,1,1,4
1447,211,719,1,1,4
1448,212,147,0,1,1
1449,212,155,0,2,2
1450,212,156,1,1,4
1451,212,157,1,1,4
1452,212,158,0,2,2
1453,212,159,0,2,2
1454,212,160,0,2,2
1455,212,161,0,2,2
1456,212,190,1,1,4
1457,212,196,1,1,4
1458,212,198,1,1,4
1459,212,199,0,1,1
1460,212,200,1,2,5
1461,212,201,1,1,4
1462,212,202,1,1,4
1463,212,203,1,1,4
1464,212,204,1,1,4
1465,212,205,1,1,4
1466,212,206,1,1,4
1467,212,207,1,1,4
1468,212,208,0,0,0
1469,212,209,0,0,0
1470,212,210,1,0,3
1471,212,211,0,1,1
1472,212,212,0,1,1
1473,212,241,0,0,0
1474,212,242,1,2,5
1475,212,539,0,2,2
1476,212,540,0,2,2
1477,212,687,0,0,0
1478,212,688,0,0,0
1479,212,689,0,0,0
1480,212,690,0,0,0
1481,212,691,0,0,0
1482,212,692,0,0,0
1483,212,693,0,0,0
1484,212,694,0,0,0
1485,212,709,1,2,5
1486,212,710,1,2,5
1487,212,711,1,1,4
1488,212,712,1,2,5
1489,212,713,1,2,5
1490,212,719,1,2,5
1491,213,147,0,1,1
1492,213,155,0,2,2
1493,213,156,0,2,2
1494,213,157,1,1,4
1495,213,158,0,2,2
1496,213,159,0,2,2
1497,213,160,0,2,2
1498,213,161,0,2,2
1499,213,162,0,2,2
1500,213,163,0,2,2
1501,213,189,1,1,4
1502,213,190,1,1,4
1503,213,191,1,1,4
1504,213,192,0,0,0
1505,213,196,1,1,4
1506,213,197,1,1,4
1507,213,198,1,1,4
1508,213,199,0,0,0
1509,213,200,0,0,0
1510,213,201,1,1,4
1511,213,202,1,1,4
1512,213,203,1,1,4
1513,213,204,1,1,4
1514,213,205,1,1,4
1515,213,206,1,1,4
1516,213,207,1,1,4
1517,213,208,0,0,0
1518,213,209,0,0,0
1519,213,210,0,1,1
1520,213,211,0,1,1
1521,213,212,0,1,1
1522,213,213,1,0,3
1523,213,241,0,0,0
1524,213,242,0,1,1
1525,213,243,0,1,1
1526,213,532,1,2,5
1527,213,533,1,2,5
1528,213,534,1,2,5
1529,213,539,0,2,2
1530,213,540,0,2,2
1531,213,688,1,0,3
1532,213,689,1,0,3
1533,213,690,0,0,0
1534,213,691,0,0,0
1535,213,692,0,0,0
1536,213,693,0,0,0
1537,213,694,0,0,0
1538,213,711,1,2,5
1539,213,712,0,2,2
1540,213,713,1,1,4
1541,213,719,0,0,0
1542,214,147,0,1,1
1543,214,155,0,2,2
1544,214,156,0,2,2
1545,214,157,0,2,2
1546,214,158,0,2,2
1547,214,159,0,2,2
1548,214,160,0,2,2
1549,214,161,0,2,2
1550,214,162,0,2,2
1551,214,190,1,1,4
1552,214,191,1,1,4
1553,214,192,1,1,4
1554,214,195,1,1,4
1555,214,197,1,1,4
1556,214,198,1,1,4
1557,214,199,1,1,4
1558,214,200,1,1,4
1559,214,201,1,1,4
1560,214,202,1,1,4
1561,214,203,1,1,4
1562,214,204,1,1,4
1563,214,205,1,1,4
1564,214,206,1,1,4
1565,214,207,1,1,4
1566,214,208,0,1,1
1567,214,209,0,0,0
1568,214,210,0,1,1
1569,214,211,0,1,1
1570,214,241,0,0,0
1571,214,242,0,0,0
1572,214,243,0,1,1
1573,214,521,1,2,5
1574,214,522,1,2,5
1575,214,523,1,2,5
1576,214,530,1,2,5
1577,214,531,1,2,5
1578,214,532,1,2,5
1579,214,533,1,2,5
1580,214,534,1,2,5
1581,214,536,1,2,5
1582,214,688,0,0,0
1583,214,689,1,1,4
1584,214,690,0,0,0
1585,214,691,0,2,2
1586,214,692,0,0,0
1587,215,147,0,1,1
1588,215,155,0,2,2
1589,215,156,0,2,2
1590,215,157,0,2,2
1591,215,158,0,2,2
1592,215,159,0,2,2
1593,215,160,0,2,2
1594,215,161,0,2,2
1595,215,162,0,2,2
1596,215,163,0,2,2
1597,215,164,0,2,2
1598,215,165,0,2,2
1599,215,190,1,1,4
1600,215,191,0,1,1
1601,215,192,0,1,1
1602,215,193,1,1,4
1603,215,194,1,1,4
1604,215,195,1,1,4
1605,215,196,1,1,4
1606,215,197,1,1,4
1607,215,198,1,1,4
1608,215,199,1,1,4
1609,215,200,1,1,4
1610,215,201,1,1,4
1611,215,202,1,1,4
1612,215,203,1,1,4
1613,215,204,1,2,5
1614,215,206,1,1,4
1615,215,207,1,1,4
1616,215,208,0,0,0
1617,215,209,0,1,1
1618,215,210,0,1,1
1619,215,241,1,2,5
1620,215,243,0,1,1
1621,215,522,1,2,5
1622,215,523,1,2,5
1623,215,526,1,2,5
1624,215,527,1,2,5
1625,215,528,1,2,5
1626,215,529,1,2,5
1627,215,530,1,2,5
1628,215,531,1,2,5
1629,215,532,1,2,5
1630,215,533,1,2,5
1631,215,534,1,2,5
1632,215,535,1,2,5
1633,215,536,1,2,5
1634,215,537,1,2,5
1635,215,538,1,2,5
1636,215,539,0,2,2
1637,216,155,0,2,2
1638,216,156,0,2,2
1639,216,157,0,2,2
1640,216,159,1,1,4
1641,216,160,1,1,4
1642,216,161,1,1,4
1643,216,163,0,1,1
1644,216,164,0,2,2
1645,216,165,0,2,2
1646,216,166,0,2,2
1647,216,189,0,1,1
1648,216,190,0,0,0
1649,216,191,0,0,0
1650,216,192,0,1,1
1651,216,193,0,0,0
1652,216,194,1,1,4
1653,216,195,1,1,4
1654,216,196,1,1,4
1655,216,197,1,1,4
1656,216,198,1,1,4
1657,216,199,1,1,4
1658,216,200,1,1,4
1659,216,201,1,1,4
1660,216,202,0,1,1
1661,216,203,0,1,1
1662,216,204,0,1,1
1663,216,205,1,0,3
1664,216,206,0,0,0
1665,216,207,0,0,0
1666,216,208,0,1,1
1667,216,209,0,1,1
1668,216,515,1,2,5
1669,216,516,1,2,5
1670,216,517,1,2,5
1671,216,519,1,2,5
1672,216,520,1,2,5
1673,216,521,1,2,5
1674,216,522,1,2,5
1675,216,523,1,2,5
1676,216,524,0,0,0
1677,216,526,1,2,5
1678,216,527,1,2,5
1679,216,528,1,2,5
1680,216,535,1,2,5
1681,216,537,1,2,5
1682,216,538,1,2,5
1683,216,539,1,2,5
1684,216,540,1,2,5
1685,216,541,1,2,5
1686,217,146,0,1,1
1687,217,155,0,1,1
1688,217,156,0,2,2
1689,217,157,1,1,4
1690,217,158,0,2,2
1691,217,159,0,2,2
1692,217,160,1,1,4
1693,217,164,0,2,2
1694,217,165,0,2,2
1695,217,166,0,2,2
1696,217,167,0,2,2
1697,217,189,0,1,1
1698,217,190,0,0,0
1699,217,191,0,1,1
1700,217,192,0,1,1
1701,217,193,1,1,4
1702,217,194,0,1,1
1703,217,195,1,1,4
1704,217,196,1,1,4
1705,217,197,1,1,4
1706,217,198,1,1,4
1707,217,199,1,1,4
1708,217,200,1,1,4
1709,217,201,1,1,4
1710,217,202,0,1,1
1711,217,203,0,1,1
1712,217,204,0,1,1
1713,217,205,0,1,1
1714,217,206,0,1,1
1715,217,207,0,1,1
1716,217,208,0,1,1
1717,217,218,1,2,5
1718,217,219,1,2,5
1719,217,513,1,2,5
1720,217,514,1,2,5
1721,217,515,1,2,5
1722,217,516,1,2,5
1723,217,517,1,2,5
1724,217,520,1,2,5
1725,217,521,1,2,5
1726,217,522,1,2,5
1727,217,523,1,2,5
1728,217,526,1,2,5
1729,217,527,1,2,5
1730,217,538,1,2,5
1731,217,539,1,2,5
1732,217,542,1,2,5
1733,217,576,0,0,0
1734,217,577,0,0,0
1735,217,578,1,0,3
1736,217,579,1,0,3
1737,217,580,1,0,3
1738,217,581,1,0,3
1739,218,146,0,1,1
1740,218,156,0,2,2
1741,218,157,0,2,2
1742,218,158,0,2,2
1743,218,159,0,2,2
1744,218,160,1,1,4
1745,218,164,0,2,2
1746,218,165,0,2,2
1747,218,166,0,1,1
1748,218,167,0,1,1
1749,218,168,0,2,2
1750,218,189,0,1,1
1751,218,190,0,1,1
1752,218,191,0,1,1
1753,218,192,0,1,1
1754,218,193,1,1,4
1755,218,194,0,1,1
1756,218,195,1,1,4
1757,218,196,0,1,1
1758,218,197,1,1,4
1759,218,198,1,1,4
1760,218,199,1,1,4
1761,218,200,1,1,4
1762,218,201,0,1,1
1763,218,202,0,1,1
1764,218,203,0,1,1
1765,218,204,0,1,1
1766,218,205,0,1,1
1767,218,206,0,1,1
1768,218,208,0,1,1
1769,218,209,0,1,1
1770,218,210,0,1,1
1771,218,218,0,1,1
1772,218,219,1,2,5
1773,218,220,1,2,5
1774,218,512,1,2,5
1775,218,513,1,2,5
1776,218,514,1,2,5
1777,218,515,1,2,5
1778,218,516,1,2,5
1779,218,520,1,2,5
1780,218,525,1,2,5
1781,218,526,1,2,5
1782,218,539,1,2,5
1783,218,575,0,0,0
1784,218,576,0,0,0
1785,218,577,1,0,3
1786,218,578,1,0,3
1787,218,579,1,0,3
1788,219,156,0,2,2
1789,219,157,0,2,2
1790,219,158,0,2,2
1791,219,159,0,2,2
1792,219,160,1,1,4
1793,219,163,0,2,2
1794,219,164,0,2,2
1795,219,165,0,2,2
1796,219,166,1,1,4
1797,219,168,0,2,2
1798,219,169,0,2,2
1799,219,188,1,1,4
1800,219,189,0,1,1
1801,219,190,0,1,1
1802,219,191,0,1,1
1803,219,192,0,1,1
1804,219,193,0,1,1
1805,219,194,0,1,1
1806,219,195,1,1,4
1807,219,199,1,1,4
1808,219,200,1,1,4
1809,219,201,1,1,4
1810,219,202,0,1,1
1811,219,203,0,1,1
1812,219,204,0,1,1
1813,219,205,0,1,1
1814,219,206,0,1,1
1815,219,207,0,1,1
1816,219,208,0,1,1
1817,219,210,0,1,1
1818,219,220,0,2,2
1819,219,510,1,2,5
1820,219,511,1,2,5
1821,219,512,1,2,5
1822,219,513,1,2,5
1823,219,514,1,2,5
1824,219,516,1,2,5
1825,219,525,1,2,5
1826,219,526,1,2,5
1827,220,146,0,1,1
1828,220,157,1,2,5
1829,220,158,1,2,5
1830,220,159,1,1,4
1831,220,160,1,1,4
1832,220,164,0,2,2
1833,220,165,0,2,2
1834,220,166,0,2,2
1835,220,167,0,2,2
1836,220,169,0,2,2
1837,220,170,0,2,2
1838,220,171,0,2,2
1839,220,172,0,2,2
1840,220,187,1,1,4
1841,220,188,0,1,1
1842,220,189,0,1,1
1843,220,190,1,0,3
1844,220,191,0,1,1
1845,220,192,0,1,1
1846,220,193,0,1,1
1847,220,194,0,1,1
1848,220,195,0,1,1
1849,220,198,1,1,4
1850,220,199,0,1,1
1851,220,201,0,1,1
1852,220,202,0,1,1
1853,220,203,0,1,1
1854,220,204,0,1,1
1855,220,205,0,1,1
1856,220,206,0,1,1
1857,220,207,1,1,4
1858,220,208,1,1,4
1859,220,209,0,1,1
1860,220,210,0,1,1
1861,220,211,0,1,1
1862,220,509,1,2,5
1863,220,510,1,2,5
1864,220,511,1,2,5
1865,220,512,1,2,5
1866,220,566,0,0,0
1867,220,567,0,1,1
1868,220,568,0,0,0
1869,220,569,0,0,0
1870,221,146,0,1,1
1871,221,147,1,1,4
1872,221,157,1,2,5
1873,221,158,1,1,4
1874,221,159,1,1,4
1875,221,160,1,1,4
1876,221,164,1,2,5
1877,221,165,1,1,4
1878,221,166,1,2,5
1879,221,167,0,2,2
1880,221,168,0,2,2
1881,221,169,0,2,2
1882,221,170,0,2,2
1883,221,171,0,2,2
1884,221,172,1,2,5
1885,221,186,1,1,4
1886,221,187,1,1,4
1887,221,188,0,1,1
1888,221,189,0,1,1
1889,221,190,0,1,1
1890,221,191,0,1,1
1891,221,192,0,1,1
1892,221,193,0,1,1
1893,221,194,0,1,1
1894,221,195,0,1,1
1895,221,196,1,0,3
1896,221,198,0,1,1
1897,221,199,0,1,1
1898,221,200,0,1,1
1899,221,201,0,1,1
1900,221,202,0,1,1
1901,221,203,0,1,1
1902,221,204,0,1,1
1903,221,205,0,1,1
1904,221,207,0,1,1
1905,221,208,1,1,4
1906,221,210,0,1,1
1907,221,211,0,1,1
1908,221,212,0,1,1
1909,221,510,1,2,5
1910,221,511,1,2,5
1911,221,512,1,2,5
1912,221,566,0,0,0
1913,221,567,0,0,0
1914,222,146,0,2,2
1915,222,147,0,2,2
1916,222,156,1,1,4
1917,222,157,1,1,4
1918,222,158,1,2,5
1919,222,159,1,1,4
1920,222,160,1,1,4
1921,222,166,1,1,4
1922,222,167,1,1,4
1923,222,168,1,1,4
1924,222,169,1,1,4
1925,222,170,0,1,1
1926,222,171,0,2,2
1927,222,172,0,2,2
1928,222,185,1,1,4
1929,222,186,1,1,4
1930,222,187,1,1,4
1931,222,188,0,1,1
1932,222,189,0,1,1
1933,222,190,0,1,1
1934,222,191,0,1,1
1935,222,192,0,1,1
1936,222,193,0,1,1
1937,222,194,0,1,1
1938,222,195,0,1,1
1939,222,196,0,1,1
1940,222,197,0,1,1
1941,222,198,0,1,1
1942,222,199,0,1,1
1943,222,202,0,1,1
1944,222,203,1,1,4
1945,222,204,0,1,1
1946,222,205,0,1,1
1947,222,206,1,1,4
1948,222,207,0,1,1
1949,222,208,0,1,1
1950,222,209,0,1,1
1951,222,210,0,1,1
1952,222,211,0,1,1
1953,222,212,0,1,1
1954,222,213,1,1,4
1955,222,510,1,2,5
1956,222,563,0,0,0
1957,222,564,0,0,0
1958,222,565,0,0,0
1959,223,147,1,1,4
1960,223,166,1,1,4
1961,223,167,1,1,4
1962,223,168,1,1,4
1963,223,169,0,1,1
1964,223,170,0,1,1
1965,223,171,0,2,2
1966,223,173,1,2,5
1967,223,184,1,1,4
1968,223,185,1,1,4
1969,223,186,0,1,1
1970,223,188,0,1,1
1971,223,189,0,1,1
1972,223,190,0,1,1
1973,223,191,0,1,1
1974,223,192,0,1,1
1975,223,194,0,1,1
1976,223,195,0,1,1
1977,223,196,0,1,1
1978,223,197,0,1,1
1979,223,198,0,1,1
1980,223,201,0,2,2
1981,223,206,1,1,4
1982,223,207,1,1,4
1983,223,208,1,1,4
1984,223,209,1,1,4
1985,223,210,1,1,4
1986,223,211,1,1,4
1987,223,212,1,1,4
1988,223,213,1,1,4
1989,223,214,1,1,4
1990,223,220,0,2,2
1991,223,221,0,2,2
1992,223,510,1,2,5
1993,223,563,0,0,0
1994,224,167,1,1,4
1995,224,168,0,1,1
1996,224,169,1,1,4
1997,224,173,1,2,5
1998,224,174,1,2,5
1999,224,175,0,2,2
2000,224,177,1,1,4
2001,224,178,1,1,4
2002,224,180,1,1,4
2003,224,184,1,1,4
2004,224,186,0,1,1
2005,224,188,0,1,1
2006,224,189,0,0,0
2007,224,190,0,1,1
2008,224,191,0,0,0
2009,224,192,0,1,1
2010,224,193,0,1,1
2011,224,194,0,1,1
2012,224,195,1,0,3
2013,224,196,0,1,1
2014,224,197,0,1,1
2015,224,198,1,2,5
2016,224,199,1,2,5
2017,224,201,1,2,5
2018,224,203,0,1,1
2019,224,205,0,0,0
2020,224,206,0,1,1
2021,224,207,1,1,4
2022,224,208,1,1,4
2023,224,209,1,1,4
2024,224,210,1,1,4
2025,224,211,1,1,4
2026,224,212,1,1,4
2027,224,213,1,1,4
2028,224,214,1,1,4
2029,224,215,1,1,4
2030,224,216,1,1,4
2031,224,217,0,2,2
2032,224,218,1,1,4
2033,224,219,1,1,4
2034,224,220,0,2,2
2035,224,221,0,2,2
2036,224,222,0,2,2
2037,224,223,0,2,2
2038,224,224,1,2,5
2039,224,225,1,2,5
2040,224,522,1,2,5
2041,224,560,0,0,0
2042,225,172,1,2,5
2043,225,173,1,1,4
2044,225,174,1,1,4
2045,225,175,1,2,5
2046,225,176,1,2,5
2047,225,177,1,1,4
2048,225,178,1,1,4
2049,225,179,1,1,4
2050,225,180,1,1,4
2051,225,184,1,1,4
2052,225,187,0,1,1
2053,225,188,0,1,1
2054,225,190,1,0,3
2055,225,191,0,0,0
2056,225,192,1,1,4
2057,225,193,1,1,4
2058,225,194,0,1,1
2059,225,195,0,1,1
2060,225,196,0,1,1
2061,225,197,0,1,1
2062,225,199,1,2,5
2063,225,200,1,2,5
2064,225,204,0,1,1
2065,225,205,0,1,1
2066,225,206,1,2,5
2067,225,208,0,1,1
2068,225,209,1,1,4
2069,225,210,1,1,4
2070,225,211,1,1,4
2071,225,212,1,1,4
2072,225,213,1,1,4
2073,225,214,1,1,4
2074,225,215,1,1,4
2075,225,216,1,1,4
2076,225,217,0,2,2
2077,225,218,1,1,4
2078,225,219,1,1,4
2079,225,220,1,1,4
2080,225,221,1,1,4
2081,225,222,0,1,1
2082,225,223,0,2,2
2083,225,224,0,2,2
2084,225,225,1,2,5
2085,225,521,1,2,5
2086,225,522,1,2,5
2087,225,557,0,0,0
2088,225,558,0,0,0
2089,226,148,0,2,2
2090,226,149,1,1,4
2091,226,171,1,1,4
2092,226,172,1,2,5
2093,226,173,0,2,2
2094,226,174,1,2,5
2095,226,175,1,2,5
2096,226,176,1,2,5
2097,226,177,1,1,4
2098,226,178,1,1,4
2099,226,179,1,1,4
2100,226,180,1,1,4
2101,226,182,1,1,4
2102,226,187,0,1,1
2103,226,188,0,1,1
2104,226,191,0,1,1
2105,226,192,0,1,1
2106,226,193,0,1,1
2107,226,194,0,1,1
2108,226,195,0,1,1
2109,226,196,0,1,1
2110,226,197,0,1,1
2111,226,198,1,2,5
2112,226,209,0,1,1
2113,226,210,1,1,4
2114,226,211,1,1,4
2115,226,212,1,1,4
2116,226,213,1,1,4
2117,226,214,1,1,4
2118,226,215,1,1,4
2119,226,216,1,1,4
2120,226,217,0,2,2
2121,226,218,0,2,2
2122,226,219,0,2,2
2123,226,220,1,1,4
2124,226,221,1,1,4
2125,226,222,1,1,4
2126,226,223,0,2,2
2127,226,224,1,1,4
2128,226,225,0,1,1
2129,226,226,0,1,1
2130,226,227,0,1,1
2131,226,228,0,1,1
2132,226,229,0,1,1
2133,226,230,0,1,1
2134,226,231,1,2,5
2135,226,232,0,1,1
2136,226,521,1,2,5
2137,227,148,1,1,4
2138,227,149,0,2,2
2139,227,173,0,2,2
2140,227,174,1,2,5
2141,227,175,1,2,5
2142,227,176,1,1,4
2143,227,177,1,1,4
2144,227,178,1,1,4
2145,227,179,1,1,4
2146,227,180,0,1,1
2147,227,181,1,1,4
2148,227,182,1,1,4
2149,227,184,1,1,4
2150,227,186,1,1,4
2151,227,188,0,1,1
2152,227,191,0,1,1
2153,227,192,0,1,1
2154,227,195,0,1,1
2155,227,196,0,1,1
2156,227,199,0,1,1
2157,227,202,1,2,5
2158,227,203,0,1,1
2159,227,208,0,1,1
2160,227,212,1,1,4
2161,227,213,1,1,4
2162,227,214,1,1,4
2163,227,215,1,1,4
2164,227,216,1,1,4
2165,227,217,1,1,4
2166,227,218,0,2,2
2167,227,219,1,1,4
2168,227,220,1,1,4
2169,227,221,1,1,4
2170,227,222,1,1,4
2171,227,223,1,1,4
2172,227,224,1,1,4
2173,227,225,1,1,4
2174,227,226,0,0,0
2175,227,227,0,1,1
2176,227,228,0,1,1
2177,227,229,0,1,1
2178,227,230,1,1,4
2179,227,231,1,1,4
2180,227,232,0,1,1
2181,227,233,0,1,1
2182,228,135,0,0,0
2183,228,136,1,2,5
2184,228,139,0,2,2
2185,228,175,1,2,5
2186,228,176,1,2,5
2187,228,177,1,1,4
2188,228,178,1,1,4
2189,228,179,1,1,4
2190,228,180,1,1,4
2191,228,181,1,1,4
2192,228,182,1,1,4
2193,228,183,1,1,4
2194,228,184,1,1,4
2195,228,185,1,1,4
2196,228,188,0,1,1
2197,228,192,0,1,1
2198,228,193,0,1,1
2199,228,194,0,1,1
2200,228,195,1,2,5
2201,228,196,1,2,5
2202,228,209,1,1,4
2203,228,210,1,1,4
2204,228,211,1,1,4
2205,228,212,1,1,4
2206,228,213,1,1,4
2207,228,214,1,1,4
2208,228,215,1,1,4
2209,228,216,1,1,4
2210,228,217,1,1,4
2211,228,218,1,1,4
2212,228,219,1,1,4
2213,228,220,1,1,4
2214,228,221,1,1,4
2215,228,222,1,1,4
2216,228,223,1,1,4
2217,228,224,1,1,4
2218,228,225,0,2,2
2219,228,226,1,1,4
2220,228,227,0,1,1
2221,228,228,0,1,1
2222,228,229,0,1,1
2223,228,230,1,1,4
2224,228,231,1,1,4
2225,228,232,0,1,1
2226,228,233,0,1,1
2227,228,234,0,1,1
2228,229,135,0,0,0
2229,229,136,0,0,0
2230,229,137,1,2,5
2231,229,138,1,2,5
2232,229,139,1,2,5
2233,229,140,1,2,5
2234,229,141,1,2,5
2235,229,175,1,2,5
2236,229,176,1,2,5
2237,229,177,1,1,4
2238,229,178,1,1,4
2239,229,179,0,1,1
2240,229,180,1,1,4
2241,229,181,1,1,4
2242,229,182,1,1,4
2243,229,183,0,2,2
2244,229,184,0,1,1
2245,229,185,0,1,1
2246,229,186,1,1,4
2247,229,191,0,1,1
2248,229,192,0,1,1
2249,229,193,0,1,1
2250,229,194,0,1,1
2251,229,208,0,1,1
2252,229,209,0,1,1
2253,229,210,1,1,4
2254,229,211,1,1,4
2255,229,212,1,1,4
2256,229,213,1,1,4
2257,229,214,1,1,4
2258,229,215,0,2,2
2259,229,216,1,1,4
2260,229,217,1,1,4
2261,229,218,1,1,4
2262,229,219,1,1,4
2263,229,220,1,1,4
2264,229,221,1,1,4
2265,229,222,0,2,2
2266,229,223,1,1,4
2267,229,224,1,1,4
2268,229,225,0,2,2
2269,229,226,1,2,5
2270,229,227,1,1,4
2271,229,228,1,1,4
2272,229,229,1,1,4
2273,229,230,0,1,1
2274,229,231,0,1,1
2275,229,232,0,1,1
2276,229,233,0,1,1
2277,229,234,0,1,1
2278,229,235,0,1,1
2279,229,505,1,2,5
2280,230,134,0,0,0
2281,230,136,0,0,0
2282,230,137,0,0,0
2283,230,138,1,2,5
2284,230,139,1,2,5
2285,230,140,0,0,0
2286,230,141,1,2,5
2287,230,175,0,1,1
2288,230,176,0,1,1
2289,230,177,0,0,0
2290,230,178,1,1,4
2291,230,179,1,2,5
2292,230,180,1,2,5
2293,230,181,1,1,4
2294,230,182,1,1,4
2295,230,183,1,1,4
2296,230,184,1,1,4
2297,230,185,1,1,4
2298,230,186,1,1,4
2299,230,189,0,1,1
2300,230,190,1,1,4
2301,230,192,0,1,1
2302,230,193,0,1,1
2303,230,194,0,1,1
2304,230,196,1,2,5
2305,230,197,0,1,1
2306,230,198,0,1,1
2307,230,199,0,1,1
2308,230,208,0,1,1
2309,230,209,0,1,1
2310,230,213,1,1,4
2311,230,214,1,1,4
2312,230,215,1,1,4
2313,230,216,1,1,4
2314,230,218,1,1,4
2315,230,219,1,1,4
2316,230,220,1,1,4
2317,230,221,1,1,4
2318,230,222,0,2,2
2319,230,223,0,2,2
2320,230,224,1,2,5
2321,230,225,0,2,2
2322,230,226,0,2,2
2323,230,227,1,1,4
2324,230,228,1,1,4
2325,230,229,1,1,4
2326,230,230,1,1,4
2327,230,231,1,1,4
2328,230,232,0,1,1
2329,230,233,0,1,1
2330,230,234,0,1,1
2331,230,235,0,1,1
2332,230,236,0,1,1
2333,230,504,0,0,0
2334,231,64,0,0,0
2335,231,65,1,2,5
2336,231,133,1,1,4
2337,231,136,0,0,0
2338,231,137,0,0,0
2339,231,138,0,0,0
2340,231,175,1,2,5
2341,231,176,1,0,3
2342,231,177,1,1,4
2343,231,178,1,1,4
2344,231,179,1,2,5
2345,231,180,0,1,1
2346,231,181,1,2,5
2347,231,182,0,1,1
2348,231,184,1,2,5
2349,231,185,1,1,4
2350,231,186,1,1,4
2351,231,187,1,1,4
2352,231,192,0,1,1
2353,231,193,0,1,1
2354,231,197,0,1,1
2355,231,207,0,1,1
2356,231,208,0,1,1
2357,231,211,0,2,2
2358,231,212,0,2,2
2359,231,214,0,2,2
2360,231,216,0,1,1
2361,231,217,1,1,4
2362,231,218,1,1,4
2363,231,219,1,1,4
2364,231,220,1,1,4
2365,231,221,1,1,4
2366,231,222,1,1,4
2367,231,223,1,1,4
2368,231,224,1,2,5
2369,231,225,1,2,5
2370,231,226,1,2,5
2371,231,227,1,1,4
2372,231,228,1,1,4
2373,231,229,1,1,4
2374,231,230,1,1,4
2375,231,231,1,1,4
2376,231,232,1,1,4
2377,231,233,1,1,4
2378,231,234,0,1,1
2379,231,235,0,1,1
2380,231,236,0,1,1
2381,231,237,0,1,1
2382,232,132,0,0,0
2383,232,135,0,0,0
2384,232,136,0,0,0
2385,232,137,0,0,0
2386,232,138,1,1,4
2387,232,173,0,0,0
2388,232,174,0,0,0
2389,232,175,0,0,0
2390,232,176,1,2,5
2391,232,177,1,2,5
2392,232,178,1,2,5
2393,232,179,1,2,5
2394,232,180,1,2,5
2395,232,181,1,2,5
2396,232,182,0,2,2
2397,232,183,1,2,5
2398,232,184,1,2,5
2399,232,185,0,2,2
2400,232,186,0,2,2
2401,232,187,0,2,2
2402,232,188,1,1,4
2403,232,192,0,1,1
2404,232,193,0,1,1
2405,232,198,0,1,1
2406,232,200,0,1,1
2407,232,204,0,1,1
2408,232,206,0,1,1
2409,232,218,1,1,4
2410,232,219,1,1,4
2411,232,220,1,1,4
2412,232,221,1,1,4
2413,232,222,1,1,4
2414,232,223,1,1,4
2415,232,224,1,1,4
2416,232,225,1,2,5
2417,232,226,1,2,5
2418,232,227,1,1,4
2419,232,228,1,1,4
2420,232,229,1,1,4
2421,232,230,1,1,4
2422,232,231,1,1,4
2423,232,232,1,1,4
2424,232,233,1,1,4
2425,232,234,0,1,1
2426,232,235,0,1,1
2427,232,236,0,1,1
2428,232,237,0,1,1
2429,232,238,0,1,1
2430,233,135,0,2,2
2431,233,136,0,0,0
2432,233,137,0,0,0
2433,233,169,0,2,2
2434,233,170,0,2,2
2435,233,171,0,2,2
2436,233,172,0,2,2
2437,233,173,0,0,0
2438,233,174,0,0,0
2439,233,175,0,0,0
2440,233,176,0,1,1
2441,233,177,1,1,4
2442,233,178,1,1,4
2443,233,179,0,1,1
2444,233,181,0,2,2
2445,233,183,0,0,0
2446,233,184,0,0,0
2447,233,185,0,2,2
2448,233,186,0,2,2
2449,233,187,0,0,0
2450,233,188,0,2,2
2451,233,189,1,0,3
2452,233,195,0,1,1
2453,233,197,0,1,1
2454,233,202,0,1,1
2455,233,206,0,2,2
2456,233,207,0,1,1
2457,233,208,1,2,5
2458,233,209,0,2,2
2459,233,212,0,2,2
2460,233,218,1,1,4
2461,233,219,1,1,4
2462,233,220,1,1,4
2463,233,221,1,1,4
2464,233,222,1,1,4
2465,233,223,0,2,2
2466,233,224,1,1,4
2467,233,225,0,2,2
2468,233,226,1,1,4
2469,233,227,1,1,4
2470,233,228,1,1,4
2471,233,229,1,1,4
2472,233,230,1,1,4
2473,233,231,1,1,4
2474,233,232,1,1,4
2475,233,233,1,1,4
2476,233,234,0,1,1
2477,233,235,0,1,1
2478,233,236,0,1,1
2479,233,237,0,1,1
2480,233,238,0,1,1
2481,234,134,0,0,0
2482,234,135,0,1,1
2483,234,136,0,0,0
2484,234,137,0,1,1
2485,234,138,1,2,5
2486,234,166,0,1,1
2487,234,167,0,1,1
2488,234,168,0,1,1
2489,234,169,0,1,1
2490,234,170,0,1,1
2491,234,171,0,1,1
2492,234,172,0,1,1
2493,234,173,0,1,1
2494,234,174,1,2,5
2495,234,175,1,2,5
2496,234,188,0,2,2
2497,234,189,0,1,1
2498,234,190,0,1,1
2499,234,196,0,1,1
2500,234,197,0,1,1
2501,234,216,1,1,4
2502,234,217,1,1,4
2503,234,218,1,1,4
2504,234,219,1,1,4
2505,234,220,1,1,4
2506,234,221,1,1,4
2507,234,222,0,2,2
2508,234,223,0,2,2
2509,234,224,1,1,4
2510,234,225,1,1,4
2511,234,226,1,1,4
2512,234,227,1,1,4
2513,234,228,1,1,4
2514,234,229,1,1,4
2515,234,230,1,1,4
2516,234,231,1,1,4
2517,234,232,1,1,4
2518,234,233,1,1,4
2519,234,234,1,1,4
2520,234,235,0,1,1
2521,234,236,0,1,1
2522,234,237,0,1,1
2523,234,238,0,1,1
2524,234,239,0,1,1
2525,235,133,1,2,5
2526,235,134,1,2,5
2527,235,135,0,1,1
2528,235,136,0,1,1
2529,235,137,0,1,1
2530,235,138,0,1,1
2531,235,139,0,2,2
2532,235,163,0,2,2
2533,235,164,0,2,2
2534,235,165,0,1,1
2535,235,166,0,1,1
2536,235,167,0,1,1
2537,235,168,0,2,2
2538,235,169,0,2,2
2539,235,170,0,1,1
2540,235,171,0,1,1
2541,235,172,0,0,0
2542,235,174,0,0,0
2543,235,189,0,1,1
2544,235,190,0,1,1
2545,235,197,0,1,1
2546,235,202,0,1,1
2547,235,205,1,2,5
2548,235,213,0,2,2
2549,235,218,0,2,2
2550,235,219,0,2,2
2551,235,220,0,2,2
2552,235,221,1,1,4
2553,235,222,0,2,2
2554,235,223,0,2,2
2555,235,224,1,1,4
2556,235,225,1,1,4
2557,235,226,1,1,4
2558,235,227,1,1,4
2559,235,228,1,1,4
2560,235,229,1,1,4
2561,235,230,1,1,4
2562,235,231,1,1,4
2563,235,232,1,1,4
2564,235,233,1,1,4
2565,235,234,1,1,4
2566,235,235,0,1,1
2567,235,236,0,1,1
2568,235,237,0,1,1
2569,235,238,0,1,1
2570,235,239,0,1,1
2571,235,240,0,1,1
2572,236,132,0,0,0
2573,236,133,0,0,0
2574,236,134,1,1,4
2575,236,135,0,1,1
2576,236,136,0,1,1
2577,236,137,0,1,1
2578,236,138,0,1,1
2579,236,139,0,1,1
2580,236,141,0,0,0
2581,236,161,1,2,5
2582,236,162,1,2,5
2583,236,163,0,2,2
2584,236,164,0,1,1
2585,236,165,0,1,1
2586,236,166,0,2,2
2587,236,167,0,1,1
2588,236,168,1,2,5
2589,236,169,0,1,1
2590,236,205,0,0,0
2591,236,207,0,1,1
2592,236,216,0,0,0
2593,236,218,1,1,4
2594,236,219,1,1,4
2595,236,220,0,2,2
2596,236,221,1,1,4
2597,236,222,1,1,4
2598,236,223,0,2,2
2599,236,224,1,2,5
2600,236,225,1,1,4
2601,236,226,1,1,4
2602,236,227,1,1,4
2603,236,228,1,1,4
2604,236,229,1,1,4
2605,236,230,1,1,4
2606,236,231,1,1,4
2607,236,232,1,1,4
2608,236,233,1,1,4
2609,236,234,0,1,1
2610,236,235,1,1,4
2611,236,236,1,1,4
2612,236,237,0,1,1
2613,236,238,0,1,1
2614,236,239,0,1,1
2615,236,240,0,1,1
2616,237,134,0,0,0
2617,237,136,0,1,1
2618,237,139,0,1,1
2619,237,140,0,1,1
2620,237,141,0,0,0
2621,237,142,1,2,5
2622,237,160,1,2,5
2623,237,161,0,1,1
2624,237,162,0,1,1
2625,237,163,0,1,1
2626,237,164,0,2,2
2627,237,165,0,2,2
2628,237,166,0,2,2
2629,237,167,0,2,2
2630,237,209,1,2,5
2631,237,211,1,2,5
2632,237,214,0,1,1
2633,237,217,1,2,5
2634,237,218,1,1,4
2635,237,219,1,1,4
2636,237,220,1,1,4
2637,237,221,1,1,4
2638,237,222,1,1,4
2639,237,223,1,1,4
2640,237,224,1,1,4
2641,237,225,1,1,4
2642,237,226,1,1,4
2643,237,227,1,1,4
2644,237,228,1,1,4
2645,237,229,1,1,4
2646,237,230,1,2,5
2647,237,231,1,1,4
2648,237,232,0,1,1
2649,237,233,1,1,4
2650,237,234,1,1,4
2651,237,235,1,1,4
2652,237,236,1,1,4
2653,237,237,0,1,1
2654,237,238,0,1,1
2655,237,239,0,1,1
2656,237,240,0,1,1
2657,237,241,0,1,1
2658,237,242,0,1,1
2659,238,61,1,2,5
2660,238,135,1,1,4
2661,238,140,0,1,1
2662,238,141,0,1,1
2663,238,142,0,1,1
2664,238,143,0,0,0
2665,238,144,0,0,0
2666,238,145,0,2,2
2667,238,146,0,2,2
2668,238,160,0,1,1
2669,238,161,0,1,1
2670,238,162,0,1,1
2671,238,163,0,0,0
2672,238,164,1,2,5
2673,238,165,0,2,2
2674,238,204,0,1,1
2675,238,206,0,1,1
2676,238,211,1,2,5
2677,238,213,0,2,2
2678,238,218,0,2,2
2679,238,219,1,1,4
2680,238,220,0,2,2
2681,238,221,1,1,4
2682,238,222,1,1,4
2683,238,223,0,0,0
2684,238,224,1,1,4
2685,238,225,1,1,4
2686,238,226,0,2,2
2687,238,227,0,2,2
2688,238,228,1,1,4
2689,238,229,1,1,4
2690,238,230,1,1,4
2691,238,231,0,1,1
2692,238,232,0,1,1
2693,238,233,0,1,1
2694,238,234,1,1,4
2695,238,235,1,1,4
2696,238,236,1,1,4
2697,238,237,1,1,4
2698,238,238,0,1,1
2699,238,239,0,1,1
2700,238,240,0,1,1
2701,238,241,0,1,1
2702,238,526,1,2,5
2703,239,135,0,0,0
2704,239,136,0,0,0
2705,239,137,0,1,1
2706,239,138,1,2,5
2707,239,139,1,1,4
2708,239,140,0,1,1
2709,239,141,0,1,1
2710,239,142,0,1,1
2711,239,143,0,1,1
2712,239,144,0,1,1
2713,239,145,0,2,2
2714,239,146,0,2,2
2715,239,160,1,1,4
2716,239,161,0,1,1
2717,239,162,0,2,2
2718,239,163,0,1,1
2719,239,218,0,1,1
2720,239,219,0,2,2
2721,239,220,0,2,2
2722,239,221,0,1,1
2723,239,222,1,1,4
2724,239,223,1,1,4
2725,239,224,0,2,2
2726,239,225,0,2,2
2727,239,226,0,2,2
2728,239,227,1,1,4
2729,239,228,1,1,4
2730,239,230,1,1,4
2731,239,231,0,1,1
2732,239,232,0,1,1
2733,239,233,0,1,1
2734,239,234,1,1,4
2735,239,235,1,1,4
2736,239,236,1,1,4
2737,239,237,1,1,4
2738,239,238,0,1,1
2739,239,239,1,1,4
2740,239,240,1,2,5
2741,239,241,1,2,5
2742,239,242,1,2,5
2743,240,61,0,0,0
2744,240,62,1,1,4
2745,240,63,1,2,5
2746,240,134,0,1,1
2747,240,135,1,2,5
2748,240,138,0,0,0
2749,240,139,0,0,0
2750,240,140,0,0,0
2751,240,141,0,1,1
2752,240,142,1,2,5
2753,240,143,0,1,1
2754,240,144,0,1,1
2755,240,145,0,0,0
2756,240,146,0,0,0
2757,240,162,0,0,0
2758,240,213,1,2,5
2759,240,215,1,2,5
2760,240,221,0,1,1
2761,240,223,1,2,5
2762,240,226,1,2,5
2763,240,233,0,1,1
2764,240,236,1,1,4
2765,240,237,1,1,4
2766,240,238,1,1,4
2767,240,239,1,2,5
2768,241,59,0,2,2
2769,241,60,1,1,4
2770,241,61,1,1,4
2771,241,62,1,1,4
2772,241,63,1,1,4
2773,241,64,1,0,3
2774,241,136,0,1,1
2775,241,138,0,0,0
2776,241,139,0,0,0
2777,241,140,0,0,0
2778,241,141,0,0,0
2779,241,142,0,0,0
2780,241,143,0,1,1
2781,241,144,0,0,0
2782,241,145,0,1,1
2783,241,146,0,1,1
2784,241,147,0,2,2
2785,241,153,1,1,4
2786,241,154,1,1,4
2787,241,212,1,2,5
2788,241,215,1,1,4
2789,241,228,0,2,2
2790,241,238,1,2,5
2791,241,239,1,2,5
2792,241,240,1,2,5
2793,241,241,1,2,5
2794,241,536,0,1,1
2795,242,62,1,1,4
2796,242,139,0,0,0
2797,242,140,0,0,0
2798,242,141,0,2,2
2799,242,142,1,2,5
2800,242,143,0,0,0
2801,242,144,0,0,0
2802,242,145,0,2,2
2803,242,146,0,1,1
2804,242,147,0,1,1
2805,242,148,0,2,2
2806,242,149,0,2,2
2807,242,152,1,1,4
2808,242,153,1,1,4
2809,242,154,1,1,4
2810,242,207,0,1,1
2811,242,210,0,1,1
2812,242,217,0,2,2
2813,242,228,0,2,2
2814,242,239,1,2,5
2815,242,534,0,1,1
2816,243,139,1,2,5
2817,243,140,1,2,5
2818,243,141,0,0,0
2819,243,142,0,2,2
2820,243,143,0,0,0
2821,243,144,0,0,0
2822,243,145,0,0,0
2823,243,146,0,2,2
2824,243,147,0,2,2
2825,243,148,1,1,4
2826,243,153,1,1,4
2827,243,154,1,1,4
2828,243,207,0,1,1
2829,243,212,0,1,1
2830,243,216,0,1,1
2831,243,224,1,2,5
2832,244,89,1,0,3
2833,244,140,0,0,0
2834,244,141,0,0,0
2835,244,142,0,2,2
2836,244,143,0,2,2
2837,244,144,0,2,2
2838,244,145,0,0,0
2839,244,146,0,1,1
2840,244,147,1,1,4
2841,244,148,1,1,4
2842,244,149,1,1,4
2843,244,150,0,2,2
2844,244,209,0,1,1
2845,244,212,0,1,1
2846,244,214,0,1,1
2847,244,219,0,1,1
2848,244,233,0,2,2
2849,244,240,1,1,4
2850,244,262,0,0,0
2851,244,535,0,0,0
2852,244,537,0,0,0
2853,245,139,1,2,5
2854,245,140,1,2,5
2855,245,141,1,2,5
2856,245,142,0,2,2
2857,245,143,1,2,5
2858,245,144,1,2,5
2859,245,145,1,2,5
2860,245,146,1,1,4
2861,245,147,0,2,2
2862,245,149,1,1,4
2863,245,220,1,2,5
2864,245,221,0,1,1
2865,245,228,1,2,5
2866,245,231,1,2,5
2867,245,233,0,0,0
2868,245,238,1,2,5
2869,245,262,0,0,0
2870,245,539,0,0,0
2871,246,140,0,0,0
2872,246,141,0,2,2
2873,246,142,1,2,5
2874,246,143,0,0,0
2875,246,144,0,0,0
2876,246,145,1,2,5
2877,246,146,1,1,4
2878,246,148,1,1,4
2879,246,225,1,2,5
2880,246,234,1,2,5
2881,246,238,1,2,5
2882,246,239,1,2,5
2883,246,261,0,0,0
2884,246,262,0,0,0
2885,246,265,0,0,0
2886,246,538,0,0,0
2887,246,539,0,0,0
2888,247,140,1,0,3
2889,247,141,0,0,0
2890,247,142,1,0,3
2891,247,143,1,2,5
2892,247,144,1,2,5
2893,247,145,1,1,4
2894,247,146,0,1,1
2895,247,148,1,1,4
2896,247,220,0,1,1
2897,247,232,1,2,5
2898,247,234,1,2,5
2899,247,235,1,2,5
2900,247,267,0,0,0
2901,247,536,0,0,0
2902,247,539,0,0,0
2903,248,142,0,0,0
2904,248,143,0,0,0
2905,248,144,0,2,2
2906,248,145,1,1,4
2907,248,146,0,1,1
2908,248,147,0,1,1
2909,248,228,0,2,2
2910,248,232,1,2,5
2911,248,235,1,2,5
2912,248,236,1,2,5
2913,248,237,1,2,5
2914,248,271,0,0,0
2915,248,535,1,2,5
2916,248,536,0,0,0
2917,248,537,0,0,0
2918,249,142,0,0,0
2919,249,143,0,0,0
2920,249,144,0,1,1
2921,249,145,0,1,1
2922,249,146,0,1,1
2923,249,147,0,1,1
2924,249,148,0,1,1
2925,249,149,1,1,4
2926,249,150,0,2,2
2927,249,214,0,0,0
2928,249,218,0,2,2
2929,249,234,1,0,3
2930,249,265,0,0,0
2931,249,266,0,0,0
2932,249,267,0,0,0
2933,249,271,0,0,0
2934,249,272,0,0,0
2935,249,536,0,1,1
2936,249,537,0,1,1
2937,250,143,0,1,1
2938,250,144,0,1,1
2939,250,145,0,1,1
2940,250,146,0,1,1
2941,250,148,0,1,1
2942,250,150,0,1,1
2943,250,208,0,2,2
2944,250,229,0,2,2
2945,250,231,1,2,5
2946,250,253,0,0,0
2947,250,254,0,0,0
2948,250,255,0,0,0
2949,250,256,0,0,0
2950,250,267,0,0,0
2951,250,268,0,0,0
2952,250,269,0,0,0
2953,250,270,0,0,0
2954,250,271,0,0,0
2955,250,272,0,0,0
2956,250,274,0,0,0
2957,250,275,0,0,0
2958,250,276,0,0,0
2959,250,534,0,1,1
2960,250,537,0,1,1
2961,251,143,1,2,5
2962,251,145,0,1,1
2963,251,146,0,1,1
2964,251,147,0,1,1
2965,251,148,0,1,1
2966,251,149,0,1,1
2967,251,218,0,1,1
2968,251,227,0,0,0
2969,251,237,0,2,2
2970,251,254,0,0,0
2971,251,255,0,1,1
2972,251,256,0,2,2
2973,251,257,0,2,2
2974,251,258,1,1,4
2975,251,273,0,0,0
2976,251,274,0,0,0
2977,251,275,0,0,0
2978,251,276,0,0,0
2979,251,277,0,0,0
2980,251,278,0,0,0
2981,252,229,0,2,2
2982,252,254,0,0,0
2983,252,255,0,1,1
2984,252,256,0,1,1
2985,252,257,0,2,2
2986,252,273,0,0,0
2987,252,274,0,0,0
2988,252,275,0,0,0
2989,252,276,0,0,0
2990,252,277,0,0,0
2991,252,278,0,0,0
2992,252,279,0,0,0
2993,252,280,0,0,0
2994,252,538,0,1,1
2995,253,65,1,1,4
2996,253,66,0,0,0
2997,253,67,0,0,0
2998,253,228,0,2,2
2999,253,254,0,2,2
3000,253,255,0,0,0
3001,253,256,0,0,0
3002,253,257,0,2,2
3003,253,276,0,0,0
3004,253,277,0,0,0
3005,253,278,0,0,0
3006,253,279,0,0,0
3007,253,280,0,0,0
3008,253,480,0,1,1
3009,253,538,0,1,1
3010,253,540,0,1,1
3011,254,66,1,0,3
3012,254,69,0,0,0
3013,254,217,0,0,0
3014,254,233,0,2,2
3015,254,254,0,0,0
3016,254,255,0,0,0
3017,254,256,0,0,0
3018,254,257,0,1,1
3019,254,278,0,0,0
3020,254,279,0,0,0
3021,254,280,0,0,0
3022,254,281,0,0,0
3023,254,479,0,0,0
3024,255,79,0,0,0
3025,255,80,1,0,3
3026,255,81,1,0,3
3027,255,235,1,2,5
3028,255,254,0,1,1
3029,255,255,0,0,0
3030,255,256,0,0,0
3031,255,279,0,0,0
3032,255,280,0,0,0
3033,255,477,0,0,0
3034,256,79,0,0,0
3035,256,80,0,1,1
3036,256,81,0,0,0
3037,256,220,1,2,5
3038,256,227,0,1,1
3039,256,253,1,2,5
3040,256,254,1,2,5
3041,256,255,1,2,5
3042,256,256,0,1,1
3043,256,279,0,0,0
3044,256,280,0,0,0
3045,257,218,0,2,2
3046,257,280,0,0,0
3047,257,281,0,0,0
3048,257,282,0,0,0
3049,258,54,0,0,0
3050,258,56,0,0,0
3051,258,57,1,1,4
3052,258,226,0,1,1
3053,258,281,0,0,0
3054,258,282,0,0,0
3055,258,476,0,1,1
3056,259,54,0,0,0
3057,259,55,0,0,0
3058,259,56,0,0,0
3059,259,58,0,0,0
3060,259,230,0,1,1
3061,259,233,1,2,5
3062,259,234,1,2,5
3063,259,281,0,0,0
3064,259,282,0,0,0
3065,259,283,0,0,0
3066,260,59,0,0,0
3067,260,66,0,2,2
3068,260,68,0,1,1
3069,260,69,0,1,1
3070,260,70,0,1,1
3071,260,71,0,0,0
3072,260,72,0,2,2
3073,260,232,1,2,5
3074,260,235,1,2,5
3075,260,238,1,2,5
3076,260,247,0,1,1
3077,260,280,0,0,0
3078,260,281,0,0,0
3079,260,282,0,0,0
3080,261,61,0,0,0
3081,261,65,0,0,0
3082,261,66,1,1,4
3083,261,68,0,2,2
3084,261,70,0,0,0
3085,261,71,0,0,0
3086,261,74,0,0,0
3087,261,160,0,2,2
3088,261,232,0,2,2
3089,261,235,1,2,5
3090,261,250,0,1,1
3091,262,54,0,1,1
3092,262,65,0,0,0
3093,262,66,0,0,0
3094,262,67,0,0,0
3095,262,68,0,1,1
3096,262,69,0,1,1
3097,262,70,0,0,0
3098,262,71,0,0,0
3099,262,230,1,2,5
3100,262,239,1,2,5
3101,262,240,1,2,5
3102,262,242,0,2,2
3103,262,248,0,1,1
3104,263,161,0,1,1
3105,263,233,1,2,5
3106,263,234,1,2,5
3107,263,251,0,1,1
3108,264,166,0,1,1
3109,264,239,0,2,2
3110,264,241,1,2,5
3111,264,250,0,1,1
3112,265,244,0,2,2
3113,265,245,0,2,2
3114,265,247,0,0,0
3115,265,248,0,0,0
3116,265,284,0,0,0
3117,265,285,0,0,0
3118,265,286,0,0,0
3119,266,165,0,1,1
3120,266,238,0,1,1
3121,266,283,0,0,0
3122,266,284,0,0,0
3123,266,285,0,0,0
3124,266,286,0,0,0
3125,266,287,0,0,0
3126,266,288,0,0,0
3127,267,252,0,1,1
3128,267,253,0,1,1
3129,267,254,0,1,1
3130,267,284,0,0,0
3131,267,285,0,0,0
3132,267,286,0,0,0
3133,267,287,0,0,0
3134,268,162,0,1,1
3135,268,169,1,2,5
3136,268,243,1,2,5
3137,268,247,0,2,2
3138,268,249,0,2,2
3139,268,250,0,2,2
3140,268,253,0,1,1
3141,268,284,0,0,0
3142,268,285,0,0,0
3143,269,21,0,1,1
3144,269,163,1,2,5
3145,269,246,1,2,5
3146,269,247,1,2,5
3147,269,249,0,2,2
3148,269,250,0,2,2
3149,269,252,0,0,0
3150,269,284,0,0,0
3151,270,18,0,0,0
3152,270,258,0,1,1
3153,270,262,1,2,5
3154,271,17,1,2,5
3155,271,256,0,1,1
3156,271,259,0,1,1
3157,271,260,0,1,1
3158,272,242,1,2,5
3159,272,246,1,2,5
3160,272,253,0,2,2
3161,272,260,0,2,2
3162,272,267,0,0,0
3163,273,242,1,2,5
3164,273,247,1,2,5
3165,273,254,0,2,2
3166,273,261,1,2,5
3167,274,239,0,1,1
3168,274,248,0,2,2
3169,274,249,0,2,2
3170,274,255,0,2,2
3171,274,261,1,2,5
3172,274,262,1,2,5
3173,274,263,1,2,5
3174,274,265,1,2,5
3175,275,243,0,1,1
3176,275,245,1,2,5
3177,275,247,1,2,5
3178,275,249,0,2,2
3179,275,250,0,2,2
3180,275,264,0,1,1
3181,275,268,1,2,5
3182,276,248,1,2,5
3183,276,253,1,2,5
3184,277,247,0,0,0
3185,277,250,0,0,0
